subject,image_file,mask_file,label,z,y,x,positive_voxels
sub-305,sub-305_positive_00000_z0_y120_x76.npy,sub-305_positive_00000_z0_y120_x76.npy,1,0,120,76,6
sub-305,sub-305_positive_00001_z0_y120_x80.npy,sub-305_positive_00001_z0_y120_x80.npy,1,0,120,80,12
sub-305,sub-305_positive_00002_z0_y120_x84.npy,sub-305_positive_00002_z0_y120_x84.npy,1,0,120,84,6
sub-305,sub-305_positive_00003_z0_y128_x76.npy,sub-305_positive_00003_z0_y128_x76.npy,1,0,128,76,6
sub-305,sub-305_positive_00004_z0_y128_x80.npy,sub-305_positive_00004_z0_y128_x80.npy,1,0,128,80,12
sub-305,sub-305_positive_00005_z0_y128_x84.npy,sub-305_positive_00005_z0_y128_x84.npy,1,0,128,84,6
sub-305,sub-305_positive_00006_z8_y120_x76.npy,sub-305_positive_00006_z8_y120_x76.npy,1,8,120,76,6
sub-305,sub-305_positive_00007_z8_y120_x80.npy,sub-305_positive_00007_z8_y120_x80.npy,1,8,120,80,12
sub-305,sub-305_positive_00008_z8_y120_x84.npy,sub-305_positive_00008_z8_y120_x84.npy,1,8,120,84,6
sub-305,sub-305_positive_00009_z8_y128_x76.npy,sub-305_positive_00009_z8_y128_x76.npy,1,8,128,76,6
sub-305,sub-305_positive_00010_z8_y128_x80.npy,sub-305_positive_00010_z8_y128_x80.npy,1,8,128,80,12
sub-305,sub-305_positive_00011_z8_y128_x84.npy,sub-305_positive_00011_z8_y128_x84.npy,1,8,128,84,6
sub-305,sub-305_positive_00012_z24_y40_x144.npy,sub-305_positive_00012_z24_y40_x144.npy,1,24,40,144,13
sub-305,sub-305_positive_00013_z24_y40_x148.npy,sub-305_positive_00013_z24_y40_x148.npy,1,24,40,148,13
sub-305,sub-305_positive_00014_z24_y48_x144.npy,sub-305_positive_00014_z24_y48_x144.npy,1,24,48,144,39
sub-305,sub-305_positive_00015_z24_y48_x148.npy,sub-305_positive_00015_z24_y48_x148.npy,1,24,48,148,39
sub-305,sub-305_positive_00016_z24_y56_x144.npy,sub-305_positive_00016_z24_y56_x144.npy,1,24,56,144,26
sub-305,sub-305_positive_00017_z24_y56_x148.npy,sub-305_positive_00017_z24_y56_x148.npy,1,24,56,148,26
sub-305,sub-305_positive_00018_z32_y40_x144.npy,sub-305_positive_00018_z32_y40_x144.npy,1,32,40,144,15
sub-305,sub-305_positive_00019_z32_y40_x148.npy,sub-305_positive_00019_z32_y40_x148.npy,1,32,40,148,15
sub-305,sub-305_positive_00020_z32_y48_x144.npy,sub-305_positive_00020_z32_y48_x144.npy,1,32,48,144,45
sub-305,sub-305_positive_00021_z32_y48_x148.npy,sub-305_positive_00021_z32_y48_x148.npy,1,32,48,148,45
sub-305,sub-305_positive_00022_z32_y56_x144.npy,sub-305_positive_00022_z32_y56_x144.npy,1,32,56,144,30
sub-305,sub-305_positive_00023_z32_y56_x148.npy,sub-305_positive_00023_z32_y56_x148.npy,1,32,56,148,30
sub-305,sub-305_positive_00024_z40_y40_x144.npy,sub-305_positive_00024_z40_y40_x144.npy,1,40,40,144,2
sub-305,sub-305_positive_00025_z40_y40_x148.npy,sub-305_positive_00025_z40_y40_x148.npy,1,40,40,148,2
sub-305,sub-305_positive_00026_z40_y48_x144.npy,sub-305_positive_00026_z40_y48_x144.npy,1,40,48,144,6
sub-305,sub-305_positive_00027_z40_y48_x148.npy,sub-305_positive_00027_z40_y48_x148.npy,1,40,48,148,6
sub-305,sub-305_positive_00028_z40_y56_x144.npy,sub-305_positive_00028_z40_y56_x144.npy,1,40,56,144,4
sub-305,sub-305_positive_00029_z40_y56_x148.npy,sub-305_positive_00029_z40_y56_x148.npy,1,40,56,148,4
sub-305,sub-305_negative_00030_z40_y168_x76.npy,sub-305_negative_00030_z40_y168_x76.npy,0,40,168,76,0
sub-305,sub-305_negative_00031_z96_y48_x172.npy,sub-305_negative_00031_z96_y48_x172.npy,0,96,48,172,0
sub-305,sub-305_negative_00032_z64_y168_x220.npy,sub-305_negative_00032_z64_y168_x220.npy,0,64,168,220,0
sub-305,sub-305_negative_00033_z48_y16_x0.npy,sub-305_negative_00033_z48_y16_x0.npy,0,48,16,0,0
sub-305,sub-305_negative_00034_z40_y208_x76.npy,sub-305_negative_00034_z40_y208_x76.npy,0,40,208,76,0
sub-305,sub-305_negative_00035_z80_y24_x44.npy,sub-305_negative_00035_z80_y24_x44.npy,0,80,24,44,0
sub-305,sub-305_negative_00036_z16_y0_x48.npy,sub-305_negative_00036_z16_y0_x48.npy,0,16,0,48,0
sub-305,sub-305_negative_00037_z32_y56_x80.npy,sub-305_negative_00037_z32_y56_x80.npy,0,32,56,80,0
sub-305,sub-305_negative_00038_z16_y32_x136.npy,sub-305_negative_00038_z16_y32_x136.npy,0,16,32,136,0
sub-305,sub-305_negative_00039_z72_y72_x76.npy,sub-305_negative_00039_z72_y72_x76.npy,0,72,72,76,0
sub-305,sub-305_negative_00040_z16_y88_x112.npy,sub-305_negative_00040_z16_y88_x112.npy,0,16,88,112,0
sub-305,sub-305_negative_00041_z48_y112_x124.npy,sub-305_negative_00041_z48_y112_x124.npy,0,48,112,124,0
sub-305,sub-305_negative_00042_z40_y152_x28.npy,sub-305_negative_00042_z40_y152_x28.npy,0,40,152,28,0
sub-305,sub-305_negative_00043_z80_y160_x180.npy,sub-305_negative_00043_z80_y160_x180.npy,0,80,160,180,0
sub-305,sub-305_negative_00044_z32_y200_x76.npy,sub-305_negative_00044_z32_y200_x76.npy,0,32,200,76,0
sub-305,sub-305_negative_00045_z72_y8_x40.npy,sub-305_negative_00045_z72_y8_x40.npy,0,72,8,40,0
sub-305,sub-305_negative_00046_z80_y200_x84.npy,sub-305_negative_00046_z80_y200_x84.npy,0,80,200,84,0
sub-305,sub-305_negative_00047_z16_y144_x248.npy,sub-305_negative_00047_z16_y144_x248.npy,0,16,144,248,0
sub-305,sub-305_negative_00048_z88_y120_x240.npy,sub-305_negative_00048_z88_y120_x240.npy,0,88,120,240,0
sub-305,sub-305_negative_00049_z96_y136_x92.npy,sub-305_negative_00049_z96_y136_x92.npy,0,96,136,92,0
sub-305,sub-305_negative_00050_z16_y232_x104.npy,sub-305_negative_00050_z16_y232_x104.npy,0,16,232,104,0
sub-305,sub-305_negative_00051_z88_y240_x60.npy,sub-305_negative_00051_z88_y240_x60.npy,0,88,240,60,0
sub-305,sub-305_negative_00052_z88_y144_x60.npy,sub-305_negative_00052_z88_y144_x60.npy,0,88,144,60,0
sub-305,sub-305_negative_00053_z8_y160_x148.npy,sub-305_negative_00053_z8_y160_x148.npy,0,8,160,148,0
sub-305,sub-305_negative_00054_z16_y16_x208.npy,sub-305_negative_00054_z16_y16_x208.npy,0,16,16,208,0
sub-305,sub-305_negative_00055_z80_y216_x104.npy,sub-305_negative_00055_z80_y216_x104.npy,0,80,216,104,0
sub-305,sub-305_negative_00056_z80_y80_x96.npy,sub-305_negative_00056_z80_y80_x96.npy,0,80,80,96,0
sub-305,sub-305_negative_00057_z16_y112_x92.npy,sub-305_negative_00057_z16_y112_x92.npy,0,16,112,92,0
sub-305,sub-305_negative_00058_z72_y208_x192.npy,sub-305_negative_00058_z72_y208_x192.npy,0,72,208,192,0
sub-305,sub-305_negative_00059_z8_y200_x108.npy,sub-305_negative_00059_z8_y200_x108.npy,0,8,200,108,0
sub-305,sub-305_negative_00060_z24_y24_x152.npy,sub-305_negative_00060_z24_y24_x152.npy,0,24,24,152,0
sub-305,sub-305_negative_00061_z56_y48_x32.npy,sub-305_negative_00061_z56_y48_x32.npy,0,56,48,32,0
sub-305,sub-305_negative_00062_z72_y24_x48.npy,sub-305_negative_00062_z72_y24_x48.npy,0,72,24,48,0
sub-305,sub-305_negative_00063_z48_y200_x164.npy,sub-305_negative_00063_z48_y200_x164.npy,0,48,200,164,0
sub-305,sub-305_negative_00064_z56_y16_x100.npy,sub-305_negative_00064_z56_y16_x100.npy,0,56,16,100,0
sub-305,sub-305_negative_00065_z24_y184_x80.npy,sub-305_negative_00065_z24_y184_x80.npy,0,24,184,80,0
sub-305,sub-305_negative_00066_z88_y184_x124.npy,sub-305_negative_00066_z88_y184_x124.npy,0,88,184,124,0
sub-305,sub-305_negative_00067_z80_y40_x208.npy,sub-305_negative_00067_z80_y40_x208.npy,0,80,40,208,0
sub-305,sub-305_negative_00068_z64_y80_x224.npy,sub-305_negative_00068_z64_y80_x224.npy,0,64,80,224,0
sub-305,sub-305_negative_00069_z72_y240_x104.npy,sub-305_negative_00069_z72_y240_x104.npy,0,72,240,104,0
sub-305,sub-305_negative_00070_z8_y48_x20.npy,sub-305_negative_00070_z8_y48_x20.npy,0,8,48,20,0
sub-305,sub-305_negative_00071_z80_y232_x44.npy,sub-305_negative_00071_z80_y232_x44.npy,0,80,232,44,0
sub-305,sub-305_negative_00072_z56_y24_x24.npy,sub-305_negative_00072_z56_y24_x24.npy,0,56,24,24,0
sub-305,sub-305_negative_00073_z40_y8_x76.npy,sub-305_negative_00073_z40_y8_x76.npy,0,40,8,76,0
sub-305,sub-305_negative_00074_z40_y184_x116.npy,sub-305_negative_00074_z40_y184_x116.npy,0,40,184,116,0
sub-305,sub-305_negative_00075_z48_y40_x192.npy,sub-305_negative_00075_z48_y40_x192.npy,0,48,40,192,0
sub-305,sub-305_negative_00076_z64_y40_x204.npy,sub-305_negative_00076_z64_y40_x204.npy,0,64,40,204,0
sub-305,sub-305_negative_00077_z0_y216_x92.npy,sub-305_negative_00077_z0_y216_x92.npy,0,0,216,92,0
sub-305,sub-305_negative_00078_z72_y208_x204.npy,sub-305_negative_00078_z72_y208_x204.npy,0,72,208,204,0
sub-305,sub-305_negative_00079_z16_y232_x112.npy,sub-305_negative_00079_z16_y232_x112.npy,0,16,232,112,0
sub-305,sub-305_negative_00080_z64_y112_x236.npy,sub-305_negative_00080_z64_y112_x236.npy,0,64,112,236,0
sub-305,sub-305_negative_00081_z88_y160_x228.npy,sub-305_negative_00081_z88_y160_x228.npy,0,88,160,228,0
sub-305,sub-305_negative_00082_z64_y208_x248.npy,sub-305_negative_00082_z64_y208_x248.npy,0,64,208,248,0
sub-305,sub-305_negative_00083_z32_y184_x188.npy,sub-305_negative_00083_z32_y184_x188.npy,0,32,184,188,0
sub-305,sub-305_negative_00084_z40_y192_x124.npy,sub-305_negative_00084_z40_y192_x124.npy,0,40,192,124,0
sub-305,sub-305_negative_00085_z48_y0_x156.npy,sub-305_negative_00085_z48_y0_x156.npy,0,48,0,156,0
sub-305,sub-305_negative_00086_z96_y0_x100.npy,sub-305_negative_00086_z96_y0_x100.npy,0,96,0,100,0
sub-305,sub-305_negative_00087_z48_y160_x96.npy,sub-305_negative_00087_z48_y160_x96.npy,0,48,160,96,0
sub-305,sub-305_negative_00088_z72_y128_x152.npy,sub-305_negative_00088_z72_y128_x152.npy,0,72,128,152,0
sub-305,sub-305_negative_00089_z72_y160_x52.npy,sub-305_negative_00089_z72_y160_x52.npy,0,72,160,52,0
sub-305,sub-305_negative_00090_z40_y48_x240.npy,sub-305_negative_00090_z40_y48_x240.npy,0,40,48,240,0
sub-305,sub-305_negative_00091_z32_y200_x44.npy,sub-305_negative_00091_z32_y200_x44.npy,0,32,200,44,0
sub-305,sub-305_negative_00092_z80_y0_x200.npy,sub-305_negative_00092_z80_y0_x200.npy,0,80,0,200,0
sub-305,sub-305_negative_00093_z0_y240_x196.npy,sub-305_negative_00093_z0_y240_x196.npy,0,0,240,196,0
sub-305,sub-305_negative_00094_z64_y64_x196.npy,sub-305_negative_00094_z64_y64_x196.npy,0,64,64,196,0
sub-305,sub-305_negative_00095_z64_y216_x44.npy,sub-305_negative_00095_z64_y216_x44.npy,0,64,216,44,0
sub-305,sub-305_negative_00096_z80_y176_x200.npy,sub-305_negative_00096_z80_y176_x200.npy,0,80,176,200,0
sub-305,sub-305_negative_00097_z8_y24_x140.npy,sub-305_negative_00097_z8_y24_x140.npy,0,8,24,140,0
sub-305,sub-305_negative_00098_z24_y144_x104.npy,sub-305_negative_00098_z24_y144_x104.npy,0,24,144,104,0
sub-305,sub-305_negative_00099_z8_y64_x52.npy,sub-305_negative_00099_z8_y64_x52.npy,0,8,64,52,0
sub-305,sub-305_negative_00100_z96_y144_x92.npy,sub-305_negative_00100_z96_y144_x92.npy,0,96,144,92,0
sub-305,sub-305_negative_00101_z72_y200_x232.npy,sub-305_negative_00101_z72_y200_x232.npy,0,72,200,232,0
sub-305,sub-305_negative_00102_z0_y136_x172.npy,sub-305_negative_00102_z0_y136_x172.npy,0,0,136,172,0
sub-305,sub-305_negative_00103_z88_y24_x200.npy,sub-305_negative_00103_z88_y24_x200.npy,0,88,24,200,0
sub-305,sub-305_negative_00104_z72_y16_x204.npy,sub-305_negative_00104_z72_y16_x204.npy,0,72,16,204,0
sub-305,sub-305_negative_00105_z40_y160_x148.npy,sub-305_negative_00105_z40_y160_x148.npy,0,40,160,148,0
sub-305,sub-305_negative_00106_z88_y32_x24.npy,sub-305_negative_00106_z88_y32_x24.npy,0,88,32,24,0
sub-305,sub-305_negative_00107_z16_y128_x96.npy,sub-305_negative_00107_z16_y128_x96.npy,0,16,128,96,0
sub-305,sub-305_negative_00108_z32_y176_x148.npy,sub-305_negative_00108_z32_y176_x148.npy,0,32,176,148,0
sub-305,sub-305_negative_00109_z0_y200_x180.npy,sub-305_negative_00109_z0_y200_x180.npy,0,0,200,180,0
sub-305,sub-305_negative_00110_z8_y48_x216.npy,sub-305_negative_00110_z8_y48_x216.npy,0,8,48,216,0
sub-305,sub-305_negative_00111_z48_y120_x60.npy,sub-305_negative_00111_z48_y120_x60.npy,0,48,120,60,0
sub-305,sub-305_negative_00112_z96_y152_x204.npy,sub-305_negative_00112_z96_y152_x204.npy,0,96,152,204,0
sub-305,sub-305_negative_00113_z40_y168_x116.npy,sub-305_negative_00113_z40_y168_x116.npy,0,40,168,116,0
sub-305,sub-305_negative_00114_z32_y8_x240.npy,sub-305_negative_00114_z32_y8_x240.npy,0,32,8,240,0
sub-305,sub-305_negative_00115_z80_y112_x76.npy,sub-305_negative_00115_z80_y112_x76.npy,0,80,112,76,0
sub-305,sub-305_negative_00116_z64_y48_x32.npy,sub-305_negative_00116_z64_y48_x32.npy,0,64,48,32,0
sub-305,sub-305_negative_00117_z64_y192_x200.npy,sub-305_negative_00117_z64_y192_x200.npy,0,64,192,200,0
sub-305,sub-305_negative_00118_z48_y24_x64.npy,sub-305_negative_00118_z48_y24_x64.npy,0,48,24,64,0
sub-305,sub-305_negative_00119_z80_y32_x36.npy,sub-305_negative_00119_z80_y32_x36.npy,0,80,32,36,0
sub-305,sub-305_negative_00120_z40_y80_x156.npy,sub-305_negative_00120_z40_y80_x156.npy,0,40,80,156,0
sub-305,sub-305_negative_00121_z32_y144_x192.npy,sub-305_negative_00121_z32_y144_x192.npy,0,32,144,192,0
sub-305,sub-305_negative_00122_z72_y160_x204.npy,sub-305_negative_00122_z72_y160_x204.npy,0,72,160,204,0
sub-305,sub-305_negative_00123_z8_y168_x108.npy,sub-305_negative_00123_z8_y168_x108.npy,0,8,168,108,0
sub-305,sub-305_negative_00124_z64_y224_x132.npy,sub-305_negative_00124_z64_y224_x132.npy,0,64,224,132,0
sub-305,sub-305_negative_00125_z32_y72_x40.npy,sub-305_negative_00125_z32_y72_x40.npy,0,32,72,40,0
sub-305,sub-305_negative_00126_z8_y32_x220.npy,sub-305_negative_00126_z8_y32_x220.npy,0,8,32,220,0
sub-305,sub-305_negative_00127_z56_y80_x128.npy,sub-305_negative_00127_z56_y80_x128.npy,0,56,80,128,0
sub-305,sub-305_negative_00128_z40_y208_x48.npy,sub-305_negative_00128_z40_y208_x48.npy,0,40,208,48,0
sub-305,sub-305_negative_00129_z80_y200_x108.npy,sub-305_negative_00129_z80_y200_x108.npy,0,80,200,108,0
sub-208,sub-208_positive_00000_z80_y56_x100.npy,sub-208_positive_00000_z80_y56_x100.npy,1,80,56,100,11
sub-208,sub-208_positive_00001_z80_y56_x104.npy,sub-208_positive_00001_z80_y56_x104.npy,1,80,56,104,11
sub-208,sub-208_positive_00002_z80_y64_x100.npy,sub-208_positive_00002_z80_y64_x100.npy,1,80,64,100,11
sub-208,sub-208_positive_00003_z80_y64_x104.npy,sub-208_positive_00003_z80_y64_x104.npy,1,80,64,104,11
sub-208,sub-208_positive_00004_z88_y56_x100.npy,sub-208_positive_00004_z88_y56_x100.npy,1,88,56,100,11
sub-208,sub-208_positive_00005_z88_y56_x104.npy,sub-208_positive_00005_z88_y56_x104.npy,1,88,56,104,11
sub-208,sub-208_positive_00006_z88_y64_x100.npy,sub-208_positive_00006_z88_y64_x100.npy,1,88,64,100,11
sub-208,sub-208_positive_00007_z88_y64_x104.npy,sub-208_positive_00007_z88_y64_x104.npy,1,88,64,104,11
sub-208,sub-208_negative_00008_z56_y200_x212.npy,sub-208_negative_00008_z56_y200_x212.npy,0,56,200,212,0
sub-208,sub-208_negative_00009_z128_y216_x116.npy,sub-208_negative_00009_z128_y216_x116.npy,0,128,216,116,0
sub-208,sub-208_negative_00010_z96_y8_x124.npy,sub-208_negative_00010_z96_y8_x124.npy,0,96,8,124,0
sub-208,sub-208_negative_00011_z64_y88_x148.npy,sub-208_negative_00011_z64_y88_x148.npy,0,64,88,148,0
sub-208,sub-208_negative_00012_z64_y16_x164.npy,sub-208_negative_00012_z64_y16_x164.npy,0,64,16,164,0
sub-208,sub-208_negative_00013_z104_y232_x172.npy,sub-208_negative_00013_z104_y232_x172.npy,0,104,232,172,0
sub-208,sub-208_negative_00014_z16_y184_x44.npy,sub-208_negative_00014_z16_y184_x44.npy,0,16,184,44,0
sub-208,sub-208_negative_00015_z40_y200_x176.npy,sub-208_negative_00015_z40_y200_x176.npy,0,40,200,176,0
sub-208,sub-208_negative_00016_z16_y232_x8.npy,sub-208_negative_00016_z16_y232_x8.npy,0,16,232,8,0
sub-208,sub-208_negative_00017_z96_y208_x112.npy,sub-208_negative_00017_z96_y208_x112.npy,0,96,208,112,0
sub-208,sub-208_negative_00018_z24_y64_x76.npy,sub-208_negative_00018_z24_y64_x76.npy,0,24,64,76,0
sub-208,sub-208_negative_00019_z64_y224_x88.npy,sub-208_negative_00019_z64_y224_x88.npy,0,64,224,88,0
sub-208,sub-208_negative_00020_z56_y184_x20.npy,sub-208_negative_00020_z56_y184_x20.npy,0,56,184,20,0
sub-208,sub-208_negative_00021_z112_y184_x80.npy,sub-208_negative_00021_z112_y184_x80.npy,0,112,184,80,0
sub-208,sub-208_negative_00022_z48_y152_x196.npy,sub-208_negative_00022_z48_y152_x196.npy,0,48,152,196,0
sub-208,sub-208_negative_00023_z96_y120_x136.npy,sub-208_negative_00023_z96_y120_x136.npy,0,96,120,136,0
sub-208,sub-208_negative_00024_z112_y232_x72.npy,sub-208_negative_00024_z112_y232_x72.npy,0,112,232,72,0
sub-208,sub-208_negative_00025_z24_y144_x112.npy,sub-208_negative_00025_z24_y144_x112.npy,0,24,144,112,0
sub-208,sub-208_negative_00026_z120_y224_x128.npy,sub-208_negative_00026_z120_y224_x128.npy,0,120,224,128,0
sub-208,sub-208_negative_00027_z136_y88_x216.npy,sub-208_negative_00027_z136_y88_x216.npy,0,136,88,216,0
sub-208,sub-208_negative_00028_z32_y16_x100.npy,sub-208_negative_00028_z32_y16_x100.npy,0,32,16,100,0
sub-208,sub-208_negative_00029_z128_y136_x140.npy,sub-208_negative_00029_z128_y136_x140.npy,0,128,136,140,0
sub-208,sub-208_negative_00030_z128_y8_x128.npy,sub-208_negative_00030_z128_y8_x128.npy,0,128,8,128,0
sub-208,sub-208_negative_00031_z16_y64_x240.npy,sub-208_negative_00031_z16_y64_x240.npy,0,16,64,240,0
sub-208,sub-208_negative_00032_z16_y208_x172.npy,sub-208_negative_00032_z16_y208_x172.npy,0,16,208,172,0
sub-208,sub-208_negative_00033_z120_y16_x88.npy,sub-208_negative_00033_z120_y16_x88.npy,0,120,16,88,0
sub-208,sub-208_negative_00034_z112_y72_x76.npy,sub-208_negative_00034_z112_y72_x76.npy,0,112,72,76,0
sub-208,sub-208_negative_00035_z24_y96_x48.npy,sub-208_negative_00035_z24_y96_x48.npy,0,24,96,48,0
sub-208,sub-208_negative_00036_z104_y152_x184.npy,sub-208_negative_00036_z104_y152_x184.npy,0,104,152,184,0
sub-208,sub-208_negative_00037_z16_y120_x108.npy,sub-208_negative_00037_z16_y120_x108.npy,0,16,120,108,0
sub-208,sub-208_negative_00038_z32_y72_x76.npy,sub-208_negative_00038_z32_y72_x76.npy,0,32,72,76,0
sub-208,sub-208_negative_00039_z72_y224_x192.npy,sub-208_negative_00039_z72_y224_x192.npy,0,72,224,192,0
sub-208,sub-208_negative_00040_z96_y144_x4.npy,sub-208_negative_00040_z96_y144_x4.npy,0,96,144,4,0
sub-208,sub-208_negative_00041_z72_y104_x112.npy,sub-208_negative_00041_z72_y104_x112.npy,0,72,104,112,0
sub-208,sub-208_negative_00042_z72_y184_x200.npy,sub-208_negative_00042_z72_y184_x200.npy,0,72,184,200,0
sub-208,sub-208_negative_00043_z40_y40_x156.npy,sub-208_negative_00043_z40_y40_x156.npy,0,40,40,156,0
sub-208,sub-208_negative_00044_z128_y64_x124.npy,sub-208_negative_00044_z128_y64_x124.npy,0,128,64,124,0
sub-208,sub-208_negative_00045_z112_y24_x100.npy,sub-208_negative_00045_z112_y24_x100.npy,0,112,24,100,0
sub-208,sub-208_negative_00046_z88_y128_x232.npy,sub-208_negative_00046_z88_y128_x232.npy,0,88,128,232,0
sub-208,sub-208_negative_00047_z104_y192_x128.npy,sub-208_negative_00047_z104_y192_x128.npy,0,104,192,128,0
sub-208,sub-208_negative_00048_z8_y152_x156.npy,sub-208_negative_00048_z8_y152_x156.npy,0,8,152,156,0
sub-208,sub-208_negative_00049_z120_y32_x104.npy,sub-208_negative_00049_z120_y32_x104.npy,0,120,32,104,0
sub-208,sub-208_negative_00050_z72_y192_x168.npy,sub-208_negative_00050_z72_y192_x168.npy,0,72,192,168,0
sub-208,sub-208_negative_00051_z48_y232_x36.npy,sub-208_negative_00051_z48_y232_x36.npy,0,48,232,36,0
sub-208,sub-208_negative_00052_z56_y224_x212.npy,sub-208_negative_00052_z56_y224_x212.npy,0,56,224,212,0
sub-208,sub-208_negative_00053_z64_y128_x152.npy,sub-208_negative_00053_z64_y128_x152.npy,0,64,128,152,0
sub-208,sub-208_negative_00054_z88_y72_x232.npy,sub-208_negative_00054_z88_y72_x232.npy,0,88,72,232,0
sub-208,sub-208_negative_00055_z8_y48_x148.npy,sub-208_negative_00055_z8_y48_x148.npy,0,8,48,148,0
sub-208,sub-208_negative_00056_z104_y152_x236.npy,sub-208_negative_00056_z104_y152_x236.npy,0,104,152,236,0
sub-208,sub-208_negative_00057_z136_y232_x152.npy,sub-208_negative_00057_z136_y232_x152.npy,0,136,232,152,0
sub-208,sub-208_negative_00058_z88_y176_x112.npy,sub-208_negative_00058_z88_y176_x112.npy,0,88,176,112,0
sub-208,sub-208_negative_00059_z128_y32_x220.npy,sub-208_negative_00059_z128_y32_x220.npy,0,128,32,220,0
sub-208,sub-208_negative_00060_z96_y64_x104.npy,sub-208_negative_00060_z96_y64_x104.npy,0,96,64,104,0
sub-208,sub-208_negative_00061_z48_y136_x172.npy,sub-208_negative_00061_z48_y136_x172.npy,0,48,136,172,0
sub-208,sub-208_negative_00062_z64_y0_x52.npy,sub-208_negative_00062_z64_y0_x52.npy,0,64,0,52,0
sub-208,sub-208_negative_00063_z64_y72_x176.npy,sub-208_negative_00063_z64_y72_x176.npy,0,64,72,176,0
sub-208,sub-208_negative_00064_z128_y152_x72.npy,sub-208_negative_00064_z128_y152_x72.npy,0,128,152,72,0
sub-208,sub-208_negative_00065_z72_y48_x88.npy,sub-208_negative_00065_z72_y48_x88.npy,0,72,48,88,0
sub-208,sub-208_negative_00066_z104_y48_x68.npy,sub-208_negative_00066_z104_y48_x68.npy,0,104,48,68,0
sub-208,sub-208_negative_00067_z104_y80_x232.npy,sub-208_negative_00067_z104_y80_x232.npy,0,104,80,232,0
sub-208,sub-208_negative_00068_z56_y48_x184.npy,sub-208_negative_00068_z56_y48_x184.npy,0,56,48,184,0
sub-208,sub-208_negative_00069_z48_y152_x172.npy,sub-208_negative_00069_z48_y152_x172.npy,0,48,152,172,0
sub-208,sub-208_negative_00070_z104_y208_x176.npy,sub-208_negative_00070_z104_y208_x176.npy,0,104,208,176,0
sub-208,sub-208_negative_00071_z8_y88_x40.npy,sub-208_negative_00071_z8_y88_x40.npy,0,8,88,40,0
sub-208,sub-208_negative_00072_z88_y104_x216.npy,sub-208_negative_00072_z88_y104_x216.npy,0,88,104,216,0
sub-208,sub-208_negative_00073_z96_y64_x136.npy,sub-208_negative_00073_z96_y64_x136.npy,0,96,64,136,0
sub-208,sub-208_negative_00074_z112_y208_x24.npy,sub-208_negative_00074_z112_y208_x24.npy,0,112,208,24,0
sub-208,sub-208_negative_00075_z8_y128_x64.npy,sub-208_negative_00075_z8_y128_x64.npy,0,8,128,64,0
sub-208,sub-208_negative_00076_z32_y232_x32.npy,sub-208_negative_00076_z32_y232_x32.npy,0,32,232,32,0
sub-208,sub-208_negative_00077_z8_y176_x112.npy,sub-208_negative_00077_z8_y176_x112.npy,0,8,176,112,0
sub-208,sub-208_negative_00078_z136_y104_x76.npy,sub-208_negative_00078_z136_y104_x76.npy,0,136,104,76,0
sub-208,sub-208_negative_00079_z104_y144_x164.npy,sub-208_negative_00079_z104_y144_x164.npy,0,104,144,164,0
sub-208,sub-208_negative_00080_z0_y184_x148.npy,sub-208_negative_00080_z0_y184_x148.npy,0,0,184,148,0
sub-208,sub-208_negative_00081_z120_y96_x80.npy,sub-208_negative_00081_z120_y96_x80.npy,0,120,96,80,0
sub-208,sub-208_negative_00082_z96_y136_x160.npy,sub-208_negative_00082_z96_y136_x160.npy,0,96,136,160,0
sub-208,sub-208_negative_00083_z56_y192_x216.npy,sub-208_negative_00083_z56_y192_x216.npy,0,56,192,216,0
sub-208,sub-208_negative_00084_z120_y96_x148.npy,sub-208_negative_00084_z120_y96_x148.npy,0,120,96,148,0
sub-208,sub-208_negative_00085_z24_y112_x224.npy,sub-208_negative_00085_z24_y112_x224.npy,0,24,112,224,0
sub-208,sub-208_negative_00086_z48_y128_x44.npy,sub-208_negative_00086_z48_y128_x44.npy,0,48,128,44,0
sub-208,sub-208_negative_00087_z8_y32_x92.npy,sub-208_negative_00087_z8_y32_x92.npy,0,8,32,92,0
sub-208,sub-208_negative_00088_z8_y160_x168.npy,sub-208_negative_00088_z8_y160_x168.npy,0,8,160,168,0
sub-208,sub-208_negative_00089_z64_y232_x116.npy,sub-208_negative_00089_z64_y232_x116.npy,0,64,232,116,0
sub-208,sub-208_negative_00090_z136_y120_x104.npy,sub-208_negative_00090_z136_y120_x104.npy,0,136,120,104,0
sub-208,sub-208_negative_00091_z56_y208_x60.npy,sub-208_negative_00091_z56_y208_x60.npy,0,56,208,60,0
sub-208,sub-208_negative_00092_z40_y144_x140.npy,sub-208_negative_00092_z40_y144_x140.npy,0,40,144,140,0
sub-208,sub-208_negative_00093_z112_y112_x120.npy,sub-208_negative_00093_z112_y112_x120.npy,0,112,112,120,0
sub-208,sub-208_negative_00094_z88_y80_x128.npy,sub-208_negative_00094_z88_y80_x128.npy,0,88,80,128,0
sub-208,sub-208_negative_00095_z96_y40_x132.npy,sub-208_negative_00095_z96_y40_x132.npy,0,96,40,132,0
sub-208,sub-208_negative_00096_z64_y104_x64.npy,sub-208_negative_00096_z64_y104_x64.npy,0,64,104,64,0
sub-208,sub-208_negative_00097_z112_y8_x24.npy,sub-208_negative_00097_z112_y8_x24.npy,0,112,8,24,0
sub-208,sub-208_negative_00098_z56_y88_x136.npy,sub-208_negative_00098_z56_y88_x136.npy,0,56,88,136,0
sub-208,sub-208_negative_00099_z48_y88_x16.npy,sub-208_negative_00099_z48_y88_x16.npy,0,48,88,16,0
sub-208,sub-208_negative_00100_z104_y88_x180.npy,sub-208_negative_00100_z104_y88_x180.npy,0,104,88,180,0
sub-208,sub-208_negative_00101_z16_y80_x20.npy,sub-208_negative_00101_z16_y80_x20.npy,0,16,80,20,0
sub-208,sub-208_negative_00102_z96_y80_x108.npy,sub-208_negative_00102_z96_y80_x108.npy,0,96,80,108,0
sub-208,sub-208_negative_00103_z40_y224_x32.npy,sub-208_negative_00103_z40_y224_x32.npy,0,40,224,32,0
sub-208,sub-208_negative_00104_z8_y144_x8.npy,sub-208_negative_00104_z8_y144_x8.npy,0,8,144,8,0
sub-208,sub-208_negative_00105_z80_y32_x136.npy,sub-208_negative_00105_z80_y32_x136.npy,0,80,32,136,0
sub-208,sub-208_negative_00106_z64_y16_x136.npy,sub-208_negative_00106_z64_y16_x136.npy,0,64,16,136,0
sub-208,sub-208_negative_00107_z112_y232_x108.npy,sub-208_negative_00107_z112_y232_x108.npy,0,112,232,108,0
sub-220,sub-220_negative_00000_z56_y200_x224.npy,sub-220_negative_00000_z56_y200_x224.npy,0,56,200,224,0
sub-220,sub-220_negative_00001_z128_y216_x112.npy,sub-220_negative_00001_z128_y216_x112.npy,0,128,216,112,0
sub-220,sub-220_negative_00002_z96_y8_x116.npy,sub-220_negative_00002_z96_y8_x116.npy,0,96,8,116,0
sub-220,sub-220_negative_00003_z64_y88_x164.npy,sub-220_negative_00003_z64_y88_x164.npy,0,64,88,164,0
sub-220,sub-220_negative_00004_z64_y16_x180.npy,sub-220_negative_00004_z64_y16_x180.npy,0,64,16,180,0
sub-220,sub-220_negative_00005_z104_y232_x168.npy,sub-220_negative_00005_z104_y232_x168.npy,0,104,232,168,0
sub-220,sub-220_negative_00006_z16_y184_x48.npy,sub-220_negative_00006_z16_y184_x48.npy,0,16,184,48,0
sub-220,sub-220_negative_00007_z40_y200_x184.npy,sub-220_negative_00007_z40_y200_x184.npy,0,40,200,184,0
sub-220,sub-220_negative_00008_z16_y232_x12.npy,sub-220_negative_00008_z16_y232_x12.npy,0,16,232,12,0
sub-220,sub-220_negative_00009_z96_y208_x104.npy,sub-220_negative_00009_z96_y208_x104.npy,0,96,208,104,0
sub-220,sub-220_negative_00010_z24_y64_x84.npy,sub-220_negative_00010_z24_y64_x84.npy,0,24,64,84,0
sub-220,sub-220_negative_00011_z64_y224_x104.npy,sub-220_negative_00011_z64_y224_x104.npy,0,64,224,104,0
sub-220,sub-220_negative_00012_z56_y184_x36.npy,sub-220_negative_00012_z56_y184_x36.npy,0,56,184,36,0
sub-220,sub-220_negative_00013_z112_y184_x76.npy,sub-220_negative_00013_z112_y184_x76.npy,0,112,184,76,0
sub-220,sub-220_negative_00014_z48_y152_x208.npy,sub-220_negative_00014_z48_y152_x208.npy,0,48,152,208,0
sub-220,sub-220_negative_00015_z96_y120_x128.npy,sub-220_negative_00015_z96_y120_x128.npy,0,96,120,128,0
sub-220,sub-220_negative_00016_z112_y232_x68.npy,sub-220_negative_00016_z112_y232_x68.npy,0,112,232,68,0
sub-220,sub-220_negative_00017_z24_y144_x120.npy,sub-220_negative_00017_z24_y144_x120.npy,0,24,144,120,0
sub-220,sub-220_negative_00018_z120_y224_x124.npy,sub-220_negative_00018_z120_y224_x124.npy,0,120,224,124,0
sub-220,sub-220_negative_00019_z136_y88_x212.npy,sub-220_negative_00019_z136_y88_x212.npy,0,136,88,212,0
sub-220,sub-220_negative_00020_z32_y16_x108.npy,sub-220_negative_00020_z32_y16_x108.npy,0,32,16,108,0
sub-220,sub-220_negative_00021_z128_y136_x140.npy,sub-220_negative_00021_z128_y136_x140.npy,0,128,136,140,0
sub-220,sub-220_negative_00022_z128_y8_x124.npy,sub-220_negative_00022_z128_y8_x124.npy,0,128,8,124,0
sub-220,sub-220_negative_00023_z16_y72_x0.npy,sub-220_negative_00023_z16_y72_x0.npy,0,16,72,0,0
sub-220,sub-220_negative_00024_z16_y208_x176.npy,sub-220_negative_00024_z16_y208_x176.npy,0,16,208,176,0
sub-220,sub-220_negative_00025_z120_y16_x84.npy,sub-220_negative_00025_z120_y16_x84.npy,0,120,16,84,0
sub-220,sub-220_negative_00026_z112_y72_x68.npy,sub-220_negative_00026_z112_y72_x68.npy,0,112,72,68,0
sub-220,sub-220_negative_00027_z24_y96_x52.npy,sub-220_negative_00027_z24_y96_x52.npy,0,24,96,52,0
sub-220,sub-220_negative_00028_z104_y152_x176.npy,sub-220_negative_00028_z104_y152_x176.npy,0,104,152,176,0
sub-220,sub-220_negative_00029_z16_y120_x112.npy,sub-220_negative_00029_z16_y120_x112.npy,0,16,120,112,0
sub-220,sub-220_negative_00030_z32_y72_x84.npy,sub-220_negative_00030_z32_y72_x84.npy,0,32,72,84,0
sub-220,sub-220_negative_00031_z72_y224_x212.npy,sub-220_negative_00031_z72_y224_x212.npy,0,72,224,212,0
sub-220,sub-220_negative_00032_z96_y136_x236.npy,sub-220_negative_00032_z96_y136_x236.npy,0,96,136,236,0
sub-220,sub-220_negative_00033_z72_y104_x128.npy,sub-220_negative_00033_z72_y104_x128.npy,0,72,104,128,0
sub-220,sub-220_negative_00034_z72_y184_x216.npy,sub-220_negative_00034_z72_y184_x216.npy,0,72,184,216,0
sub-220,sub-220_negative_00035_z40_y40_x164.npy,sub-220_negative_00035_z40_y40_x164.npy,0,40,40,164,0
sub-220,sub-220_negative_00036_z128_y64_x120.npy,sub-220_negative_00036_z128_y64_x120.npy,0,128,64,120,0
sub-220,sub-220_negative_00037_z112_y24_x92.npy,sub-220_negative_00037_z112_y24_x92.npy,0,112,24,92,0
sub-220,sub-220_negative_00038_z88_y128_x220.npy,sub-220_negative_00038_z88_y128_x220.npy,0,88,128,220,0
sub-220,sub-220_negative_00039_z104_y192_x120.npy,sub-220_negative_00039_z104_y192_x120.npy,0,104,192,120,0
sub-220,sub-220_negative_00040_z8_y152_x156.npy,sub-220_negative_00040_z8_y152_x156.npy,0,8,152,156,0
sub-220,sub-220_negative_00041_z120_y32_x100.npy,sub-220_negative_00041_z120_y32_x100.npy,0,120,32,100,0
sub-220,sub-220_negative_00042_z72_y192_x184.npy,sub-220_negative_00042_z72_y192_x184.npy,0,72,192,184,0
sub-220,sub-220_negative_00043_z48_y232_x48.npy,sub-220_negative_00043_z48_y232_x48.npy,0,48,232,48,0
sub-220,sub-220_negative_00044_z56_y224_x228.npy,sub-220_negative_00044_z56_y224_x228.npy,0,56,224,228,0
sub-220,sub-220_negative_00045_z64_y128_x168.npy,sub-220_negative_00045_z64_y128_x168.npy,0,64,128,168,0
sub-220,sub-220_negative_00046_z88_y72_x220.npy,sub-220_negative_00046_z88_y72_x220.npy,0,88,72,220,0
sub-220,sub-220_negative_00047_z8_y48_x148.npy,sub-220_negative_00047_z8_y48_x148.npy,0,8,48,148,0
sub-220,sub-220_negative_00048_z104_y152_x228.npy,sub-220_negative_00048_z104_y152_x228.npy,0,104,152,228,0
sub-220,sub-220_negative_00049_z136_y232_x152.npy,sub-220_negative_00049_z136_y232_x152.npy,0,136,232,152,0
sub-220,sub-220_negative_00050_z88_y176_x104.npy,sub-220_negative_00050_z88_y176_x104.npy,0,88,176,104,0
sub-220,sub-220_negative_00051_z128_y32_x216.npy,sub-220_negative_00051_z128_y32_x216.npy,0,128,32,216,0
sub-220,sub-220_negative_00052_z96_y64_x96.npy,sub-220_negative_00052_z96_y64_x96.npy,0,96,64,96,0
sub-220,sub-220_negative_00053_z48_y136_x184.npy,sub-220_negative_00053_z48_y136_x184.npy,0,48,136,184,0
sub-220,sub-220_negative_00054_z64_y0_x68.npy,sub-220_negative_00054_z64_y0_x68.npy,0,64,0,68,0
sub-220,sub-220_negative_00055_z64_y72_x188.npy,sub-220_negative_00055_z64_y72_x188.npy,0,64,72,188,0
sub-220,sub-220_negative_00056_z128_y152_x72.npy,sub-220_negative_00056_z128_y152_x72.npy,0,128,152,72,0
sub-220,sub-220_negative_00057_z72_y48_x108.npy,sub-220_negative_00057_z72_y48_x108.npy,0,72,48,108,0
sub-220,sub-220_negative_00058_z104_y48_x60.npy,sub-220_negative_00058_z104_y48_x60.npy,0,104,48,60,0
sub-220,sub-220_negative_00059_z104_y80_x224.npy,sub-220_negative_00059_z104_y80_x224.npy,0,104,80,224,0
sub-220,sub-220_negative_00060_z56_y48_x200.npy,sub-220_negative_00060_z56_y48_x200.npy,0,56,48,200,0
sub-220,sub-220_negative_00061_z48_y152_x184.npy,sub-220_negative_00061_z48_y152_x184.npy,0,48,152,184,0
sub-220,sub-220_negative_00062_z104_y208_x168.npy,sub-220_negative_00062_z104_y208_x168.npy,0,104,208,168,0
sub-220,sub-220_negative_00063_z8_y88_x44.npy,sub-220_negative_00063_z8_y88_x44.npy,0,8,88,44,0
sub-220,sub-220_negative_00064_z88_y104_x204.npy,sub-220_negative_00064_z88_y104_x204.npy,0,88,104,204,0
sub-220,sub-220_negative_00065_z96_y64_x128.npy,sub-220_negative_00065_z96_y64_x128.npy,0,96,64,128,0
sub-220,sub-220_negative_00066_z112_y208_x16.npy,sub-220_negative_00066_z112_y208_x16.npy,0,112,208,16,0
sub-220,sub-220_negative_00067_z8_y128_x68.npy,sub-220_negative_00067_z8_y128_x68.npy,0,8,128,68,0
sub-220,sub-220_negative_00068_z32_y232_x40.npy,sub-220_negative_00068_z32_y232_x40.npy,0,32,232,40,0
sub-220,sub-220_negative_00069_z8_y176_x116.npy,sub-220_negative_00069_z8_y176_x116.npy,0,8,176,116,0
sub-220,sub-220_negative_00070_z136_y104_x76.npy,sub-220_negative_00070_z136_y104_x76.npy,0,136,104,76,0
sub-220,sub-220_negative_00071_z104_y144_x156.npy,sub-220_negative_00071_z104_y144_x156.npy,0,104,144,156,0
sub-220,sub-220_negative_00072_z0_y184_x148.npy,sub-220_negative_00072_z0_y184_x148.npy,0,0,184,148,0
sub-220,sub-220_negative_00073_z120_y96_x76.npy,sub-220_negative_00073_z120_y96_x76.npy,0,120,96,76,0
sub-220,sub-220_negative_00074_z96_y136_x152.npy,sub-220_negative_00074_z96_y136_x152.npy,0,96,136,152,0
sub-220,sub-220_negative_00075_z56_y192_x232.npy,sub-220_negative_00075_z56_y192_x232.npy,0,56,192,232,0
sub-220,sub-220_negative_00076_z120_y96_x144.npy,sub-220_negative_00076_z120_y96_x144.npy,0,120,96,144,0
sub-220,sub-220_negative_00077_z24_y112_x232.npy,sub-220_negative_00077_z24_y112_x232.npy,0,24,112,232,0
sub-220,sub-220_negative_00078_z48_y128_x52.npy,sub-220_negative_00078_z48_y128_x52.npy,0,48,128,52,0
sub-220,sub-220_negative_00079_z8_y32_x96.npy,sub-220_negative_00079_z8_y32_x96.npy,0,8,32,96,0
sub-220,sub-220_negative_00080_z8_y160_x172.npy,sub-220_negative_00080_z8_y160_x172.npy,0,8,160,172,0
sub-220,sub-220_negative_00081_z64_y232_x132.npy,sub-220_negative_00081_z64_y232_x132.npy,0,64,232,132,0
sub-220,sub-220_negative_00082_z136_y120_x104.npy,sub-220_negative_00082_z136_y120_x104.npy,0,136,120,104,0
sub-220,sub-220_negative_00083_z56_y208_x72.npy,sub-220_negative_00083_z56_y208_x72.npy,0,56,208,72,0
sub-220,sub-220_negative_00084_z40_y144_x148.npy,sub-220_negative_00084_z40_y144_x148.npy,0,40,144,148,0
sub-220,sub-220_negative_00085_z112_y112_x112.npy,sub-220_negative_00085_z112_y112_x112.npy,0,112,112,112,0
sub-220,sub-220_negative_00086_z88_y80_x116.npy,sub-220_negative_00086_z88_y80_x116.npy,0,88,80,116,0
sub-220,sub-220_negative_00087_z96_y40_x124.npy,sub-220_negative_00087_z96_y40_x124.npy,0,96,40,124,0
sub-220,sub-220_negative_00088_z64_y104_x80.npy,sub-220_negative_00088_z64_y104_x80.npy,0,64,104,80,0
sub-220,sub-220_negative_00089_z112_y8_x20.npy,sub-220_negative_00089_z112_y8_x20.npy,0,112,8,20,0
sub-220,sub-220_negative_00090_z56_y88_x152.npy,sub-220_negative_00090_z56_y88_x152.npy,0,56,88,152,0
sub-220,sub-220_negative_00091_z48_y88_x28.npy,sub-220_negative_00091_z48_y88_x28.npy,0,48,88,28,0
sub-220,sub-220_negative_00092_z104_y88_x172.npy,sub-220_negative_00092_z104_y88_x172.npy,0,104,88,172,0
sub-220,sub-220_negative_00093_z16_y80_x24.npy,sub-220_negative_00093_z16_y80_x24.npy,0,16,80,24,0
sub-220,sub-220_negative_00094_z96_y80_x100.npy,sub-220_negative_00094_z96_y80_x100.npy,0,96,80,100,0
sub-220,sub-220_negative_00095_z40_y224_x44.npy,sub-220_negative_00095_z40_y224_x44.npy,0,40,224,44,0
sub-220,sub-220_negative_00096_z8_y144_x12.npy,sub-220_negative_00096_z8_y144_x12.npy,0,8,144,12,0
sub-220,sub-220_negative_00097_z80_y32_x152.npy,sub-220_negative_00097_z80_y32_x152.npy,0,80,32,152,0
sub-220,sub-220_negative_00098_z64_y16_x148.npy,sub-220_negative_00098_z64_y16_x148.npy,0,64,16,148,0
sub-220,sub-220_negative_00099_z112_y232_x104.npy,sub-220_negative_00099_z112_y232_x104.npy,0,112,232,104,0
sub-302,sub-302_positive_00000_z56_y168_x88.npy,sub-302_positive_00000_z56_y168_x88.npy,1,56,168,88,9
sub-302,sub-302_positive_00001_z56_y168_x92.npy,sub-302_positive_00001_z56_y168_x92.npy,1,56,168,92,12
sub-302,sub-302_positive_00002_z56_y168_x96.npy,sub-302_positive_00002_z56_y168_x96.npy,1,56,168,96,3
sub-302,sub-302_positive_00003_z56_y176_x88.npy,sub-302_positive_00003_z56_y176_x88.npy,1,56,176,88,50
sub-302,sub-302_positive_00004_z56_y176_x92.npy,sub-302_positive_00004_z56_y176_x92.npy,1,56,176,92,68
sub-302,sub-302_positive_00005_z56_y176_x96.npy,sub-302_positive_00005_z56_y176_x96.npy,1,56,176,96,18
sub-302,sub-302_positive_00006_z56_y184_x88.npy,sub-302_positive_00006_z56_y184_x88.npy,1,56,184,88,41
sub-302,sub-302_positive_00007_z56_y184_x92.npy,sub-302_positive_00007_z56_y184_x92.npy,1,56,184,92,56
sub-302,sub-302_positive_00008_z56_y184_x96.npy,sub-302_positive_00008_z56_y184_x96.npy,1,56,184,96,15
sub-302,sub-302_positive_00009_z64_y168_x88.npy,sub-302_positive_00009_z64_y168_x88.npy,1,64,168,88,15
sub-302,sub-302_positive_00010_z64_y168_x92.npy,sub-302_positive_00010_z64_y168_x92.npy,1,64,168,92,18
sub-302,sub-302_positive_00011_z64_y168_x96.npy,sub-302_positive_00011_z64_y168_x96.npy,1,64,168,96,3
sub-302,sub-302_positive_00012_z64_y176_x88.npy,sub-302_positive_00012_z64_y176_x88.npy,1,64,176,88,66
sub-302,sub-302_positive_00013_z64_y176_x92.npy,sub-302_positive_00013_z64_y176_x92.npy,1,64,176,92,84
sub-302,sub-302_positive_00014_z64_y176_x96.npy,sub-302_positive_00014_z64_y176_x96.npy,1,64,176,96,18
sub-302,sub-302_positive_00015_z64_y184_x88.npy,sub-302_positive_00015_z64_y184_x88.npy,1,64,184,88,51
sub-302,sub-302_positive_00016_z64_y184_x92.npy,sub-302_positive_00016_z64_y184_x92.npy,1,64,184,92,66
sub-302,sub-302_positive_00017_z64_y184_x96.npy,sub-302_positive_00017_z64_y184_x96.npy,1,64,184,96,15
sub-302,sub-302_positive_00018_z72_y168_x88.npy,sub-302_positive_00018_z72_y168_x88.npy,1,72,168,88,6
sub-302,sub-302_positive_00019_z72_y168_x92.npy,sub-302_positive_00019_z72_y168_x92.npy,1,72,168,92,6
sub-302,sub-302_positive_00020_z72_y176_x88.npy,sub-302_positive_00020_z72_y176_x88.npy,1,72,176,88,16
sub-302,sub-302_positive_00021_z72_y176_x92.npy,sub-302_positive_00021_z72_y176_x92.npy,1,72,176,92,16
sub-302,sub-302_positive_00022_z72_y184_x88.npy,sub-302_positive_00022_z72_y184_x88.npy,1,72,184,88,10
sub-302,sub-302_positive_00023_z72_y184_x92.npy,sub-302_positive_00023_z72_y184_x92.npy,1,72,184,92,10
sub-302,sub-302_negative_00024_z40_y160_x220.npy,sub-302_negative_00024_z40_y160_x220.npy,0,40,160,220,0
sub-302,sub-302_negative_00025_z96_y48_x168.npy,sub-302_negative_00025_z96_y48_x168.npy,0,96,48,168,0
sub-302,sub-302_negative_00026_z64_y168_x164.npy,sub-302_negative_00026_z64_y168_x164.npy,0,64,168,164,0
sub-302,sub-302_negative_00027_z48_y8_x140.npy,sub-302_negative_00027_z48_y8_x140.npy,0,48,8,140,0
sub-302,sub-302_negative_00028_z40_y200_x216.npy,sub-302_negative_00028_z40_y200_x216.npy,0,40,200,216,0
sub-302,sub-302_negative_00029_z80_y24_x36.npy,sub-302_negative_00029_z80_y24_x36.npy,0,80,24,36,0
sub-302,sub-302_negative_00030_z16_y0_x4.npy,sub-302_negative_00030_z16_y0_x4.npy,0,16,0,4,0
sub-302,sub-302_negative_00031_z32_y56_x0.npy,sub-302_negative_00031_z32_y56_x0.npy,0,32,56,0,0
sub-302,sub-302_negative_00032_z16_y32_x92.npy,sub-302_negative_00032_z16_y32_x92.npy,0,16,32,92,0
sub-302,sub-302_negative_00033_z72_y72_x44.npy,sub-302_negative_00033_z72_y72_x44.npy,0,72,72,44,0
sub-302,sub-302_negative_00034_z16_y88_x68.npy,sub-302_negative_00034_z16_y88_x68.npy,0,16,88,68,0
sub-302,sub-302_negative_00035_z48_y112_x16.npy,sub-302_negative_00035_z48_y112_x16.npy,0,48,112,16,0
sub-302,sub-302_negative_00036_z40_y144_x172.npy,sub-302_negative_00036_z40_y144_x172.npy,0,40,144,172,0
sub-302,sub-302_negative_00037_z80_y160_x176.npy,sub-302_negative_00037_z80_y160_x176.npy,0,80,160,176,0
sub-302,sub-302_negative_00038_z32_y192_x240.npy,sub-302_negative_00038_z32_y192_x240.npy,0,32,192,240,0
sub-302,sub-302_negative_00039_z72_y8_x8.npy,sub-302_negative_00039_z72_y8_x8.npy,0,72,8,8,0
sub-302,sub-302_negative_00040_z80_y200_x80.npy,sub-302_negative_00040_z80_y200_x80.npy,0,80,200,80,0
sub-302,sub-302_negative_00041_z16_y144_x204.npy,sub-302_negative_00041_z16_y144_x204.npy,0,16,144,204,0
sub-302,sub-302_negative_00042_z88_y120_x236.npy,sub-302_negative_00042_z88_y120_x236.npy,0,88,120,236,0
sub-302,sub-302_negative_00043_z96_y136_x92.npy,sub-302_negative_00043_z96_y136_x92.npy,0,96,136,92,0
sub-302,sub-302_negative_00044_z16_y232_x60.npy,sub-302_negative_00044_z16_y232_x60.npy,0,16,232,60,0
sub-302,sub-302_negative_00045_z88_y240_x56.npy,sub-302_negative_00045_z88_y240_x56.npy,0,88,240,56,0
sub-302,sub-302_negative_00046_z88_y144_x56.npy,sub-302_negative_00046_z88_y144_x56.npy,0,88,144,56,0
sub-302,sub-302_negative_00047_z8_y160_x104.npy,sub-302_negative_00047_z8_y160_x104.npy,0,8,160,104,0
sub-302,sub-302_negative_00048_z16_y16_x164.npy,sub-302_negative_00048_z16_y16_x164.npy,0,16,16,164,0
sub-302,sub-302_negative_00049_z80_y216_x100.npy,sub-302_negative_00049_z80_y216_x100.npy,0,80,216,100,0
sub-302,sub-302_negative_00050_z80_y80_x92.npy,sub-302_negative_00050_z80_y80_x92.npy,0,80,80,92,0
sub-302,sub-302_negative_00051_z16_y112_x48.npy,sub-302_negative_00051_z16_y112_x48.npy,0,16,112,48,0
sub-302,sub-302_negative_00052_z72_y208_x184.npy,sub-302_negative_00052_z72_y208_x184.npy,0,72,208,184,0
sub-302,sub-302_negative_00053_z8_y200_x64.npy,sub-302_negative_00053_z8_y200_x64.npy,0,8,200,64,0
sub-302,sub-302_negative_00054_z24_y24_x108.npy,sub-302_negative_00054_z24_y24_x108.npy,0,24,24,108,0
sub-302,sub-302_negative_00055_z56_y40_x176.npy,sub-302_negative_00055_z56_y40_x176.npy,0,56,40,176,0
sub-302,sub-302_negative_00056_z72_y24_x16.npy,sub-302_negative_00056_z72_y24_x16.npy,0,72,24,16,0
sub-302,sub-302_negative_00057_z48_y200_x56.npy,sub-302_negative_00057_z48_y200_x56.npy,0,48,200,56,0
sub-302,sub-302_negative_00058_z56_y8_x248.npy,sub-302_negative_00058_z56_y8_x248.npy,0,56,8,248,0
sub-302,sub-302_negative_00059_z24_y184_x16.npy,sub-302_negative_00059_z24_y184_x16.npy,0,24,184,16,0
sub-302,sub-302_negative_00060_z88_y184_x124.npy,sub-302_negative_00060_z88_y184_x124.npy,0,88,184,124,0
sub-302,sub-302_negative_00061_z80_y40_x204.npy,sub-302_negative_00061_z80_y40_x204.npy,0,80,40,204,0
sub-302,sub-302_negative_00062_z64_y80_x152.npy,sub-302_negative_00062_z64_y80_x152.npy,0,64,80,152,0
sub-302,sub-302_negative_00063_z72_y240_x96.npy,sub-302_negative_00063_z72_y240_x96.npy,0,72,240,96,0
sub-302,sub-302_negative_00064_z8_y40_x248.npy,sub-302_negative_00064_z8_y40_x248.npy,0,8,40,248,0
sub-302,sub-302_negative_00065_z80_y232_x40.npy,sub-302_negative_00065_z80_y232_x40.npy,0,80,232,40,0
sub-302,sub-302_negative_00066_z56_y16_x172.npy,sub-302_negative_00066_z56_y16_x172.npy,0,56,16,172,0
sub-302,sub-302_negative_00067_z40_y0_x244.npy,sub-302_negative_00067_z40_y0_x244.npy,0,40,0,244,0
sub-302,sub-302_negative_00068_z40_y184_x8.npy,sub-302_negative_00068_z40_y184_x8.npy,0,40,184,8,0
sub-302,sub-302_negative_00069_z48_y40_x84.npy,sub-302_negative_00069_z48_y40_x84.npy,0,48,40,84,0
sub-302,sub-302_negative_00070_z64_y40_x136.npy,sub-302_negative_00070_z64_y40_x136.npy,0,64,40,136,0
sub-302,sub-302_negative_00071_z0_y216_x72.npy,sub-302_negative_00071_z0_y216_x72.npy,0,0,216,72,0
sub-302,sub-302_negative_00072_z72_y208_x196.npy,sub-302_negative_00072_z72_y208_x196.npy,0,72,208,196,0
sub-302,sub-302_negative_00073_z16_y232_x68.npy,sub-302_negative_00073_z16_y232_x68.npy,0,16,232,68,0
sub-302,sub-302_negative_00074_z64_y112_x168.npy,sub-302_negative_00074_z64_y112_x168.npy,0,64,112,168,0
sub-302,sub-302_negative_00075_z88_y160_x224.npy,sub-302_negative_00075_z88_y160_x224.npy,0,88,160,224,0
sub-302,sub-302_negative_00076_z64_y208_x216.npy,sub-302_negative_00076_z64_y208_x216.npy,0,64,208,216,0
sub-302,sub-302_negative_00077_z32_y184_x100.npy,sub-302_negative_00077_z32_y184_x100.npy,0,32,184,100,0
sub-302,sub-302_negative_00078_z40_y192_x16.npy,sub-302_negative_00078_z40_y192_x16.npy,0,40,192,16,0
sub-302,sub-302_negative_00079_z48_y0_x44.npy,sub-302_negative_00079_z48_y0_x44.npy,0,48,0,44,0
sub-302,sub-302_negative_00080_z96_y0_x96.npy,sub-302_negative_00080_z96_y0_x96.npy,0,96,0,96,0
sub-302,sub-302_negative_00081_z48_y152_x240.npy,sub-302_negative_00081_z48_y152_x240.npy,0,48,152,240,0
sub-302,sub-302_negative_00082_z72_y128_x124.npy,sub-302_negative_00082_z72_y128_x124.npy,0,72,128,124,0
sub-302,sub-302_negative_00083_z72_y160_x24.npy,sub-302_negative_00083_z72_y160_x24.npy,0,72,160,24,0
sub-302,sub-302_negative_00084_z40_y48_x136.npy,sub-302_negative_00084_z40_y48_x136.npy,0,40,48,136,0
sub-302,sub-302_negative_00085_z32_y192_x208.npy,sub-302_negative_00085_z32_y192_x208.npy,0,32,192,208,0
sub-302,sub-302_negative_00086_z80_y0_x196.npy,sub-302_negative_00086_z80_y0_x196.npy,0,80,0,196,0
sub-302,sub-302_negative_00087_z0_y240_x176.npy,sub-302_negative_00087_z0_y240_x176.npy,0,0,240,176,0
sub-302,sub-302_negative_00088_z64_y64_x124.npy,sub-302_negative_00088_z64_y64_x124.npy,0,64,64,124,0
sub-302,sub-302_negative_00089_z64_y216_x12.npy,sub-302_negative_00089_z64_y216_x12.npy,0,64,216,12,0
sub-302,sub-302_negative_00090_z80_y176_x196.npy,sub-302_negative_00090_z80_y176_x196.npy,0,80,176,196,0
sub-302,sub-302_negative_00091_z8_y24_x120.npy,sub-302_negative_00091_z8_y24_x120.npy,0,8,24,120,0
sub-302,sub-302_negative_00092_z24_y144_x40.npy,sub-302_negative_00092_z24_y144_x40.npy,0,24,144,40,0
sub-302,sub-302_negative_00093_z8_y64_x28.npy,sub-302_negative_00093_z8_y64_x28.npy,0,8,64,28,0
sub-302,sub-302_negative_00094_z96_y144_x92.npy,sub-302_negative_00094_z96_y144_x92.npy,0,96,144,92,0
sub-302,sub-302_negative_00095_z72_y200_x224.npy,sub-302_negative_00095_z72_y200_x224.npy,0,72,200,224,0
sub-302,sub-302_negative_00096_z0_y136_x152.npy,sub-302_negative_00096_z0_y136_x152.npy,0,0,136,152,0
sub-302,sub-302_negative_00097_z88_y24_x196.npy,sub-302_negative_00097_z88_y24_x196.npy,0,88,24,196,0
sub-302,sub-302_negative_00098_z72_y16_x172.npy,sub-302_negative_00098_z72_y16_x172.npy,0,72,16,172,0
sub-302,sub-302_negative_00099_z40_y160_x40.npy,sub-302_negative_00099_z40_y160_x40.npy,0,40,160,40,0
sub-302,sub-302_negative_00100_z88_y32_x20.npy,sub-302_negative_00100_z88_y32_x20.npy,0,88,32,20,0
sub-302,sub-302_negative_00101_z16_y128_x52.npy,sub-302_negative_00101_z16_y128_x52.npy,0,16,128,52,0
sub-302,sub-302_negative_00102_z32_y176_x60.npy,sub-302_negative_00102_z32_y176_x60.npy,0,32,176,60,0
sub-302,sub-302_negative_00103_z0_y200_x156.npy,sub-302_negative_00103_z0_y200_x156.npy,0,0,200,156,0
sub-302,sub-302_negative_00104_z8_y48_x196.npy,sub-302_negative_00104_z8_y48_x196.npy,0,8,48,196,0
sub-302,sub-302_negative_00105_z48_y112_x204.npy,sub-302_negative_00105_z48_y112_x204.npy,0,48,112,204,0
sub-302,sub-302_negative_00106_z96_y152_x204.npy,sub-302_negative_00106_z96_y152_x204.npy,0,96,152,204,0
sub-302,sub-302_negative_00107_z40_y168_x8.npy,sub-302_negative_00107_z40_y168_x8.npy,0,40,168,8,0
sub-302,sub-302_negative_00108_z32_y8_x176.npy,sub-302_negative_00108_z32_y8_x176.npy,0,32,8,176,0
sub-302,sub-302_negative_00109_z80_y112_x72.npy,sub-302_negative_00109_z80_y112_x72.npy,0,80,112,72,0
sub-302,sub-302_negative_00110_z64_y40_x216.npy,sub-302_negative_00110_z64_y40_x216.npy,0,64,40,216,0
sub-302,sub-302_negative_00111_z64_y192_x168.npy,sub-302_negative_00111_z64_y192_x168.npy,0,64,192,168,0
sub-302,sub-302_negative_00112_z48_y16_x208.npy,sub-302_negative_00112_z48_y16_x208.npy,0,48,16,208,0
sub-302,sub-302_negative_00113_z80_y32_x28.npy,sub-302_negative_00113_z80_y32_x28.npy,0,80,32,28,0
sub-302,sub-302_negative_00114_z40_y80_x44.npy,sub-302_negative_00114_z40_y80_x44.npy,0,40,80,44,0
sub-302,sub-302_negative_00115_z32_y144_x104.npy,sub-302_negative_00115_z32_y144_x104.npy,0,32,144,104,0
sub-302,sub-302_negative_00116_z72_y160_x172.npy,sub-302_negative_00116_z72_y160_x172.npy,0,72,160,172,0
sub-302,sub-302_negative_00117_z8_y168_x64.npy,sub-302_negative_00117_z8_y168_x64.npy,0,8,168,64,0
sub-302,sub-302_negative_00118_z64_y224_x100.npy,sub-302_negative_00118_z64_y224_x100.npy,0,64,224,100,0
sub-302,sub-302_negative_00119_z32_y64_x204.npy,sub-302_negative_00119_z32_y64_x204.npy,0,32,64,204,0
sub-302,sub-302_negative_00120_z8_y32_x200.npy,sub-302_negative_00120_z8_y32_x200.npy,0,8,32,200,0
sub-302,sub-302_negative_00121_z56_y80_x20.npy,sub-302_negative_00121_z56_y80_x20.npy,0,56,80,20,0
sub-302,sub-302_negative_00122_z40_y200_x192.npy,sub-302_negative_00122_z40_y200_x192.npy,0,40,200,192,0
sub-302,sub-302_negative_00123_z80_y200_x104.npy,sub-302_negative_00123_z80_y200_x104.npy,0,80,200,104,0
sub-108,sub-108_positive_00000_z48_y104_x84.npy,sub-108_positive_00000_z48_y104_x84.npy,1,48,104,84,1
sub-108,sub-108_positive_00001_z48_y104_x88.npy,sub-108_positive_00001_z48_y104_x88.npy,1,48,104,88,5
sub-108,sub-108_positive_00002_z48_y104_x92.npy,sub-108_positive_00002_z48_y104_x92.npy,1,48,104,92,10
sub-108,sub-108_positive_00003_z48_y104_x96.npy,sub-108_positive_00003_z48_y104_x96.npy,1,48,104,96,6
sub-108,sub-108_positive_00004_z48_y104_x124.npy,sub-108_positive_00004_z48_y104_x124.npy,1,48,104,124,1
sub-108,sub-108_positive_00005_z48_y104_x128.npy,sub-108_positive_00005_z48_y104_x128.npy,1,48,104,128,8
sub-108,sub-108_positive_00006_z48_y104_x132.npy,sub-108_positive_00006_z48_y104_x132.npy,1,48,104,132,10
sub-108,sub-108_positive_00007_z48_y104_x136.npy,sub-108_positive_00007_z48_y104_x136.npy,1,48,104,136,3
sub-108,sub-108_positive_00008_z48_y112_x84.npy,sub-108_positive_00008_z48_y112_x84.npy,1,48,112,84,1
sub-108,sub-108_positive_00009_z48_y112_x88.npy,sub-108_positive_00009_z48_y112_x88.npy,1,48,112,88,11
sub-108,sub-108_positive_00010_z48_y112_x92.npy,sub-108_positive_00010_z48_y112_x92.npy,1,48,112,92,27
sub-108,sub-108_positive_00011_z48_y112_x96.npy,sub-108_positive_00011_z48_y112_x96.npy,1,48,112,96,24
sub-108,sub-108_positive_00012_z48_y112_x100.npy,sub-108_positive_00012_z48_y112_x100.npy,1,48,112,100,7
sub-108,sub-108_positive_00013_z48_y112_x124.npy,sub-108_positive_00013_z48_y112_x124.npy,1,48,112,124,11
sub-108,sub-108_positive_00014_z48_y112_x128.npy,sub-108_positive_00014_z48_y112_x128.npy,1,48,112,128,46
sub-108,sub-108_positive_00015_z48_y112_x132.npy,sub-108_positive_00015_z48_y112_x132.npy,1,48,112,132,41
sub-108,sub-108_positive_00016_z48_y112_x136.npy,sub-108_positive_00016_z48_y112_x136.npy,1,48,112,136,6
sub-108,sub-108_positive_00017_z48_y120_x88.npy,sub-108_positive_00017_z48_y120_x88.npy,1,48,120,88,6
sub-108,sub-108_positive_00018_z48_y120_x92.npy,sub-108_positive_00018_z48_y120_x92.npy,1,48,120,92,17
sub-108,sub-108_positive_00019_z48_y120_x96.npy,sub-108_positive_00019_z48_y120_x96.npy,1,48,120,96,18
sub-108,sub-108_positive_00020_z48_y120_x100.npy,sub-108_positive_00020_z48_y120_x100.npy,1,48,120,100,7
sub-108,sub-108_positive_00021_z48_y120_x124.npy,sub-108_positive_00021_z48_y120_x124.npy,1,48,120,124,10
sub-108,sub-108_positive_00022_z48_y120_x128.npy,sub-108_positive_00022_z48_y120_x128.npy,1,48,120,128,38
sub-108,sub-108_positive_00023_z48_y120_x132.npy,sub-108_positive_00023_z48_y120_x132.npy,1,48,120,132,31
sub-108,sub-108_positive_00024_z48_y120_x136.npy,sub-108_positive_00024_z48_y120_x136.npy,1,48,120,136,3
sub-108,sub-108_positive_00025_z56_y104_x84.npy,sub-108_positive_00025_z56_y104_x84.npy,1,56,104,84,4
sub-108,sub-108_positive_00026_z56_y104_x88.npy,sub-108_positive_00026_z56_y104_x88.npy,1,56,104,88,52
sub-108,sub-108_positive_00027_z56_y104_x92.npy,sub-108_positive_00027_z56_y104_x92.npy,1,56,104,92,84
sub-108,sub-108_positive_00028_z56_y104_x96.npy,sub-108_positive_00028_z56_y104_x96.npy,1,56,104,96,36
sub-108,sub-108_positive_00029_z56_y104_x124.npy,sub-108_positive_00029_z56_y104_x124.npy,1,56,104,124,4
sub-108,sub-108_positive_00030_z56_y104_x128.npy,sub-108_positive_00030_z56_y104_x128.npy,1,56,104,128,36
sub-108,sub-108_positive_00031_z56_y104_x132.npy,sub-108_positive_00031_z56_y104_x132.npy,1,56,104,132,84
sub-108,sub-108_positive_00032_z56_y104_x136.npy,sub-108_positive_00032_z56_y104_x136.npy,1,56,104,136,52
sub-108,sub-108_positive_00033_z56_y112_x84.npy,sub-108_positive_00033_z56_y112_x84.npy,1,56,112,84,4
sub-108,sub-108_positive_00034_z56_y112_x88.npy,sub-108_positive_00034_z56_y112_x88.npy,1,56,112,88,100
sub-108,sub-108_positive_00035_z56_y112_x92.npy,sub-108_positive_00035_z56_y112_x92.npy,1,56,112,92,192
sub-108,sub-108_positive_00036_z56_y112_x96.npy,sub-108_positive_00036_z56_y112_x96.npy,1,56,112,96,120
sub-108,sub-108_positive_00037_z56_y112_x100.npy,sub-108_positive_00037_z56_y112_x100.npy,1,56,112,100,24
sub-108,sub-108_positive_00038_z56_y112_x124.npy,sub-108_positive_00038_z56_y112_x124.npy,1,56,112,124,44
sub-108,sub-108_positive_00039_z56_y112_x128.npy,sub-108_positive_00039_z56_y112_x128.npy,1,56,112,128,188
sub-108,sub-108_positive_00040_z56_y112_x132.npy,sub-108_positive_00040_z56_y112_x132.npy,1,56,112,132,208
sub-108,sub-108_positive_00041_z56_y112_x136.npy,sub-108_positive_00041_z56_y112_x136.npy,1,56,112,136,64
sub-108,sub-108_positive_00042_z56_y120_x88.npy,sub-108_positive_00042_z56_y120_x88.npy,1,56,120,88,48
sub-108,sub-108_positive_00043_z56_y120_x92.npy,sub-108_positive_00043_z56_y120_x92.npy,1,56,120,92,108
sub-108,sub-108_positive_00044_z56_y120_x96.npy,sub-108_positive_00044_z56_y120_x96.npy,1,56,120,96,84
sub-108,sub-108_positive_00045_z56_y120_x100.npy,sub-108_positive_00045_z56_y120_x100.npy,1,56,120,100,24
sub-108,sub-108_positive_00046_z56_y120_x124.npy,sub-108_positive_00046_z56_y120_x124.npy,1,56,120,124,40
sub-108,sub-108_positive_00047_z56_y120_x128.npy,sub-108_positive_00047_z56_y120_x128.npy,1,56,120,128,152
sub-108,sub-108_positive_00048_z56_y120_x132.npy,sub-108_positive_00048_z56_y120_x132.npy,1,56,120,132,124
sub-108,sub-108_positive_00049_z56_y120_x136.npy,sub-108_positive_00049_z56_y120_x136.npy,1,56,120,136,12
sub-108,sub-108_positive_00050_z64_y104_x84.npy,sub-108_positive_00050_z64_y104_x84.npy,1,64,104,84,3
sub-108,sub-108_positive_00051_z64_y104_x88.npy,sub-108_positive_00051_z64_y104_x88.npy,1,64,104,88,47
sub-108,sub-108_positive_00052_z64_y104_x92.npy,sub-108_positive_00052_z64_y104_x92.npy,1,64,104,92,74
sub-108,sub-108_positive_00053_z64_y104_x96.npy,sub-108_positive_00053_z64_y104_x96.npy,1,64,104,96,30
sub-108,sub-108_positive_00054_z64_y104_x124.npy,sub-108_positive_00054_z64_y104_x124.npy,1,64,104,124,3
sub-108,sub-108_positive_00055_z64_y104_x128.npy,sub-108_positive_00055_z64_y104_x128.npy,1,64,104,128,28
sub-108,sub-108_positive_00056_z64_y104_x132.npy,sub-108_positive_00056_z64_y104_x132.npy,1,64,104,132,74
sub-108,sub-108_positive_00057_z64_y104_x136.npy,sub-108_positive_00057_z64_y104_x136.npy,1,64,104,136,49
sub-108,sub-108_positive_00058_z64_y112_x84.npy,sub-108_positive_00058_z64_y112_x84.npy,1,64,112,84,3
sub-108,sub-108_positive_00059_z64_y112_x88.npy,sub-108_positive_00059_z64_y112_x88.npy,1,64,112,88,89
sub-108,sub-108_positive_00060_z64_y112_x92.npy,sub-108_positive_00060_z64_y112_x92.npy,1,64,112,92,165
sub-108,sub-108_positive_00061_z64_y112_x96.npy,sub-108_positive_00061_z64_y112_x96.npy,1,64,112,96,96
sub-108,sub-108_positive_00062_z64_y112_x100.npy,sub-108_positive_00062_z64_y112_x100.npy,1,64,112,100,17
sub-108,sub-108_positive_00063_z64_y112_x124.npy,sub-108_positive_00063_z64_y112_x124.npy,1,64,112,124,33
sub-108,sub-108_positive_00064_z64_y112_x128.npy,sub-108_positive_00064_z64_y112_x128.npy,1,64,112,128,142
sub-108,sub-108_positive_00065_z64_y112_x132.npy,sub-108_positive_00065_z64_y112_x132.npy,1,64,112,132,167
sub-108,sub-108_positive_00066_z64_y112_x136.npy,sub-108_positive_00066_z64_y112_x136.npy,1,64,112,136,58
sub-108,sub-108_positive_00067_z64_y120_x88.npy,sub-108_positive_00067_z64_y120_x88.npy,1,64,120,88,42
sub-108,sub-108_positive_00068_z64_y120_x92.npy,sub-108_positive_00068_z64_y120_x92.npy,1,64,120,92,91
sub-108,sub-108_positive_00069_z64_y120_x96.npy,sub-108_positive_00069_z64_y120_x96.npy,1,64,120,96,66
sub-108,sub-108_positive_00070_z64_y120_x100.npy,sub-108_positive_00070_z64_y120_x100.npy,1,64,120,100,17
sub-108,sub-108_positive_00071_z64_y120_x124.npy,sub-108_positive_00071_z64_y120_x124.npy,1,64,120,124,30
sub-108,sub-108_positive_00072_z64_y120_x128.npy,sub-108_positive_00072_z64_y120_x128.npy,1,64,120,128,114
sub-108,sub-108_positive_00073_z64_y120_x132.npy,sub-108_positive_00073_z64_y120_x132.npy,1,64,120,132,93
sub-108,sub-108_positive_00074_z64_y120_x136.npy,sub-108_positive_00074_z64_y120_x136.npy,1,64,120,136,9
sub-108,sub-108_positive_00075_z88_y56_x92.npy,sub-108_positive_00075_z88_y56_x92.npy,1,88,56,92,4
sub-108,sub-108_positive_00076_z88_y56_x96.npy,sub-108_positive_00076_z88_y56_x96.npy,1,88,56,96,4
sub-108,sub-108_positive_00077_z88_y64_x92.npy,sub-108_positive_00077_z88_y64_x92.npy,1,88,64,92,16
sub-108,sub-108_positive_00078_z88_y64_x96.npy,sub-108_positive_00078_z88_y64_x96.npy,1,88,64,96,16
sub-108,sub-108_positive_00079_z88_y72_x92.npy,sub-108_positive_00079_z88_y72_x92.npy,1,88,72,92,12
sub-108,sub-108_positive_00080_z88_y72_x96.npy,sub-108_positive_00080_z88_y72_x96.npy,1,88,72,96,12
sub-108,sub-108_positive_00081_z96_y56_x92.npy,sub-108_positive_00081_z96_y56_x92.npy,1,96,56,92,4
sub-108,sub-108_positive_00082_z96_y56_x96.npy,sub-108_positive_00082_z96_y56_x96.npy,1,96,56,96,4
sub-108,sub-108_positive_00083_z96_y64_x92.npy,sub-108_positive_00083_z96_y64_x92.npy,1,96,64,92,16
sub-108,sub-108_positive_00084_z96_y64_x96.npy,sub-108_positive_00084_z96_y64_x96.npy,1,96,64,96,16
sub-108,sub-108_positive_00085_z96_y72_x92.npy,sub-108_positive_00085_z96_y72_x92.npy,1,96,72,92,12
sub-108,sub-108_positive_00086_z96_y72_x96.npy,sub-108_positive_00086_z96_y72_x96.npy,1,96,72,96,12
sub-108,sub-108_negative_00087_z48_y208_x104.npy,sub-108_negative_00087_z48_y208_x104.npy,0,48,208,104,0
sub-108,sub-108_negative_00088_z120_y0_x220.npy,sub-108_negative_00088_z120_y0_x220.npy,0,120,0,220,0
sub-108,sub-108_negative_00089_z80_y152_x92.npy,sub-108_negative_00089_z80_y152_x92.npy,0,80,152,92,0
sub-108,sub-108_negative_00090_z56_y88_x212.npy,sub-108_negative_00090_z56_y88_x212.npy,0,56,88,212,0
sub-108,sub-108_negative_00091_z56_y32_x176.npy,sub-108_negative_00091_z56_y32_x176.npy,0,56,32,176,0
sub-108,sub-108_negative_00092_z96_y88_x204.npy,sub-108_negative_00092_z96_y88_x204.npy,0,96,88,204,0
sub-108,sub-108_negative_00093_z16_y96_x64.npy,sub-108_negative_00093_z16_y96_x64.npy,0,16,96,64,0
sub-108,sub-108_negative_00094_z40_y40_x8.npy,sub-108_negative_00094_z40_y40_x8.npy,0,40,40,8,0
sub-108,sub-108_negative_00095_z16_y128_x212.npy,sub-108_negative_00095_z16_y128_x212.npy,0,16,128,212,0
sub-108,sub-108_negative_00096_z88_y96_x40.npy,sub-108_negative_00096_z88_y96_x40.npy,0,88,96,40,0
sub-108,sub-108_negative_00097_z16_y192_x72.npy,sub-108_negative_00097_z16_y192_x72.npy,0,16,192,72,0
sub-108,sub-108_negative_00098_z56_y200_x168.npy,sub-108_negative_00098_z56_y200_x168.npy,0,56,200,168,0
sub-108,sub-108_negative_00099_z48_y192_x20.npy,sub-108_negative_00099_z48_y192_x20.npy,0,48,192,20,0
sub-108,sub-108_negative_00100_z104_y24_x144.npy,sub-108_negative_00100_z104_y24_x144.npy,0,104,24,144,0
sub-108,sub-108_negative_00101_z40_y192_x56.npy,sub-108_negative_00101_z40_y192_x56.npy,0,40,192,56,0
sub-108,sub-108_negative_00102_z88_y24_x80.npy,sub-108_negative_00102_z88_y24_x80.npy,0,88,24,80,0
sub-108,sub-108_negative_00103_z104_y64_x144.npy,sub-108_negative_00103_z104_y64_x144.npy,0,104,64,144,0
sub-108,sub-108_negative_00104_z24_y40_x88.npy,sub-108_negative_00104_z24_y40_x88.npy,0,24,40,88,0
sub-108,sub-108_negative_00105_z112_y32_x156.npy,sub-108_negative_00105_z112_y32_x156.npy,0,112,32,156,0
sub-108,sub-108_negative_00106_z120_y96_x84.npy,sub-108_negative_00106_z120_y96_x84.npy,0,120,96,84,0
sub-108,sub-108_negative_00107_z24_y128_x120.npy,sub-108_negative_00107_z24_y128_x120.npy,0,24,128,120,0
sub-108,sub-108_negative_00108_z112_y160_x0.npy,sub-108_negative_00108_z112_y160_x0.npy,0,112,160,0,0
sub-108,sub-108_negative_00109_z112_y56_x36.npy,sub-108_negative_00109_z112_y56_x36.npy,0,112,56,36,0
sub-108,sub-108_negative_00110_z16_y0_x212.npy,sub-108_negative_00110_z16_y0_x212.npy,0,16,0,212,0
sub-108,sub-108_negative_00111_z16_y120_x24.npy,sub-108_negative_00111_z16_y120_x24.npy,0,16,120,24,0
sub-108,sub-108_negative_00112_z104_y80_x180.npy,sub-108_negative_00112_z104_y80_x180.npy,0,104,80,180,0
sub-108,sub-108_negative_00113_z96_y152_x140.npy,sub-108_negative_00113_z96_y152_x140.npy,0,96,152,140,0
sub-108,sub-108_negative_00114_z24_y0_x100.npy,sub-108_negative_00114_z24_y0_x100.npy,0,24,0,100,0
sub-108,sub-108_negative_00115_z96_y24_x196.npy,sub-108_negative_00115_z96_y24_x196.npy,0,96,24,196,0
sub-108,sub-108_negative_00116_z16_y48_x32.npy,sub-108_negative_00116_z16_y48_x32.npy,0,16,48,32,0
sub-108,sub-108_negative_00117_z24_y176_x20.npy,sub-108_negative_00117_z24_y176_x20.npy,0,24,176,20,0
sub-108,sub-108_negative_00118_z64_y184_x88.npy,sub-108_negative_00118_z64_y184_x88.npy,0,64,184,88,0
sub-108,sub-108_negative_00119_z88_y40_x132.npy,sub-108_negative_00119_z88_y40_x132.npy,0,88,40,132,0
sub-108,sub-108_negative_00120_z64_y80_x148.npy,sub-108_negative_00120_z64_y80_x148.npy,0,64,80,148,0
sub-108,sub-108_negative_00121_z64_y152_x92.npy,sub-108_negative_00121_z64_y152_x92.npy,0,64,152,92,0
sub-108,sub-108_negative_00122_z32_y128_x16.npy,sub-108_negative_00122_z32_y128_x16.npy,0,32,128,16,0
sub-108,sub-108_negative_00123_z112_y96_x180.npy,sub-108_negative_00123_z112_y96_x180.npy,0,112,96,180,0
sub-108,sub-108_negative_00124_z96_y112_x164.npy,sub-108_negative_00124_z96_y112_x164.npy,0,96,112,164,0
sub-108,sub-108_negative_00125_z80_y56_x140.npy,sub-108_negative_00125_z80_y56_x140.npy,0,80,56,140,0
sub-108,sub-108_negative_00126_z96_y56_x188.npy,sub-108_negative_00126_z96_y56_x188.npy,0,96,56,188,0
sub-108,sub-108_negative_00127_z8_y96_x120.npy,sub-108_negative_00127_z8_y96_x120.npy,0,8,96,120,0
sub-108,sub-108_negative_00128_z104_y96_x168.npy,sub-108_negative_00128_z104_y96_x168.npy,0,104,96,168,0
sub-108,sub-108_negative_00129_z64_y160_x40.npy,sub-108_negative_00129_z64_y160_x40.npy,0,64,160,40,0
sub-108,sub-108_negative_00130_z48_y32_x164.npy,sub-108_negative_00130_z48_y32_x164.npy,0,48,32,164,0
sub-108,sub-108_negative_00131_z56_y8_x168.npy,sub-108_negative_00131_z56_y8_x168.npy,0,56,8,168,0
sub-108,sub-108_negative_00132_z56_y128_x100.npy,sub-108_negative_00132_z56_y128_x100.npy,0,56,128,100,0
sub-108,sub-108_negative_00133_z80_y16_x56.npy,sub-108_negative_00133_z80_y16_x56.npy,0,80,16,56,0
sub-108,sub-108_negative_00134_z8_y16_x36.npy,sub-108_negative_00134_z8_y16_x36.npy,0,8,16,36,0
sub-108,sub-108_negative_00135_z96_y24_x200.npy,sub-108_negative_00135_z96_y24_x200.npy,0,96,24,200,0
sub-108,sub-108_negative_00136_z24_y128_x128.npy,sub-108_negative_00136_z24_y128_x128.npy,0,24,128,128,0
sub-108,sub-108_negative_00137_z80_y88_x212.npy,sub-108_negative_00137_z80_y88_x212.npy,0,80,88,212,0
sub-108,sub-108_negative_00138_z112_y80_x8.npy,sub-108_negative_00138_z112_y80_x8.npy,0,112,80,8,0
sub-108,sub-108_negative_00139_z80_y192_x192.npy,sub-108_negative_00139_z80_y192_x192.npy,0,80,192,192,0
sub-108,sub-108_negative_00140_z40_y176_x128.npy,sub-108_negative_00140_z40_y176_x128.npy,0,40,176,128,0
sub-108,sub-108_negative_00141_z56_y16_x192.npy,sub-108_negative_00141_z56_y16_x192.npy,0,56,16,192,0
sub-108,sub-108_negative_00142_z56_y80_x108.npy,sub-108_negative_00142_z56_y80_x108.npy,0,56,80,108,0
sub-108,sub-108_negative_00143_z112_y168_x48.npy,sub-108_negative_00143_z112_y168_x48.npy,0,112,168,48,0
sub-108,sub-108_negative_00144_z64_y40_x8.npy,sub-108_negative_00144_z64_y40_x8.npy,0,64,40,8,0
sub-108,sub-108_negative_00145_z88_y160_x0.npy,sub-108_negative_00145_z88_y160_x0.npy,0,88,160,0,0
sub-108,sub-108_negative_00146_z88_y184_x196.npy,sub-108_negative_00146_z88_y184_x196.npy,0,88,184,196,0
sub-108,sub-108_negative_00147_z48_y80_x152.npy,sub-108_negative_00147_z48_y80_x152.npy,0,48,80,152,0
sub-108,sub-108_negative_00148_z40_y192_x20.npy,sub-108_negative_00148_z40_y192_x20.npy,0,40,192,20,0
sub-108,sub-108_negative_00149_z96_y72_x68.npy,sub-108_negative_00149_z96_y72_x68.npy,0,96,72,68,0
sub-108,sub-108_negative_00150_z8_y40_x180.npy,sub-108_negative_00150_z8_y40_x180.npy,0,8,40,180,0
sub-108,sub-108_negative_00151_z80_y40_x92.npy,sub-108_negative_00151_z80_y40_x92.npy,0,80,40,92,0
sub-108,sub-108_negative_00152_z80_y200_x20.npy,sub-108_negative_00152_z80_y200_x20.npy,0,80,200,20,0
sub-108,sub-108_negative_00153_z104_y40_x196.npy,sub-108_negative_00153_z104_y40_x196.npy,0,104,40,196,0
sub-108,sub-108_negative_00154_z8_y72_x188.npy,sub-108_negative_00154_z8_y72_x188.npy,0,8,72,188,0
sub-108,sub-108_negative_00155_z32_y80_x184.npy,sub-108_negative_00155_z32_y80_x184.npy,0,32,80,184,0
sub-108,sub-108_negative_00156_z8_y112_x184.npy,sub-108_negative_00156_z8_y112_x184.npy,0,8,112,184,0
sub-108,sub-108_negative_00157_z120_y104_x100.npy,sub-108_negative_00157_z120_y104_x100.npy,0,120,104,100,0
sub-108,sub-108_negative_00158_z96_y16_x216.npy,sub-108_negative_00158_z96_y16_x216.npy,0,96,16,216,0
sub-108,sub-108_negative_00159_z0_y144_x180.npy,sub-108_negative_00159_z0_y144_x180.npy,0,0,144,180,0
sub-108,sub-108_negative_00160_z104_y144_x152.npy,sub-108_negative_00160_z104_y144_x152.npy,0,104,144,152,0
sub-108,sub-108_negative_00161_z88_y40_x36.npy,sub-108_negative_00161_z88_y40_x36.npy,0,88,40,36,0
sub-108,sub-108_negative_00162_z48_y200_x156.npy,sub-108_negative_00162_z48_y200_x156.npy,0,48,200,156,0
sub-108,sub-108_negative_00163_z104_y152_x8.npy,sub-108_negative_00163_z104_y152_x8.npy,0,104,152,8,0
sub-108,sub-108_negative_00164_z24_y16_x136.npy,sub-108_negative_00164_z24_y16_x136.npy,0,24,16,136,0
sub-108,sub-108_negative_00165_z40_y168_x72.npy,sub-108_negative_00165_z40_y168_x72.npy,0,40,168,72,0
sub-108,sub-108_negative_00166_z8_y0_x88.npy,sub-108_negative_00166_z8_y0_x88.npy,0,8,0,88,0
sub-108,sub-108_negative_00167_z8_y104_x84.npy,sub-108_negative_00167_z8_y104_x84.npy,0,8,104,84,0
sub-108,sub-108_negative_00168_z56_y208_x124.npy,sub-108_negative_00168_z56_y208_x124.npy,0,56,208,124,0
sub-108,sub-108_negative_00169_z120_y112_x216.npy,sub-108_negative_00169_z120_y112_x216.npy,0,120,112,216,0
sub-108,sub-108_negative_00170_z48_y208_x136.npy,sub-108_negative_00170_z48_y208_x136.npy,0,48,208,136,0
sub-108,sub-108_negative_00171_z32_y208_x84.npy,sub-108_negative_00171_z32_y208_x84.npy,0,32,208,84,0
sub-108,sub-108_negative_00172_z96_y184_x188.npy,sub-108_negative_00172_z96_y184_x188.npy,0,96,184,188,0
sub-108,sub-108_negative_00173_z80_y16_x124.npy,sub-108_negative_00173_z80_y16_x124.npy,0,80,16,124,0
sub-108,sub-108_negative_00174_z80_y176_x116.npy,sub-108_negative_00174_z80_y176_x116.npy,0,80,176,116,0
sub-108,sub-108_negative_00175_z56_y104_x68.npy,sub-108_negative_00175_z56_y104_x68.npy,0,56,104,68,0
sub-108,sub-108_negative_00176_z96_y96_x208.npy,sub-108_negative_00176_z96_y96_x208.npy,0,96,96,208,0
sub-108,sub-108_negative_00177_z48_y112_x200.npy,sub-108_negative_00177_z48_y112_x200.npy,0,48,112,200,0
sub-108,sub-108_negative_00178_z40_y136_x52.npy,sub-108_negative_00178_z40_y136_x52.npy,0,40,136,52,0
sub-108,sub-108_negative_00179_z88_y192_x116.npy,sub-108_negative_00179_z88_y192_x116.npy,0,88,192,116,0
sub-108,sub-108_negative_00180_z16_y8_x192.npy,sub-108_negative_00180_z16_y8_x192.npy,0,16,8,192,0
sub-108,sub-108_negative_00181_z80_y208_x116.npy,sub-108_negative_00181_z80_y208_x116.npy,0,80,208,116,0
sub-108,sub-108_negative_00182_z40_y48_x220.npy,sub-108_negative_00182_z40_y48_x220.npy,0,40,48,220,0
sub-108,sub-108_negative_00183_z8_y88_x56.npy,sub-108_negative_00183_z8_y88_x56.npy,0,8,88,56,0
sub-108,sub-108_negative_00184_z72_y8_x24.npy,sub-108_negative_00184_z72_y8_x24.npy,0,72,8,24,0
sub-108,sub-108_negative_00185_z56_y32_x148.npy,sub-108_negative_00185_z56_y32_x148.npy,0,56,32,148,0
sub-108,sub-108_negative_00186_z104_y64_x164.npy,sub-108_negative_00186_z104_y64_x164.npy,0,104,64,164,0
sub-210,sub-210_negative_00000_z56_y200_x224.npy,sub-210_negative_00000_z56_y200_x224.npy,0,56,200,224,0
sub-210,sub-210_negative_00001_z128_y216_x112.npy,sub-210_negative_00001_z128_y216_x112.npy,0,128,216,112,0
sub-210,sub-210_negative_00002_z96_y8_x116.npy,sub-210_negative_00002_z96_y8_x116.npy,0,96,8,116,0
sub-210,sub-210_negative_00003_z64_y88_x164.npy,sub-210_negative_00003_z64_y88_x164.npy,0,64,88,164,0
sub-210,sub-210_negative_00004_z64_y16_x180.npy,sub-210_negative_00004_z64_y16_x180.npy,0,64,16,180,0
sub-210,sub-210_negative_00005_z104_y232_x168.npy,sub-210_negative_00005_z104_y232_x168.npy,0,104,232,168,0
sub-210,sub-210_negative_00006_z16_y184_x48.npy,sub-210_negative_00006_z16_y184_x48.npy,0,16,184,48,0
sub-210,sub-210_negative_00007_z40_y200_x184.npy,sub-210_negative_00007_z40_y200_x184.npy,0,40,200,184,0
sub-210,sub-210_negative_00008_z16_y232_x12.npy,sub-210_negative_00008_z16_y232_x12.npy,0,16,232,12,0
sub-210,sub-210_negative_00009_z96_y208_x104.npy,sub-210_negative_00009_z96_y208_x104.npy,0,96,208,104,0
sub-210,sub-210_negative_00010_z24_y64_x84.npy,sub-210_negative_00010_z24_y64_x84.npy,0,24,64,84,0
sub-210,sub-210_negative_00011_z64_y224_x104.npy,sub-210_negative_00011_z64_y224_x104.npy,0,64,224,104,0
sub-210,sub-210_negative_00012_z56_y184_x36.npy,sub-210_negative_00012_z56_y184_x36.npy,0,56,184,36,0
sub-210,sub-210_negative_00013_z112_y184_x76.npy,sub-210_negative_00013_z112_y184_x76.npy,0,112,184,76,0
sub-210,sub-210_negative_00014_z48_y152_x208.npy,sub-210_negative_00014_z48_y152_x208.npy,0,48,152,208,0
sub-210,sub-210_negative_00015_z96_y120_x128.npy,sub-210_negative_00015_z96_y120_x128.npy,0,96,120,128,0
sub-210,sub-210_negative_00016_z112_y232_x68.npy,sub-210_negative_00016_z112_y232_x68.npy,0,112,232,68,0
sub-210,sub-210_negative_00017_z24_y144_x120.npy,sub-210_negative_00017_z24_y144_x120.npy,0,24,144,120,0
sub-210,sub-210_negative_00018_z120_y224_x124.npy,sub-210_negative_00018_z120_y224_x124.npy,0,120,224,124,0
sub-210,sub-210_negative_00019_z136_y88_x212.npy,sub-210_negative_00019_z136_y88_x212.npy,0,136,88,212,0
sub-210,sub-210_negative_00020_z32_y16_x108.npy,sub-210_negative_00020_z32_y16_x108.npy,0,32,16,108,0
sub-210,sub-210_negative_00021_z128_y136_x140.npy,sub-210_negative_00021_z128_y136_x140.npy,0,128,136,140,0
sub-210,sub-210_negative_00022_z128_y8_x124.npy,sub-210_negative_00022_z128_y8_x124.npy,0,128,8,124,0
sub-210,sub-210_negative_00023_z16_y72_x0.npy,sub-210_negative_00023_z16_y72_x0.npy,0,16,72,0,0
sub-210,sub-210_negative_00024_z16_y208_x176.npy,sub-210_negative_00024_z16_y208_x176.npy,0,16,208,176,0
sub-210,sub-210_negative_00025_z120_y16_x84.npy,sub-210_negative_00025_z120_y16_x84.npy,0,120,16,84,0
sub-210,sub-210_negative_00026_z112_y72_x68.npy,sub-210_negative_00026_z112_y72_x68.npy,0,112,72,68,0
sub-210,sub-210_negative_00027_z24_y96_x52.npy,sub-210_negative_00027_z24_y96_x52.npy,0,24,96,52,0
sub-210,sub-210_negative_00028_z104_y152_x176.npy,sub-210_negative_00028_z104_y152_x176.npy,0,104,152,176,0
sub-210,sub-210_negative_00029_z16_y120_x112.npy,sub-210_negative_00029_z16_y120_x112.npy,0,16,120,112,0
sub-210,sub-210_negative_00030_z32_y72_x84.npy,sub-210_negative_00030_z32_y72_x84.npy,0,32,72,84,0
sub-210,sub-210_negative_00031_z72_y224_x212.npy,sub-210_negative_00031_z72_y224_x212.npy,0,72,224,212,0
sub-210,sub-210_negative_00032_z96_y136_x236.npy,sub-210_negative_00032_z96_y136_x236.npy,0,96,136,236,0
sub-210,sub-210_negative_00033_z72_y104_x128.npy,sub-210_negative_00033_z72_y104_x128.npy,0,72,104,128,0
sub-210,sub-210_negative_00034_z72_y184_x216.npy,sub-210_negative_00034_z72_y184_x216.npy,0,72,184,216,0
sub-210,sub-210_negative_00035_z40_y40_x164.npy,sub-210_negative_00035_z40_y40_x164.npy,0,40,40,164,0
sub-210,sub-210_negative_00036_z128_y64_x120.npy,sub-210_negative_00036_z128_y64_x120.npy,0,128,64,120,0
sub-210,sub-210_negative_00037_z112_y24_x92.npy,sub-210_negative_00037_z112_y24_x92.npy,0,112,24,92,0
sub-210,sub-210_negative_00038_z88_y128_x220.npy,sub-210_negative_00038_z88_y128_x220.npy,0,88,128,220,0
sub-210,sub-210_negative_00039_z104_y192_x120.npy,sub-210_negative_00039_z104_y192_x120.npy,0,104,192,120,0
sub-210,sub-210_negative_00040_z8_y152_x156.npy,sub-210_negative_00040_z8_y152_x156.npy,0,8,152,156,0
sub-210,sub-210_negative_00041_z120_y32_x100.npy,sub-210_negative_00041_z120_y32_x100.npy,0,120,32,100,0
sub-210,sub-210_negative_00042_z72_y192_x184.npy,sub-210_negative_00042_z72_y192_x184.npy,0,72,192,184,0
sub-210,sub-210_negative_00043_z48_y232_x48.npy,sub-210_negative_00043_z48_y232_x48.npy,0,48,232,48,0
sub-210,sub-210_negative_00044_z56_y224_x228.npy,sub-210_negative_00044_z56_y224_x228.npy,0,56,224,228,0
sub-210,sub-210_negative_00045_z64_y128_x168.npy,sub-210_negative_00045_z64_y128_x168.npy,0,64,128,168,0
sub-210,sub-210_negative_00046_z88_y72_x220.npy,sub-210_negative_00046_z88_y72_x220.npy,0,88,72,220,0
sub-210,sub-210_negative_00047_z8_y48_x148.npy,sub-210_negative_00047_z8_y48_x148.npy,0,8,48,148,0
sub-210,sub-210_negative_00048_z104_y152_x228.npy,sub-210_negative_00048_z104_y152_x228.npy,0,104,152,228,0
sub-210,sub-210_negative_00049_z136_y232_x152.npy,sub-210_negative_00049_z136_y232_x152.npy,0,136,232,152,0
sub-210,sub-210_negative_00050_z88_y176_x104.npy,sub-210_negative_00050_z88_y176_x104.npy,0,88,176,104,0
sub-210,sub-210_negative_00051_z128_y32_x216.npy,sub-210_negative_00051_z128_y32_x216.npy,0,128,32,216,0
sub-210,sub-210_negative_00052_z96_y64_x96.npy,sub-210_negative_00052_z96_y64_x96.npy,0,96,64,96,0
sub-210,sub-210_negative_00053_z48_y136_x184.npy,sub-210_negative_00053_z48_y136_x184.npy,0,48,136,184,0
sub-210,sub-210_negative_00054_z64_y0_x68.npy,sub-210_negative_00054_z64_y0_x68.npy,0,64,0,68,0
sub-210,sub-210_negative_00055_z64_y72_x188.npy,sub-210_negative_00055_z64_y72_x188.npy,0,64,72,188,0
sub-210,sub-210_negative_00056_z128_y152_x72.npy,sub-210_negative_00056_z128_y152_x72.npy,0,128,152,72,0
sub-210,sub-210_negative_00057_z72_y48_x108.npy,sub-210_negative_00057_z72_y48_x108.npy,0,72,48,108,0
sub-210,sub-210_negative_00058_z104_y48_x60.npy,sub-210_negative_00058_z104_y48_x60.npy,0,104,48,60,0
sub-210,sub-210_negative_00059_z104_y80_x224.npy,sub-210_negative_00059_z104_y80_x224.npy,0,104,80,224,0
sub-210,sub-210_negative_00060_z56_y48_x200.npy,sub-210_negative_00060_z56_y48_x200.npy,0,56,48,200,0
sub-210,sub-210_negative_00061_z48_y152_x184.npy,sub-210_negative_00061_z48_y152_x184.npy,0,48,152,184,0
sub-210,sub-210_negative_00062_z104_y208_x168.npy,sub-210_negative_00062_z104_y208_x168.npy,0,104,208,168,0
sub-210,sub-210_negative_00063_z8_y88_x44.npy,sub-210_negative_00063_z8_y88_x44.npy,0,8,88,44,0
sub-210,sub-210_negative_00064_z88_y104_x204.npy,sub-210_negative_00064_z88_y104_x204.npy,0,88,104,204,0
sub-210,sub-210_negative_00065_z96_y64_x128.npy,sub-210_negative_00065_z96_y64_x128.npy,0,96,64,128,0
sub-210,sub-210_negative_00066_z112_y208_x16.npy,sub-210_negative_00066_z112_y208_x16.npy,0,112,208,16,0
sub-210,sub-210_negative_00067_z8_y128_x68.npy,sub-210_negative_00067_z8_y128_x68.npy,0,8,128,68,0
sub-210,sub-210_negative_00068_z32_y232_x40.npy,sub-210_negative_00068_z32_y232_x40.npy,0,32,232,40,0
sub-210,sub-210_negative_00069_z8_y176_x116.npy,sub-210_negative_00069_z8_y176_x116.npy,0,8,176,116,0
sub-210,sub-210_negative_00070_z136_y104_x76.npy,sub-210_negative_00070_z136_y104_x76.npy,0,136,104,76,0
sub-210,sub-210_negative_00071_z104_y144_x156.npy,sub-210_negative_00071_z104_y144_x156.npy,0,104,144,156,0
sub-210,sub-210_negative_00072_z0_y184_x148.npy,sub-210_negative_00072_z0_y184_x148.npy,0,0,184,148,0
sub-210,sub-210_negative_00073_z120_y96_x76.npy,sub-210_negative_00073_z120_y96_x76.npy,0,120,96,76,0
sub-210,sub-210_negative_00074_z96_y136_x152.npy,sub-210_negative_00074_z96_y136_x152.npy,0,96,136,152,0
sub-210,sub-210_negative_00075_z56_y192_x232.npy,sub-210_negative_00075_z56_y192_x232.npy,0,56,192,232,0
sub-210,sub-210_negative_00076_z120_y96_x144.npy,sub-210_negative_00076_z120_y96_x144.npy,0,120,96,144,0
sub-210,sub-210_negative_00077_z24_y112_x232.npy,sub-210_negative_00077_z24_y112_x232.npy,0,24,112,232,0
sub-210,sub-210_negative_00078_z48_y128_x52.npy,sub-210_negative_00078_z48_y128_x52.npy,0,48,128,52,0
sub-210,sub-210_negative_00079_z8_y32_x96.npy,sub-210_negative_00079_z8_y32_x96.npy,0,8,32,96,0
sub-210,sub-210_negative_00080_z8_y160_x172.npy,sub-210_negative_00080_z8_y160_x172.npy,0,8,160,172,0
sub-210,sub-210_negative_00081_z64_y232_x132.npy,sub-210_negative_00081_z64_y232_x132.npy,0,64,232,132,0
sub-210,sub-210_negative_00082_z136_y120_x104.npy,sub-210_negative_00082_z136_y120_x104.npy,0,136,120,104,0
sub-210,sub-210_negative_00083_z56_y208_x72.npy,sub-210_negative_00083_z56_y208_x72.npy,0,56,208,72,0
sub-210,sub-210_negative_00084_z40_y144_x148.npy,sub-210_negative_00084_z40_y144_x148.npy,0,40,144,148,0
sub-210,sub-210_negative_00085_z112_y112_x112.npy,sub-210_negative_00085_z112_y112_x112.npy,0,112,112,112,0
sub-210,sub-210_negative_00086_z88_y80_x116.npy,sub-210_negative_00086_z88_y80_x116.npy,0,88,80,116,0
sub-210,sub-210_negative_00087_z96_y40_x124.npy,sub-210_negative_00087_z96_y40_x124.npy,0,96,40,124,0
sub-210,sub-210_negative_00088_z64_y104_x80.npy,sub-210_negative_00088_z64_y104_x80.npy,0,64,104,80,0
sub-210,sub-210_negative_00089_z112_y8_x20.npy,sub-210_negative_00089_z112_y8_x20.npy,0,112,8,20,0
sub-210,sub-210_negative_00090_z56_y88_x152.npy,sub-210_negative_00090_z56_y88_x152.npy,0,56,88,152,0
sub-210,sub-210_negative_00091_z48_y88_x28.npy,sub-210_negative_00091_z48_y88_x28.npy,0,48,88,28,0
sub-210,sub-210_negative_00092_z104_y88_x172.npy,sub-210_negative_00092_z104_y88_x172.npy,0,104,88,172,0
sub-210,sub-210_negative_00093_z16_y80_x24.npy,sub-210_negative_00093_z16_y80_x24.npy,0,16,80,24,0
sub-210,sub-210_negative_00094_z96_y80_x100.npy,sub-210_negative_00094_z96_y80_x100.npy,0,96,80,100,0
sub-210,sub-210_negative_00095_z40_y224_x44.npy,sub-210_negative_00095_z40_y224_x44.npy,0,40,224,44,0
sub-210,sub-210_negative_00096_z8_y144_x12.npy,sub-210_negative_00096_z8_y144_x12.npy,0,8,144,12,0
sub-210,sub-210_negative_00097_z80_y32_x152.npy,sub-210_negative_00097_z80_y32_x152.npy,0,80,32,152,0
sub-210,sub-210_negative_00098_z64_y16_x148.npy,sub-210_negative_00098_z64_y16_x148.npy,0,64,16,148,0
sub-210,sub-210_negative_00099_z112_y232_x104.npy,sub-210_negative_00099_z112_y232_x104.npy,0,112,232,104,0
sub-205,sub-205_negative_00000_z56_y200_x224.npy,sub-205_negative_00000_z56_y200_x224.npy,0,56,200,224,0
sub-205,sub-205_negative_00001_z128_y216_x112.npy,sub-205_negative_00001_z128_y216_x112.npy,0,128,216,112,0
sub-205,sub-205_negative_00002_z96_y8_x116.npy,sub-205_negative_00002_z96_y8_x116.npy,0,96,8,116,0
sub-205,sub-205_negative_00003_z64_y88_x164.npy,sub-205_negative_00003_z64_y88_x164.npy,0,64,88,164,0
sub-205,sub-205_negative_00004_z64_y16_x180.npy,sub-205_negative_00004_z64_y16_x180.npy,0,64,16,180,0
sub-205,sub-205_negative_00005_z104_y232_x168.npy,sub-205_negative_00005_z104_y232_x168.npy,0,104,232,168,0
sub-205,sub-205_negative_00006_z16_y184_x48.npy,sub-205_negative_00006_z16_y184_x48.npy,0,16,184,48,0
sub-205,sub-205_negative_00007_z40_y200_x184.npy,sub-205_negative_00007_z40_y200_x184.npy,0,40,200,184,0
sub-205,sub-205_negative_00008_z16_y232_x12.npy,sub-205_negative_00008_z16_y232_x12.npy,0,16,232,12,0
sub-205,sub-205_negative_00009_z96_y208_x104.npy,sub-205_negative_00009_z96_y208_x104.npy,0,96,208,104,0
sub-205,sub-205_negative_00010_z24_y64_x84.npy,sub-205_negative_00010_z24_y64_x84.npy,0,24,64,84,0
sub-205,sub-205_negative_00011_z64_y224_x104.npy,sub-205_negative_00011_z64_y224_x104.npy,0,64,224,104,0
sub-205,sub-205_negative_00012_z56_y184_x36.npy,sub-205_negative_00012_z56_y184_x36.npy,0,56,184,36,0
sub-205,sub-205_negative_00013_z112_y184_x76.npy,sub-205_negative_00013_z112_y184_x76.npy,0,112,184,76,0
sub-205,sub-205_negative_00014_z48_y152_x208.npy,sub-205_negative_00014_z48_y152_x208.npy,0,48,152,208,0
sub-205,sub-205_negative_00015_z96_y120_x128.npy,sub-205_negative_00015_z96_y120_x128.npy,0,96,120,128,0
sub-205,sub-205_negative_00016_z112_y232_x68.npy,sub-205_negative_00016_z112_y232_x68.npy,0,112,232,68,0
sub-205,sub-205_negative_00017_z24_y144_x120.npy,sub-205_negative_00017_z24_y144_x120.npy,0,24,144,120,0
sub-205,sub-205_negative_00018_z120_y224_x124.npy,sub-205_negative_00018_z120_y224_x124.npy,0,120,224,124,0
sub-205,sub-205_negative_00019_z136_y88_x212.npy,sub-205_negative_00019_z136_y88_x212.npy,0,136,88,212,0
sub-205,sub-205_negative_00020_z32_y16_x108.npy,sub-205_negative_00020_z32_y16_x108.npy,0,32,16,108,0
sub-205,sub-205_negative_00021_z128_y136_x140.npy,sub-205_negative_00021_z128_y136_x140.npy,0,128,136,140,0
sub-205,sub-205_negative_00022_z128_y8_x124.npy,sub-205_negative_00022_z128_y8_x124.npy,0,128,8,124,0
sub-205,sub-205_negative_00023_z16_y72_x0.npy,sub-205_negative_00023_z16_y72_x0.npy,0,16,72,0,0
sub-205,sub-205_negative_00024_z16_y208_x176.npy,sub-205_negative_00024_z16_y208_x176.npy,0,16,208,176,0
sub-205,sub-205_negative_00025_z120_y16_x84.npy,sub-205_negative_00025_z120_y16_x84.npy,0,120,16,84,0
sub-205,sub-205_negative_00026_z112_y72_x68.npy,sub-205_negative_00026_z112_y72_x68.npy,0,112,72,68,0
sub-205,sub-205_negative_00027_z24_y96_x52.npy,sub-205_negative_00027_z24_y96_x52.npy,0,24,96,52,0
sub-205,sub-205_negative_00028_z104_y152_x176.npy,sub-205_negative_00028_z104_y152_x176.npy,0,104,152,176,0
sub-205,sub-205_negative_00029_z16_y120_x112.npy,sub-205_negative_00029_z16_y120_x112.npy,0,16,120,112,0
sub-205,sub-205_negative_00030_z32_y72_x84.npy,sub-205_negative_00030_z32_y72_x84.npy,0,32,72,84,0
sub-205,sub-205_negative_00031_z72_y224_x212.npy,sub-205_negative_00031_z72_y224_x212.npy,0,72,224,212,0
sub-205,sub-205_negative_00032_z96_y136_x236.npy,sub-205_negative_00032_z96_y136_x236.npy,0,96,136,236,0
sub-205,sub-205_negative_00033_z72_y104_x128.npy,sub-205_negative_00033_z72_y104_x128.npy,0,72,104,128,0
sub-205,sub-205_negative_00034_z72_y184_x216.npy,sub-205_negative_00034_z72_y184_x216.npy,0,72,184,216,0
sub-205,sub-205_negative_00035_z40_y40_x164.npy,sub-205_negative_00035_z40_y40_x164.npy,0,40,40,164,0
sub-205,sub-205_negative_00036_z128_y64_x120.npy,sub-205_negative_00036_z128_y64_x120.npy,0,128,64,120,0
sub-205,sub-205_negative_00037_z112_y24_x92.npy,sub-205_negative_00037_z112_y24_x92.npy,0,112,24,92,0
sub-205,sub-205_negative_00038_z88_y128_x220.npy,sub-205_negative_00038_z88_y128_x220.npy,0,88,128,220,0
sub-205,sub-205_negative_00039_z104_y192_x120.npy,sub-205_negative_00039_z104_y192_x120.npy,0,104,192,120,0
sub-205,sub-205_negative_00040_z8_y152_x156.npy,sub-205_negative_00040_z8_y152_x156.npy,0,8,152,156,0
sub-205,sub-205_negative_00041_z120_y32_x100.npy,sub-205_negative_00041_z120_y32_x100.npy,0,120,32,100,0
sub-205,sub-205_negative_00042_z72_y192_x184.npy,sub-205_negative_00042_z72_y192_x184.npy,0,72,192,184,0
sub-205,sub-205_negative_00043_z48_y232_x48.npy,sub-205_negative_00043_z48_y232_x48.npy,0,48,232,48,0
sub-205,sub-205_negative_00044_z56_y224_x228.npy,sub-205_negative_00044_z56_y224_x228.npy,0,56,224,228,0
sub-205,sub-205_negative_00045_z64_y128_x168.npy,sub-205_negative_00045_z64_y128_x168.npy,0,64,128,168,0
sub-205,sub-205_negative_00046_z88_y72_x220.npy,sub-205_negative_00046_z88_y72_x220.npy,0,88,72,220,0
sub-205,sub-205_negative_00047_z8_y48_x148.npy,sub-205_negative_00047_z8_y48_x148.npy,0,8,48,148,0
sub-205,sub-205_negative_00048_z104_y152_x228.npy,sub-205_negative_00048_z104_y152_x228.npy,0,104,152,228,0
sub-205,sub-205_negative_00049_z136_y232_x152.npy,sub-205_negative_00049_z136_y232_x152.npy,0,136,232,152,0
sub-205,sub-205_negative_00050_z88_y176_x104.npy,sub-205_negative_00050_z88_y176_x104.npy,0,88,176,104,0
sub-205,sub-205_negative_00051_z128_y32_x216.npy,sub-205_negative_00051_z128_y32_x216.npy,0,128,32,216,0
sub-205,sub-205_negative_00052_z96_y64_x96.npy,sub-205_negative_00052_z96_y64_x96.npy,0,96,64,96,0
sub-205,sub-205_negative_00053_z48_y136_x184.npy,sub-205_negative_00053_z48_y136_x184.npy,0,48,136,184,0
sub-205,sub-205_negative_00054_z64_y0_x68.npy,sub-205_negative_00054_z64_y0_x68.npy,0,64,0,68,0
sub-205,sub-205_negative_00055_z64_y72_x188.npy,sub-205_negative_00055_z64_y72_x188.npy,0,64,72,188,0
sub-205,sub-205_negative_00056_z128_y152_x72.npy,sub-205_negative_00056_z128_y152_x72.npy,0,128,152,72,0
sub-205,sub-205_negative_00057_z72_y48_x108.npy,sub-205_negative_00057_z72_y48_x108.npy,0,72,48,108,0
sub-205,sub-205_negative_00058_z104_y48_x60.npy,sub-205_negative_00058_z104_y48_x60.npy,0,104,48,60,0
sub-205,sub-205_negative_00059_z104_y80_x224.npy,sub-205_negative_00059_z104_y80_x224.npy,0,104,80,224,0
sub-205,sub-205_negative_00060_z56_y48_x200.npy,sub-205_negative_00060_z56_y48_x200.npy,0,56,48,200,0
sub-205,sub-205_negative_00061_z48_y152_x184.npy,sub-205_negative_00061_z48_y152_x184.npy,0,48,152,184,0
sub-205,sub-205_negative_00062_z104_y208_x168.npy,sub-205_negative_00062_z104_y208_x168.npy,0,104,208,168,0
sub-205,sub-205_negative_00063_z8_y88_x44.npy,sub-205_negative_00063_z8_y88_x44.npy,0,8,88,44,0
sub-205,sub-205_negative_00064_z88_y104_x204.npy,sub-205_negative_00064_z88_y104_x204.npy,0,88,104,204,0
sub-205,sub-205_negative_00065_z96_y64_x128.npy,sub-205_negative_00065_z96_y64_x128.npy,0,96,64,128,0
sub-205,sub-205_negative_00066_z112_y208_x16.npy,sub-205_negative_00066_z112_y208_x16.npy,0,112,208,16,0
sub-205,sub-205_negative_00067_z8_y128_x68.npy,sub-205_negative_00067_z8_y128_x68.npy,0,8,128,68,0
sub-205,sub-205_negative_00068_z32_y232_x40.npy,sub-205_negative_00068_z32_y232_x40.npy,0,32,232,40,0
sub-205,sub-205_negative_00069_z8_y176_x116.npy,sub-205_negative_00069_z8_y176_x116.npy,0,8,176,116,0
sub-205,sub-205_negative_00070_z136_y104_x76.npy,sub-205_negative_00070_z136_y104_x76.npy,0,136,104,76,0
sub-205,sub-205_negative_00071_z104_y144_x156.npy,sub-205_negative_00071_z104_y144_x156.npy,0,104,144,156,0
sub-205,sub-205_negative_00072_z0_y184_x148.npy,sub-205_negative_00072_z0_y184_x148.npy,0,0,184,148,0
sub-205,sub-205_negative_00073_z120_y96_x76.npy,sub-205_negative_00073_z120_y96_x76.npy,0,120,96,76,0
sub-205,sub-205_negative_00074_z96_y136_x152.npy,sub-205_negative_00074_z96_y136_x152.npy,0,96,136,152,0
sub-205,sub-205_negative_00075_z56_y192_x232.npy,sub-205_negative_00075_z56_y192_x232.npy,0,56,192,232,0
sub-205,sub-205_negative_00076_z120_y96_x144.npy,sub-205_negative_00076_z120_y96_x144.npy,0,120,96,144,0
sub-205,sub-205_negative_00077_z24_y112_x232.npy,sub-205_negative_00077_z24_y112_x232.npy,0,24,112,232,0
sub-205,sub-205_negative_00078_z48_y128_x52.npy,sub-205_negative_00078_z48_y128_x52.npy,0,48,128,52,0
sub-205,sub-205_negative_00079_z8_y32_x96.npy,sub-205_negative_00079_z8_y32_x96.npy,0,8,32,96,0
sub-205,sub-205_negative_00080_z8_y160_x172.npy,sub-205_negative_00080_z8_y160_x172.npy,0,8,160,172,0
sub-205,sub-205_negative_00081_z64_y232_x132.npy,sub-205_negative_00081_z64_y232_x132.npy,0,64,232,132,0
sub-205,sub-205_negative_00082_z136_y120_x104.npy,sub-205_negative_00082_z136_y120_x104.npy,0,136,120,104,0
sub-205,sub-205_negative_00083_z56_y208_x72.npy,sub-205_negative_00083_z56_y208_x72.npy,0,56,208,72,0
sub-205,sub-205_negative_00084_z40_y144_x148.npy,sub-205_negative_00084_z40_y144_x148.npy,0,40,144,148,0
sub-205,sub-205_negative_00085_z112_y112_x112.npy,sub-205_negative_00085_z112_y112_x112.npy,0,112,112,112,0
sub-205,sub-205_negative_00086_z88_y80_x116.npy,sub-205_negative_00086_z88_y80_x116.npy,0,88,80,116,0
sub-205,sub-205_negative_00087_z96_y40_x124.npy,sub-205_negative_00087_z96_y40_x124.npy,0,96,40,124,0
sub-205,sub-205_negative_00088_z64_y104_x80.npy,sub-205_negative_00088_z64_y104_x80.npy,0,64,104,80,0
sub-205,sub-205_negative_00089_z112_y8_x20.npy,sub-205_negative_00089_z112_y8_x20.npy,0,112,8,20,0
sub-205,sub-205_negative_00090_z56_y88_x152.npy,sub-205_negative_00090_z56_y88_x152.npy,0,56,88,152,0
sub-205,sub-205_negative_00091_z48_y88_x28.npy,sub-205_negative_00091_z48_y88_x28.npy,0,48,88,28,0
sub-205,sub-205_negative_00092_z104_y88_x172.npy,sub-205_negative_00092_z104_y88_x172.npy,0,104,88,172,0
sub-205,sub-205_negative_00093_z16_y80_x24.npy,sub-205_negative_00093_z16_y80_x24.npy,0,16,80,24,0
sub-205,sub-205_negative_00094_z96_y80_x100.npy,sub-205_negative_00094_z96_y80_x100.npy,0,96,80,100,0
sub-205,sub-205_negative_00095_z40_y224_x44.npy,sub-205_negative_00095_z40_y224_x44.npy,0,40,224,44,0
sub-205,sub-205_negative_00096_z8_y144_x12.npy,sub-205_negative_00096_z8_y144_x12.npy,0,8,144,12,0
sub-205,sub-205_negative_00097_z80_y32_x152.npy,sub-205_negative_00097_z80_y32_x152.npy,0,80,32,152,0
sub-205,sub-205_negative_00098_z64_y16_x148.npy,sub-205_negative_00098_z64_y16_x148.npy,0,64,16,148,0
sub-205,sub-205_negative_00099_z112_y232_x104.npy,sub-205_negative_00099_z112_y232_x104.npy,0,112,232,104,0
sub-223,sub-223_positive_00000_z8_y88_x112.npy,sub-223_positive_00000_z8_y88_x112.npy,1,8,88,112,4
sub-223,sub-223_positive_00001_z8_y88_x116.npy,sub-223_positive_00001_z8_y88_x116.npy,1,8,88,116,4
sub-223,sub-223_positive_00002_z8_y96_x112.npy,sub-223_positive_00002_z8_y96_x112.npy,1,8,96,112,4
sub-223,sub-223_positive_00003_z8_y96_x116.npy,sub-223_positive_00003_z8_y96_x116.npy,1,8,96,116,4
sub-223,sub-223_positive_00004_z16_y88_x112.npy,sub-223_positive_00004_z16_y88_x112.npy,1,16,88,112,5
sub-223,sub-223_positive_00005_z16_y88_x116.npy,sub-223_positive_00005_z16_y88_x116.npy,1,16,88,116,5
sub-223,sub-223_positive_00006_z16_y96_x112.npy,sub-223_positive_00006_z16_y96_x112.npy,1,16,96,112,5
sub-223,sub-223_positive_00007_z16_y96_x116.npy,sub-223_positive_00007_z16_y96_x116.npy,1,16,96,116,5
sub-223,sub-223_positive_00008_z24_y88_x112.npy,sub-223_positive_00008_z24_y88_x112.npy,1,24,88,112,1
sub-223,sub-223_positive_00009_z24_y88_x116.npy,sub-223_positive_00009_z24_y88_x116.npy,1,24,88,116,1
sub-223,sub-223_positive_00010_z24_y96_x112.npy,sub-223_positive_00010_z24_y96_x112.npy,1,24,96,112,1
sub-223,sub-223_positive_00011_z24_y96_x116.npy,sub-223_positive_00011_z24_y96_x116.npy,1,24,96,116,1
sub-223,sub-223_negative_00012_z56_y208_x8.npy,sub-223_negative_00012_z56_y208_x8.npy,0,56,208,8,0
sub-223,sub-223_negative_00013_z128_y216_x116.npy,sub-223_negative_00013_z128_y216_x116.npy,0,128,216,116,0
sub-223,sub-223_negative_00014_z96_y8_x132.npy,sub-223_negative_00014_z96_y8_x132.npy,0,96,8,132,0
sub-223,sub-223_negative_00015_z64_y88_x188.npy,sub-223_negative_00015_z64_y88_x188.npy,0,64,88,188,0
sub-223,sub-223_negative_00016_z64_y16_x204.npy,sub-223_negative_00016_z64_y16_x204.npy,0,64,16,204,0
sub-223,sub-223_negative_00017_z104_y232_x176.npy,sub-223_negative_00017_z104_y232_x176.npy,0,104,232,176,0
sub-223,sub-223_negative_00018_z16_y184_x72.npy,sub-223_negative_00018_z16_y184_x72.npy,0,16,184,72,0
sub-223,sub-223_negative_00019_z40_y200_x216.npy,sub-223_negative_00019_z40_y200_x216.npy,0,40,200,216,0
sub-223,sub-223_negative_00020_z16_y232_x36.npy,sub-223_negative_00020_z16_y232_x36.npy,0,16,232,36,0
sub-223,sub-223_negative_00021_z96_y208_x120.npy,sub-223_negative_00021_z96_y208_x120.npy,0,96,208,120,0
sub-223,sub-223_negative_00022_z24_y64_x104.npy,sub-223_negative_00022_z24_y64_x104.npy,0,24,64,104,0
sub-223,sub-223_negative_00023_z64_y224_x128.npy,sub-223_negative_00023_z64_y224_x128.npy,0,64,224,128,0
sub-223,sub-223_negative_00024_z56_y184_x64.npy,sub-223_negative_00024_z56_y184_x64.npy,0,56,184,64,0
sub-223,sub-223_negative_00025_z112_y184_x84.npy,sub-223_negative_00025_z112_y184_x84.npy,0,112,184,84,0
sub-223,sub-223_negative_00026_z48_y152_x236.npy,sub-223_negative_00026_z48_y152_x236.npy,0,48,152,236,0
sub-223,sub-223_negative_00027_z96_y120_x140.npy,sub-223_negative_00027_z96_y120_x140.npy,0,96,120,140,0
sub-223,sub-223_negative_00028_z112_y232_x76.npy,sub-223_negative_00028_z112_y232_x76.npy,0,112,232,76,0
sub-223,sub-223_negative_00029_z24_y144_x156.npy,sub-223_negative_00029_z24_y144_x156.npy,0,24,144,156,0
sub-223,sub-223_negative_00030_z120_y224_x128.npy,sub-223_negative_00030_z120_y224_x128.npy,0,120,224,128,0
sub-223,sub-223_negative_00031_z136_y88_x216.npy,sub-223_negative_00031_z136_y88_x216.npy,0,136,88,216,0
sub-223,sub-223_negative_00032_z32_y16_x148.npy,sub-223_negative_00032_z32_y16_x148.npy,0,32,16,148,0
sub-223,sub-223_negative_00033_z128_y136_x144.npy,sub-223_negative_00033_z128_y136_x144.npy,0,128,136,144,0
sub-223,sub-223_negative_00034_z128_y8_x132.npy,sub-223_negative_00034_z128_y8_x132.npy,0,128,8,132,0
sub-223,sub-223_negative_00035_z16_y72_x12.npy,sub-223_negative_00035_z16_y72_x12.npy,0,16,72,12,0
sub-223,sub-223_negative_00036_z16_y208_x200.npy,sub-223_negative_00036_z16_y208_x200.npy,0,16,208,200,0
sub-223,sub-223_negative_00037_z120_y16_x92.npy,sub-223_negative_00037_z120_y16_x92.npy,0,120,16,92,0
sub-223,sub-223_negative_00038_z112_y72_x80.npy,sub-223_negative_00038_z112_y72_x80.npy,0,112,72,80,0
sub-223,sub-223_negative_00039_z24_y96_x84.npy,sub-223_negative_00039_z24_y96_x84.npy,0,24,96,84,0
sub-223,sub-223_negative_00040_z104_y152_x188.npy,sub-223_negative_00040_z104_y152_x188.npy,0,104,152,188,0
sub-223,sub-223_negative_00041_z16_y120_x136.npy,sub-223_negative_00041_z16_y120_x136.npy,0,16,120,136,0
sub-223,sub-223_negative_00042_z32_y72_x120.npy,sub-223_negative_00042_z32_y72_x120.npy,0,32,72,120,0
sub-223,sub-223_negative_00043_z72_y224_x232.npy,sub-223_negative_00043_z72_y224_x232.npy,0,72,224,232,0
sub-223,sub-223_negative_00044_z96_y144_x8.npy,sub-223_negative_00044_z96_y144_x8.npy,0,96,144,8,0
sub-223,sub-223_negative_00045_z72_y104_x152.npy,sub-223_negative_00045_z72_y104_x152.npy,0,72,104,152,0
sub-223,sub-223_negative_00046_z72_y184_x240.npy,sub-223_negative_00046_z72_y184_x240.npy,0,72,184,240,0
sub-223,sub-223_negative_00047_z40_y40_x196.npy,sub-223_negative_00047_z40_y40_x196.npy,0,40,40,196,0
sub-223,sub-223_negative_00048_z128_y64_x124.npy,sub-223_negative_00048_z128_y64_x124.npy,0,128,64,124,0
sub-223,sub-223_negative_00049_z112_y24_x104.npy,sub-223_negative_00049_z112_y24_x104.npy,0,112,24,104,0
sub-223,sub-223_negative_00050_z88_y128_x236.npy,sub-223_negative_00050_z88_y128_x236.npy,0,88,128,236,0
sub-223,sub-223_negative_00051_z104_y192_x132.npy,sub-223_negative_00051_z104_y192_x132.npy,0,104,192,132,0
sub-223,sub-223_negative_00052_z8_y152_x168.npy,sub-223_negative_00052_z8_y152_x168.npy,0,8,152,168,0
sub-223,sub-223_negative_00053_z120_y32_x108.npy,sub-223_negative_00053_z120_y32_x108.npy,0,120,32,108,0
sub-223,sub-223_negative_00054_z72_y192_x204.npy,sub-223_negative_00054_z72_y192_x204.npy,0,72,192,204,0
sub-223,sub-223_negative_00055_z48_y232_x76.npy,sub-223_negative_00055_z48_y232_x76.npy,0,48,232,76,0
sub-223,sub-223_negative_00056_z56_y232_x8.npy,sub-223_negative_00056_z56_y232_x8.npy,0,56,232,8,0
sub-223,sub-223_negative_00057_z64_y128_x192.npy,sub-223_negative_00057_z64_y128_x192.npy,0,64,128,192,0
sub-223,sub-223_negative_00058_z88_y72_x240.npy,sub-223_negative_00058_z88_y72_x240.npy,0,88,72,240,0
sub-223,sub-223_negative_00059_z8_y48_x144.npy,sub-223_negative_00059_z8_y48_x144.npy,0,8,48,144,0
sub-223,sub-223_negative_00060_z104_y152_x240.npy,sub-223_negative_00060_z104_y152_x240.npy,0,104,152,240,0
sub-223,sub-223_negative_00061_z32_y16_x144.npy,sub-223_negative_00061_z32_y16_x144.npy,0,32,16,144,0
sub-223,sub-223_negative_00062_z88_y176_x120.npy,sub-223_negative_00062_z88_y176_x120.npy,0,88,176,120,0
sub-223,sub-223_negative_00063_z128_y32_x220.npy,sub-223_negative_00063_z128_y32_x220.npy,0,128,32,220,0
sub-223,sub-223_negative_00064_z96_y64_x112.npy,sub-223_negative_00064_z96_y64_x112.npy,0,96,64,112,0
sub-223,sub-223_negative_00065_z48_y136_x216.npy,sub-223_negative_00065_z48_y136_x216.npy,0,48,136,216,0
sub-223,sub-223_negative_00066_z64_y0_x92.npy,sub-223_negative_00066_z64_y0_x92.npy,0,64,0,92,0
sub-223,sub-223_negative_00067_z64_y72_x216.npy,sub-223_negative_00067_z64_y72_x216.npy,0,64,72,216,0
sub-223,sub-223_negative_00068_z128_y152_x76.npy,sub-223_negative_00068_z128_y152_x76.npy,0,128,152,76,0
sub-223,sub-223_negative_00069_z72_y48_x128.npy,sub-223_negative_00069_z72_y48_x128.npy,0,72,48,128,0
sub-223,sub-223_negative_00070_z104_y48_x72.npy,sub-223_negative_00070_z104_y48_x72.npy,0,104,48,72,0
sub-223,sub-223_negative_00071_z104_y80_x236.npy,sub-223_negative_00071_z104_y80_x236.npy,0,104,80,236,0
sub-223,sub-223_negative_00072_z56_y48_x228.npy,sub-223_negative_00072_z56_y48_x228.npy,0,56,48,228,0
sub-223,sub-223_negative_00073_z48_y152_x212.npy,sub-223_negative_00073_z48_y152_x212.npy,0,48,152,212,0
sub-223,sub-223_negative_00074_z104_y208_x176.npy,sub-223_negative_00074_z104_y208_x176.npy,0,104,208,176,0
sub-223,sub-223_negative_00075_z8_y88_x40.npy,sub-223_negative_00075_z8_y88_x40.npy,0,8,88,40,0
sub-223,sub-223_negative_00076_z88_y104_x220.npy,sub-223_negative_00076_z88_y104_x220.npy,0,88,104,220,0
sub-223,sub-223_negative_00077_z96_y64_x140.npy,sub-223_negative_00077_z96_y64_x140.npy,0,96,64,140,0
sub-223,sub-223_negative_00078_z112_y208_x24.npy,sub-223_negative_00078_z112_y208_x24.npy,0,112,208,24,0
sub-223,sub-223_negative_00079_z8_y128_x80.npy,sub-223_negative_00079_z8_y128_x80.npy,0,8,128,80,0
sub-223,sub-223_negative_00080_z32_y232_x76.npy,sub-223_negative_00080_z32_y232_x76.npy,0,32,232,76,0
sub-223,sub-223_negative_00081_z8_y176_x128.npy,sub-223_negative_00081_z8_y176_x128.npy,0,8,176,128,0
sub-223,sub-223_negative_00082_z136_y104_x76.npy,sub-223_negative_00082_z136_y104_x76.npy,0,136,104,76,0
sub-223,sub-223_negative_00083_z104_y144_x168.npy,sub-223_negative_00083_z104_y144_x168.npy,0,104,144,168,0
sub-223,sub-223_negative_00084_z0_y184_x148.npy,sub-223_negative_00084_z0_y184_x148.npy,0,0,184,148,0
sub-223,sub-223_negative_00085_z120_y96_x84.npy,sub-223_negative_00085_z120_y96_x84.npy,0,120,96,84,0
sub-223,sub-223_negative_00086_z96_y136_x164.npy,sub-223_negative_00086_z96_y136_x164.npy,0,96,136,164,0
sub-223,sub-223_negative_00087_z56_y200_x12.npy,sub-223_negative_00087_z56_y200_x12.npy,0,56,200,12,0
sub-223,sub-223_negative_00088_z120_y96_x148.npy,sub-223_negative_00088_z120_y96_x148.npy,0,120,96,148,0
sub-223,sub-223_negative_00089_z24_y120_x24.npy,sub-223_negative_00089_z24_y120_x24.npy,0,24,120,24,0
sub-223,sub-223_negative_00090_z48_y128_x84.npy,sub-223_negative_00090_z48_y128_x84.npy,0,48,128,84,0
sub-223,sub-223_negative_00091_z8_y32_x92.npy,sub-223_negative_00091_z8_y32_x92.npy,0,8,32,92,0
sub-223,sub-223_negative_00092_z8_y160_x184.npy,sub-223_negative_00092_z8_y160_x184.npy,0,8,160,184,0
sub-223,sub-223_negative_00093_z64_y232_x156.npy,sub-223_negative_00093_z64_y232_x156.npy,0,64,232,156,0
sub-223,sub-223_negative_00094_z136_y120_x104.npy,sub-223_negative_00094_z136_y120_x104.npy,0,136,120,104,0
sub-223,sub-223_negative_00095_z56_y208_x100.npy,sub-223_negative_00095_z56_y208_x100.npy,0,56,208,100,0
sub-223,sub-223_negative_00096_z40_y144_x180.npy,sub-223_negative_00096_z40_y144_x180.npy,0,40,144,180,0
sub-223,sub-223_negative_00097_z112_y112_x120.npy,sub-223_negative_00097_z112_y112_x120.npy,0,112,112,120,0
sub-223,sub-223_negative_00098_z88_y80_x132.npy,sub-223_negative_00098_z88_y80_x132.npy,0,88,80,132,0
sub-223,sub-223_negative_00099_z96_y40_x136.npy,sub-223_negative_00099_z96_y40_x136.npy,0,96,40,136,0
sub-223,sub-223_negative_00100_z64_y104_x104.npy,sub-223_negative_00100_z64_y104_x104.npy,0,64,104,104,0
sub-223,sub-223_negative_00101_z112_y8_x28.npy,sub-223_negative_00101_z112_y8_x28.npy,0,112,8,28,0
sub-223,sub-223_negative_00102_z56_y88_x180.npy,sub-223_negative_00102_z56_y88_x180.npy,0,56,88,180,0
sub-223,sub-223_negative_00103_z48_y88_x56.npy,sub-223_negative_00103_z48_y88_x56.npy,0,48,88,56,0
sub-223,sub-223_negative_00104_z104_y88_x184.npy,sub-223_negative_00104_z104_y88_x184.npy,0,104,88,184,0
sub-223,sub-223_negative_00105_z16_y80_x32.npy,sub-223_negative_00105_z16_y80_x32.npy,0,16,80,32,0
sub-223,sub-223_negative_00106_z96_y80_x116.npy,sub-223_negative_00106_z96_y80_x116.npy,0,96,80,116,0
sub-223,sub-223_negative_00107_z40_y224_x76.npy,sub-223_negative_00107_z40_y224_x76.npy,0,40,224,76,0
sub-223,sub-223_negative_00108_z8_y144_x24.npy,sub-223_negative_00108_z8_y144_x24.npy,0,8,144,24,0
sub-223,sub-223_negative_00109_z80_y32_x172.npy,sub-223_negative_00109_z80_y32_x172.npy,0,80,32,172,0
sub-223,sub-223_negative_00110_z64_y16_x176.npy,sub-223_negative_00110_z64_y16_x176.npy,0,64,16,176,0
sub-223,sub-223_negative_00111_z112_y232_x112.npy,sub-223_negative_00111_z112_y232_x112.npy,0,112,232,112,0
sub-308,sub-308_positive_00000_z16_y56_x96.npy,sub-308_positive_00000_z16_y56_x96.npy,1,16,56,96,18
sub-308,sub-308_positive_00001_z16_y56_x100.npy,sub-308_positive_00001_z16_y56_x100.npy,1,16,56,100,45
sub-308,sub-308_positive_00002_z16_y56_x104.npy,sub-308_positive_00002_z16_y56_x104.npy,1,16,56,104,27
sub-308,sub-308_positive_00003_z16_y64_x96.npy,sub-308_positive_00003_z16_y64_x96.npy,1,16,64,96,18
sub-308,sub-308_positive_00004_z16_y64_x100.npy,sub-308_positive_00004_z16_y64_x100.npy,1,16,64,100,45
sub-308,sub-308_positive_00005_z16_y64_x104.npy,sub-308_positive_00005_z16_y64_x104.npy,1,16,64,104,27
sub-308,sub-308_positive_00006_z24_y56_x96.npy,sub-308_positive_00006_z24_y56_x96.npy,1,24,56,96,18
sub-308,sub-308_positive_00007_z24_y56_x100.npy,sub-308_positive_00007_z24_y56_x100.npy,1,24,56,100,45
sub-308,sub-308_positive_00008_z24_y56_x104.npy,sub-308_positive_00008_z24_y56_x104.npy,1,24,56,104,27
sub-308,sub-308_positive_00009_z24_y64_x96.npy,sub-308_positive_00009_z24_y64_x96.npy,1,24,64,96,18
sub-308,sub-308_positive_00010_z24_y64_x100.npy,sub-308_positive_00010_z24_y64_x100.npy,1,24,64,100,45
sub-308,sub-308_positive_00011_z24_y64_x104.npy,sub-308_positive_00011_z24_y64_x104.npy,1,24,64,104,27
sub-308,sub-308_negative_00012_z40_y168_x36.npy,sub-308_negative_00012_z40_y168_x36.npy,0,40,168,36,0
sub-308,sub-308_negative_00013_z96_y48_x168.npy,sub-308_negative_00013_z96_y48_x168.npy,0,96,48,168,0
sub-308,sub-308_negative_00014_z64_y168_x196.npy,sub-308_negative_00014_z64_y168_x196.npy,0,64,168,196,0
sub-308,sub-308_negative_00015_z48_y8_x212.npy,sub-308_negative_00015_z48_y8_x212.npy,0,48,8,212,0
sub-308,sub-308_negative_00016_z40_y208_x36.npy,sub-308_negative_00016_z40_y208_x36.npy,0,40,208,36,0
sub-308,sub-308_negative_00017_z80_y24_x28.npy,sub-308_negative_00017_z80_y24_x28.npy,0,80,24,28,0
sub-308,sub-308_negative_00018_z16_y0_x8.npy,sub-308_negative_00018_z16_y0_x8.npy,0,16,0,8,0
sub-308,sub-308_negative_00019_z32_y56_x64.npy,sub-308_negative_00019_z32_y56_x64.npy,0,32,56,64,0
sub-308,sub-308_negative_00020_z16_y32_x100.npy,sub-308_negative_00020_z16_y32_x100.npy,0,16,32,100,0
sub-308,sub-308_negative_00021_z72_y72_x56.npy,sub-308_negative_00021_z72_y72_x56.npy,0,72,72,56,0
sub-308,sub-308_negative_00022_z16_y88_x100.npy,sub-308_negative_00022_z16_y88_x100.npy,0,16,88,100,0
sub-308,sub-308_negative_00023_z48_y112_x88.npy,sub-308_negative_00023_z48_y112_x88.npy,0,48,112,88,0
sub-308,sub-308_negative_00024_z40_y144_x240.npy,sub-308_negative_00024_z40_y144_x240.npy,0,40,144,240,0
sub-308,sub-308_negative_00025_z80_y160_x164.npy,sub-308_negative_00025_z80_y160_x164.npy,0,80,160,164,0
sub-308,sub-308_negative_00026_z32_y200_x56.npy,sub-308_negative_00026_z32_y200_x56.npy,0,32,200,56,0
sub-308,sub-308_negative_00027_z72_y8_x16.npy,sub-308_negative_00027_z72_y8_x16.npy,0,72,8,16,0
sub-308,sub-308_negative_00028_z80_y200_x72.npy,sub-308_negative_00028_z80_y200_x72.npy,0,80,200,72,0
sub-308,sub-308_negative_00029_z16_y144_x240.npy,sub-308_negative_00029_z16_y144_x240.npy,0,16,144,240,0
sub-308,sub-308_negative_00030_z88_y120_x232.npy,sub-308_negative_00030_z88_y120_x232.npy,0,88,120,232,0
sub-308,sub-308_negative_00031_z96_y136_x88.npy,sub-308_negative_00031_z96_y136_x88.npy,0,96,136,88,0
sub-308,sub-308_negative_00032_z16_y232_x96.npy,sub-308_negative_00032_z16_y232_x96.npy,0,16,232,96,0
sub-308,sub-308_negative_00033_z88_y240_x56.npy,sub-308_negative_00033_z88_y240_x56.npy,0,88,240,56,0
sub-308,sub-308_negative_00034_z88_y144_x52.npy,sub-308_negative_00034_z88_y144_x52.npy,0,88,144,52,0
sub-308,sub-308_negative_00035_z8_y160_x108.npy,sub-308_negative_00035_z8_y160_x108.npy,0,8,160,108,0
sub-308,sub-308_negative_00036_z16_y16_x172.npy,sub-308_negative_00036_z16_y16_x172.npy,0,16,16,172,0
sub-308,sub-308_negative_00037_z80_y216_x92.npy,sub-308_negative_00037_z80_y216_x92.npy,0,80,216,92,0
sub-308,sub-308_negative_00038_z80_y80_x80.npy,sub-308_negative_00038_z80_y80_x80.npy,0,80,80,80,0
sub-308,sub-308_negative_00039_z16_y112_x80.npy,sub-308_negative_00039_z16_y112_x80.npy,0,16,112,80,0
sub-308,sub-308_negative_00040_z72_y208_x172.npy,sub-308_negative_00040_z72_y208_x172.npy,0,72,208,172,0
sub-308,sub-308_negative_00041_z8_y200_x72.npy,sub-308_negative_00041_z8_y200_x72.npy,0,8,200,72,0
sub-308,sub-308_negative_00042_z24_y24_x144.npy,sub-308_negative_00042_z24_y24_x144.npy,0,24,24,144,0
sub-308,sub-308_negative_00043_z56_y48_x0.npy,sub-308_negative_00043_z56_y48_x0.npy,0,56,48,0,0
sub-308,sub-308_negative_00044_z72_y24_x24.npy,sub-308_negative_00044_z72_y24_x24.npy,0,72,24,24,0
sub-308,sub-308_negative_00045_z48_y200_x128.npy,sub-308_negative_00045_z48_y200_x128.npy,0,48,200,128,0
sub-308,sub-308_negative_00046_z56_y16_x68.npy,sub-308_negative_00046_z56_y16_x68.npy,0,56,16,68,0
sub-308,sub-308_negative_00047_z24_y184_x76.npy,sub-308_negative_00047_z24_y184_x76.npy,0,24,184,76,0
sub-308,sub-308_negative_00048_z88_y184_x116.npy,sub-308_negative_00048_z88_y184_x116.npy,0,88,184,116,0
sub-308,sub-308_negative_00049_z80_y40_x192.npy,sub-308_negative_00049_z80_y40_x192.npy,0,80,40,192,0
sub-308,sub-308_negative_00050_z64_y80_x196.npy,sub-308_negative_00050_z64_y80_x196.npy,0,64,80,196,0
sub-308,sub-308_negative_00051_z72_y240_x88.npy,sub-308_negative_00051_z72_y240_x88.npy,0,72,240,88,0
sub-308,sub-308_negative_00052_z8_y48_x0.npy,sub-308_negative_00052_z8_y48_x0.npy,0,8,48,0,0
sub-308,sub-308_negative_00053_z80_y232_x32.npy,sub-308_negative_00053_z80_y232_x32.npy,0,80,232,32,0
sub-308,sub-308_negative_00054_z56_y16_x244.npy,sub-308_negative_00054_z56_y16_x244.npy,0,56,16,244,0
sub-308,sub-308_negative_00055_z40_y8_x56.npy,sub-308_negative_00055_z40_y8_x56.npy,0,40,8,56,0
sub-308,sub-308_negative_00056_z40_y184_x76.npy,sub-308_negative_00056_z40_y184_x76.npy,0,40,184,76,0
sub-308,sub-308_negative_00057_z48_y40_x156.npy,sub-308_negative_00057_z48_y40_x156.npy,0,48,40,156,0
sub-308,sub-308_negative_00058_z64_y40_x180.npy,sub-308_negative_00058_z64_y40_x180.npy,0,64,40,180,0
sub-308,sub-308_negative_00059_z0_y216_x72.npy,sub-308_negative_00059_z0_y216_x72.npy,0,0,216,72,0
sub-308,sub-308_negative_00060_z72_y208_x184.npy,sub-308_negative_00060_z72_y208_x184.npy,0,72,208,184,0
sub-308,sub-308_negative_00061_z16_y232_x104.npy,sub-308_negative_00061_z16_y232_x104.npy,0,16,232,104,0
sub-308,sub-308_negative_00062_z64_y112_x212.npy,sub-308_negative_00062_z64_y112_x212.npy,0,64,112,212,0
sub-308,sub-308_negative_00063_z88_y160_x220.npy,sub-308_negative_00063_z88_y160_x220.npy,0,88,160,220,0
sub-308,sub-308_negative_00064_z64_y208_x224.npy,sub-308_negative_00064_z64_y208_x224.npy,0,64,208,224,0
sub-308,sub-308_negative_00065_z32_y184_x164.npy,sub-308_negative_00065_z32_y184_x164.npy,0,32,184,164,0
sub-308,sub-308_negative_00066_z40_y192_x84.npy,sub-308_negative_00066_z40_y192_x84.npy,0,40,192,84,0
sub-308,sub-308_negative_00067_z48_y0_x116.npy,sub-308_negative_00067_z48_y0_x116.npy,0,48,0,116,0
sub-308,sub-308_negative_00068_z96_y0_x96.npy,sub-308_negative_00068_z96_y0_x96.npy,0,96,0,96,0
sub-308,sub-308_negative_00069_z48_y160_x60.npy,sub-308_negative_00069_z48_y160_x60.npy,0,48,160,60,0
sub-308,sub-308_negative_00070_z72_y128_x136.npy,sub-308_negative_00070_z72_y128_x136.npy,0,72,128,136,0
sub-308,sub-308_negative_00071_z72_y160_x36.npy,sub-308_negative_00071_z72_y160_x36.npy,0,72,160,36,0
sub-308,sub-308_negative_00072_z40_y48_x204.npy,sub-308_negative_00072_z40_y48_x204.npy,0,40,48,204,0
sub-308,sub-308_negative_00073_z32_y200_x20.npy,sub-308_negative_00073_z32_y200_x20.npy,0,32,200,20,0
sub-308,sub-308_negative_00074_z80_y0_x184.npy,sub-308_negative_00074_z80_y0_x184.npy,0,80,0,184,0
sub-308,sub-308_negative_00075_z0_y240_x176.npy,sub-308_negative_00075_z0_y240_x176.npy,0,0,240,176,0
sub-308,sub-308_negative_00076_z64_y64_x168.npy,sub-308_negative_00076_z64_y64_x168.npy,0,64,64,168,0
sub-308,sub-308_negative_00077_z64_y216_x20.npy,sub-308_negative_00077_z64_y216_x20.npy,0,64,216,20,0
sub-308,sub-308_negative_00078_z80_y176_x188.npy,sub-308_negative_00078_z80_y176_x188.npy,0,80,176,188,0
sub-308,sub-308_negative_00079_z8_y24_x124.npy,sub-308_negative_00079_z8_y24_x124.npy,0,8,24,124,0
sub-308,sub-308_negative_00080_z24_y144_x100.npy,sub-308_negative_00080_z24_y144_x100.npy,0,24,144,100,0
sub-308,sub-308_negative_00081_z8_y64_x36.npy,sub-308_negative_00081_z8_y64_x36.npy,0,8,64,36,0
sub-308,sub-308_negative_00082_z96_y144_x88.npy,sub-308_negative_00082_z96_y144_x88.npy,0,96,144,88,0
sub-308,sub-308_negative_00083_z72_y200_x216.npy,sub-308_negative_00083_z72_y200_x216.npy,0,72,200,216,0
sub-308,sub-308_negative_00084_z0_y136_x152.npy,sub-308_negative_00084_z0_y136_x152.npy,0,0,136,152,0
sub-308,sub-308_negative_00085_z88_y24_x188.npy,sub-308_negative_00085_z88_y24_x188.npy,0,88,24,188,0
sub-308,sub-308_negative_00086_z72_y16_x184.npy,sub-308_negative_00086_z72_y16_x184.npy,0,72,16,184,0
sub-308,sub-308_negative_00087_z40_y160_x108.npy,sub-308_negative_00087_z40_y160_x108.npy,0,40,160,108,0
sub-308,sub-308_negative_00088_z88_y32_x12.npy,sub-308_negative_00088_z88_y32_x12.npy,0,88,32,12,0
sub-308,sub-308_negative_00089_z16_y128_x88.npy,sub-308_negative_00089_z16_y128_x88.npy,0,16,128,88,0
sub-308,sub-308_negative_00090_z32_y176_x124.npy,sub-308_negative_00090_z32_y176_x124.npy,0,32,176,124,0
sub-308,sub-308_negative_00091_z0_y200_x160.npy,sub-308_negative_00091_z0_y200_x160.npy,0,0,200,160,0
sub-308,sub-308_negative_00092_z8_y48_x200.npy,sub-308_negative_00092_z8_y48_x200.npy,0,8,48,200,0
sub-308,sub-308_negative_00093_z48_y120_x24.npy,sub-308_negative_00093_z48_y120_x24.npy,0,48,120,24,0
sub-308,sub-308_negative_00094_z96_y152_x204.npy,sub-308_negative_00094_z96_y152_x204.npy,0,96,152,204,0
sub-308,sub-308_negative_00095_z40_y168_x76.npy,sub-308_negative_00095_z40_y168_x76.npy,0,40,168,76,0
sub-308,sub-308_negative_00096_z32_y8_x240.npy,sub-308_negative_00096_z32_y8_x240.npy,0,32,8,240,0
sub-308,sub-308_negative_00097_z80_y112_x64.npy,sub-308_negative_00097_z80_y112_x64.npy,0,80,112,64,0
sub-308,sub-308_negative_00098_z64_y48_x4.npy,sub-308_negative_00098_z64_y48_x4.npy,0,64,48,4,0
sub-308,sub-308_negative_00099_z64_y192_x176.npy,sub-308_negative_00099_z64_y192_x176.npy,0,64,192,176,0
sub-308,sub-308_negative_00100_z48_y24_x24.npy,sub-308_negative_00100_z48_y24_x24.npy,0,48,24,24,0
sub-308,sub-308_negative_00101_z80_y32_x20.npy,sub-308_negative_00101_z80_y32_x20.npy,0,80,32,20,0
sub-308,sub-308_negative_00102_z40_y80_x112.npy,sub-308_negative_00102_z40_y80_x112.npy,0,40,80,112,0
sub-308,sub-308_negative_00103_z32_y144_x168.npy,sub-308_negative_00103_z32_y144_x168.npy,0,32,144,168,0
sub-308,sub-308_negative_00104_z72_y160_x184.npy,sub-308_negative_00104_z72_y160_x184.npy,0,72,160,184,0
sub-308,sub-308_negative_00105_z8_y168_x68.npy,sub-308_negative_00105_z8_y168_x68.npy,0,8,168,68,0
sub-308,sub-308_negative_00106_z64_y224_x108.npy,sub-308_negative_00106_z64_y224_x108.npy,0,64,224,108,0
sub-308,sub-308_negative_00107_z32_y72_x16.npy,sub-308_negative_00107_z32_y72_x16.npy,0,32,72,16,0
sub-308,sub-308_negative_00108_z8_y32_x204.npy,sub-308_negative_00108_z8_y32_x204.npy,0,8,32,204,0
sub-308,sub-308_negative_00109_z56_y80_x96.npy,sub-308_negative_00109_z56_y80_x96.npy,0,56,80,96,0
sub-308,sub-308_negative_00110_z40_y208_x8.npy,sub-308_negative_00110_z40_y208_x8.npy,0,40,208,8,0
sub-308,sub-308_negative_00111_z80_y200_x96.npy,sub-308_negative_00111_z80_y200_x96.npy,0,80,200,96,0
sub-105,sub-105_negative_00000_z48_y208_x156.npy,sub-105_negative_00000_z48_y208_x156.npy,0,48,208,156,0
sub-105,sub-105_negative_00001_z120_y0_x200.npy,sub-105_negative_00001_z120_y0_x200.npy,0,120,0,200,0
sub-105,sub-105_negative_00002_z80_y152_x24.npy,sub-105_negative_00002_z80_y152_x24.npy,0,80,152,24,0
sub-105,sub-105_negative_00003_z56_y96_x52.npy,sub-105_negative_00003_z56_y96_x52.npy,0,56,96,52,0
sub-105,sub-105_negative_00004_z56_y40_x8.npy,sub-105_negative_00004_z56_y40_x8.npy,0,56,40,8,0
sub-105,sub-105_negative_00005_z96_y88_x124.npy,sub-105_negative_00005_z96_y88_x124.npy,0,96,88,124,0
sub-105,sub-105_negative_00006_z16_y96_x120.npy,sub-105_negative_00006_z16_y96_x120.npy,0,16,96,120,0
sub-105,sub-105_negative_00007_z40_y40_x124.npy,sub-105_negative_00007_z40_y40_x124.npy,0,40,40,124,0
sub-105,sub-105_negative_00008_z16_y136_x44.npy,sub-105_negative_00008_z16_y136_x44.npy,0,16,136,44,0
sub-105,sub-105_negative_00009_z88_y88_x192.npy,sub-105_negative_00009_z88_y88_x192.npy,0,88,88,192,0
sub-105,sub-105_negative_00010_z16_y192_x136.npy,sub-105_negative_00010_z16_y192_x136.npy,0,16,192,136,0
sub-105,sub-105_negative_00011_z56_y200_x144.npy,sub-105_negative_00011_z56_y200_x144.npy,0,56,200,144,0
sub-105,sub-105_negative_00012_z48_y192_x72.npy,sub-105_negative_00012_z48_y192_x72.npy,0,48,192,72,0
sub-105,sub-105_negative_00013_z104_y24_x84.npy,sub-105_negative_00013_z104_y24_x84.npy,0,104,24,84,0
sub-105,sub-105_negative_00014_z40_y192_x184.npy,sub-105_negative_00014_z40_y192_x184.npy,0,40,192,184,0
sub-105,sub-105_negative_00015_z88_y24_x24.npy,sub-105_negative_00015_z88_y24_x24.npy,0,88,24,24,0
sub-105,sub-105_negative_00016_z104_y64_x84.npy,sub-105_negative_00016_z104_y64_x84.npy,0,104,64,84,0
sub-105,sub-105_negative_00017_z24_y40_x156.npy,sub-105_negative_00017_z24_y40_x156.npy,0,24,40,156,0
sub-105,sub-105_negative_00018_z112_y32_x120.npy,sub-105_negative_00018_z112_y32_x120.npy,0,112,32,120,0
sub-105,sub-105_negative_00019_z120_y96_x76.npy,sub-105_negative_00019_z120_y96_x76.npy,0,120,96,76,0
sub-105,sub-105_negative_00020_z24_y128_x196.npy,sub-105_negative_00020_z24_y128_x196.npy,0,24,128,196,0
sub-105,sub-105_negative_00021_z112_y152_x196.npy,sub-105_negative_00021_z112_y152_x196.npy,0,112,152,196,0
sub-105,sub-105_negative_00022_z112_y48_x220.npy,sub-105_negative_00022_z112_y48_x220.npy,0,112,48,220,0
sub-105,sub-105_negative_00023_z16_y8_x32.npy,sub-105_negative_00023_z16_y8_x32.npy,0,16,8,32,0
sub-105,sub-105_negative_00024_z16_y120_x80.npy,sub-105_negative_00024_z16_y120_x80.npy,0,16,120,80,0
sub-105,sub-105_negative_00025_z104_y80_x124.npy,sub-105_negative_00025_z104_y80_x124.npy,0,104,80,124,0
sub-105,sub-105_negative_00026_z96_y152_x72.npy,sub-105_negative_00026_z96_y152_x72.npy,0,96,152,72,0
sub-105,sub-105_negative_00027_z24_y0_x168.npy,sub-105_negative_00027_z24_y0_x168.npy,0,24,0,168,0
sub-105,sub-105_negative_00028_z96_y24_x136.npy,sub-105_negative_00028_z96_y24_x136.npy,0,96,24,136,0
sub-105,sub-105_negative_00029_z16_y48_x80.npy,sub-105_negative_00029_z16_y48_x80.npy,0,16,48,80,0
sub-105,sub-105_negative_00030_z24_y176_x104.npy,sub-105_negative_00030_z24_y176_x104.npy,0,24,176,104,0
sub-105,sub-105_negative_00031_z64_y176_x204.npy,sub-105_negative_00031_z64_y176_x204.npy,0,64,176,204,0
sub-105,sub-105_negative_00032_z88_y40_x76.npy,sub-105_negative_00032_z88_y40_x76.npy,0,88,40,76,0
sub-105,sub-105_negative_00033_z64_y80_x132.npy,sub-105_negative_00033_z64_y80_x132.npy,0,64,80,132,0
sub-105,sub-105_negative_00034_z64_y144_x208.npy,sub-105_negative_00034_z64_y144_x208.npy,0,64,144,208,0
sub-105,sub-105_negative_00035_z32_y128_x120.npy,sub-105_negative_00035_z32_y128_x120.npy,0,32,128,120,0
sub-105,sub-105_negative_00036_z112_y96_x144.npy,sub-105_negative_00036_z112_y96_x144.npy,0,112,96,144,0
sub-105,sub-105_negative_00037_z96_y112_x88.npy,sub-105_negative_00037_z96_y112_x88.npy,0,96,112,88,0
sub-105,sub-105_negative_00038_z80_y56_x64.npy,sub-105_negative_00038_z80_y56_x64.npy,0,80,56,64,0
sub-105,sub-105_negative_00039_z96_y56_x124.npy,sub-105_negative_00039_z96_y56_x124.npy,0,96,56,124,0
sub-105,sub-105_negative_00040_z8_y96_x152.npy,sub-105_negative_00040_z8_y96_x152.npy,0,8,96,152,0
sub-105,sub-105_negative_00041_z104_y96_x112.npy,sub-105_negative_00041_z104_y96_x112.npy,0,104,96,112,0
sub-105,sub-105_negative_00042_z64_y152_x156.npy,sub-105_negative_00042_z64_y152_x156.npy,0,64,152,156,0
sub-105,sub-105_negative_00043_z48_y40_x76.npy,sub-105_negative_00043_z48_y40_x76.npy,0,48,40,76,0
sub-105,sub-105_negative_00044_z56_y16_x0.npy,sub-105_negative_00044_z56_y16_x0.npy,0,56,16,0,0
sub-105,sub-105_negative_00045_z56_y128_x64.npy,sub-105_negative_00045_z56_y128_x64.npy,0,56,128,64,0
sub-105,sub-105_negative_00046_z80_y8_x196.npy,sub-105_negative_00046_z80_y8_x196.npy,0,80,8,196,0
sub-105,sub-105_negative_00047_z8_y16_x60.npy,sub-105_negative_00047_z8_y16_x60.npy,0,8,16,60,0
sub-105,sub-105_negative_00048_z96_y24_x144.npy,sub-105_negative_00048_z96_y24_x144.npy,0,96,24,144,0
sub-105,sub-105_negative_00049_z24_y128_x208.npy,sub-105_negative_00049_z24_y128_x208.npy,0,24,128,208,0
sub-105,sub-105_negative_00050_z80_y88_x140.npy,sub-105_negative_00050_z80_y88_x140.npy,0,80,88,140,0
sub-105,sub-105_negative_00051_z112_y72_x200.npy,sub-105_negative_00051_z112_y72_x200.npy,0,112,72,200,0
sub-105,sub-105_negative_00052_z80_y192_x128.npy,sub-105_negative_00052_z80_y192_x128.npy,0,80,192,128,0
sub-105,sub-105_negative_00053_z40_y184_x32.npy,sub-105_negative_00053_z40_y184_x32.npy,0,40,184,32,0
sub-105,sub-105_negative_00054_z56_y24_x24.npy,sub-105_negative_00054_z56_y24_x24.npy,0,56,24,24,0
sub-105,sub-105_negative_00055_z56_y80_x168.npy,sub-105_negative_00055_z56_y80_x168.npy,0,56,80,168,0
sub-105,sub-105_negative_00056_z112_y168_x20.npy,sub-105_negative_00056_z112_y168_x20.npy,0,112,168,20,0
sub-105,sub-105_negative_00057_z64_y32_x212.npy,sub-105_negative_00057_z64_y32_x212.npy,0,64,32,212,0
sub-105,sub-105_negative_00058_z88_y152_x156.npy,sub-105_negative_00058_z88_y152_x156.npy,0,88,152,156,0
sub-105,sub-105_negative_00059_z88_y184_x132.npy,sub-105_negative_00059_z88_y184_x132.npy,0,88,184,132,0
sub-105,sub-105_negative_00060_z48_y88_x68.npy,sub-105_negative_00060_z48_y88_x68.npy,0,48,88,68,0
sub-105,sub-105_negative_00061_z40_y192_x148.npy,sub-105_negative_00061_z40_y192_x148.npy,0,40,192,148,0
sub-105,sub-105_negative_00062_z96_y64_x220.npy,sub-105_negative_00062_z96_y64_x220.npy,0,96,64,220,0
sub-105,sub-105_negative_00063_z8_y40_x208.npy,sub-105_negative_00063_z8_y40_x208.npy,0,8,40,208,0
sub-105,sub-105_negative_00064_z80_y40_x12.npy,sub-105_negative_00064_z80_y40_x12.npy,0,80,40,12,0
sub-105,sub-105_negative_00065_z80_y192_x180.npy,sub-105_negative_00065_z80_y192_x180.npy,0,80,192,180,0
sub-105,sub-105_negative_00066_z104_y40_x136.npy,sub-105_negative_00066_z104_y40_x136.npy,0,104,40,136,0
sub-105,sub-105_negative_00067_z8_y72_x220.npy,sub-105_negative_00067_z8_y72_x220.npy,0,8,72,220,0
sub-105,sub-105_negative_00068_z32_y88_x56.npy,sub-105_negative_00068_z32_y88_x56.npy,0,32,88,56,0
sub-105,sub-105_negative_00069_z8_y112_x216.npy,sub-105_negative_00069_z8_y112_x216.npy,0,8,112,216,0
sub-105,sub-105_negative_00070_z120_y104_x88.npy,sub-105_negative_00070_z120_y104_x88.npy,0,120,104,88,0
sub-105,sub-105_negative_00071_z96_y16_x156.npy,sub-105_negative_00071_z96_y16_x156.npy,0,96,16,156,0
sub-105,sub-105_negative_00072_z0_y144_x196.npy,sub-105_negative_00072_z0_y144_x196.npy,0,0,144,196,0
sub-105,sub-105_negative_00073_z104_y144_x104.npy,sub-105_negative_00073_z104_y144_x104.npy,0,104,144,104,0
sub-105,sub-105_negative_00074_z88_y32_x204.npy,sub-105_negative_00074_z88_y32_x204.npy,0,88,32,204,0
sub-105,sub-105_negative_00075_z48_y200_x208.npy,sub-105_negative_00075_z48_y200_x208.npy,0,48,200,208,0
sub-105,sub-105_negative_00076_z104_y144_x180.npy,sub-105_negative_00076_z104_y144_x180.npy,0,104,144,180,0
sub-105,sub-105_negative_00077_z24_y16_x204.npy,sub-105_negative_00077_z24_y16_x204.npy,0,24,16,204,0
sub-105,sub-105_negative_00078_z40_y168_x200.npy,sub-105_negative_00078_z40_y168_x200.npy,0,40,168,200,0
sub-105,sub-105_negative_00079_z8_y0_x108.npy,sub-105_negative_00079_z8_y0_x108.npy,0,8,0,108,0
sub-105,sub-105_negative_00080_z8_y104_x116.npy,sub-105_negative_00080_z8_y104_x116.npy,0,8,104,116,0
sub-105,sub-105_negative_00081_z56_y208_x96.npy,sub-105_negative_00081_z56_y208_x96.npy,0,56,208,96,0
sub-105,sub-105_negative_00082_z120_y112_x208.npy,sub-105_negative_00082_z120_y112_x208.npy,0,120,112,208,0
sub-105,sub-105_negative_00083_z48_y208_x188.npy,sub-105_negative_00083_z48_y208_x188.npy,0,48,208,188,0
sub-105,sub-105_negative_00084_z32_y208_x196.npy,sub-105_negative_00084_z32_y208_x196.npy,0,32,208,196,0
sub-105,sub-105_negative_00085_z96_y184_x120.npy,sub-105_negative_00085_z96_y184_x120.npy,0,96,184,120,0
sub-105,sub-105_negative_00086_z80_y16_x44.npy,sub-105_negative_00086_z80_y16_x44.npy,0,80,16,44,0
sub-105,sub-105_negative_00087_z80_y176_x52.npy,sub-105_negative_00087_z80_y176_x52.npy,0,80,176,52,0
sub-105,sub-105_negative_00088_z56_y104_x132.npy,sub-105_negative_00088_z56_y104_x132.npy,0,56,104,132,0
sub-105,sub-105_negative_00089_z96_y96_x132.npy,sub-105_negative_00089_z96_y96_x132.npy,0,96,96,132,0
sub-105,sub-105_negative_00090_z48_y120_x48.npy,sub-105_negative_00090_z48_y120_x48.npy,0,48,120,48,0
sub-105,sub-105_negative_00091_z40_y136_x176.npy,sub-105_negative_00091_z40_y136_x176.npy,0,40,136,176,0
sub-105,sub-105_negative_00092_z88_y192_x48.npy,sub-105_negative_00092_z88_y192_x48.npy,0,88,192,48,0
sub-105,sub-105_negative_00093_z16_y16_x12.npy,sub-105_negative_00093_z16_y16_x12.npy,0,16,16,12,0
sub-105,sub-105_negative_00094_z80_y208_x56.npy,sub-105_negative_00094_z80_y208_x56.npy,0,80,208,56,0
sub-105,sub-105_negative_00095_z40_y56_x112.npy,sub-105_negative_00095_z40_y56_x112.npy,0,40,56,112,0
sub-105,sub-105_negative_00096_z8_y88_x88.npy,sub-105_negative_00096_z8_y88_x88.npy,0,8,88,88,0
sub-105,sub-105_negative_00097_z72_y0_x144.npy,sub-105_negative_00097_z72_y0_x144.npy,0,72,0,144,0
sub-105,sub-105_negative_00098_z56_y32_x204.npy,sub-105_negative_00098_z56_y32_x204.npy,0,56,32,204,0
sub-105,sub-105_negative_00099_z104_y64_x104.npy,sub-105_negative_00099_z104_y64_x104.npy,0,104,64,104,0
sub-226,sub-226_negative_00000_z56_y200_x224.npy,sub-226_negative_00000_z56_y200_x224.npy,0,56,200,224,0
sub-226,sub-226_negative_00001_z128_y216_x112.npy,sub-226_negative_00001_z128_y216_x112.npy,0,128,216,112,0
sub-226,sub-226_negative_00002_z96_y8_x116.npy,sub-226_negative_00002_z96_y8_x116.npy,0,96,8,116,0
sub-226,sub-226_negative_00003_z64_y88_x164.npy,sub-226_negative_00003_z64_y88_x164.npy,0,64,88,164,0
sub-226,sub-226_negative_00004_z64_y16_x180.npy,sub-226_negative_00004_z64_y16_x180.npy,0,64,16,180,0
sub-226,sub-226_negative_00005_z104_y232_x168.npy,sub-226_negative_00005_z104_y232_x168.npy,0,104,232,168,0
sub-226,sub-226_negative_00006_z16_y184_x48.npy,sub-226_negative_00006_z16_y184_x48.npy,0,16,184,48,0
sub-226,sub-226_negative_00007_z40_y200_x184.npy,sub-226_negative_00007_z40_y200_x184.npy,0,40,200,184,0
sub-226,sub-226_negative_00008_z16_y232_x12.npy,sub-226_negative_00008_z16_y232_x12.npy,0,16,232,12,0
sub-226,sub-226_negative_00009_z96_y208_x104.npy,sub-226_negative_00009_z96_y208_x104.npy,0,96,208,104,0
sub-226,sub-226_negative_00010_z24_y64_x84.npy,sub-226_negative_00010_z24_y64_x84.npy,0,24,64,84,0
sub-226,sub-226_negative_00011_z64_y224_x104.npy,sub-226_negative_00011_z64_y224_x104.npy,0,64,224,104,0
sub-226,sub-226_negative_00012_z56_y184_x36.npy,sub-226_negative_00012_z56_y184_x36.npy,0,56,184,36,0
sub-226,sub-226_negative_00013_z112_y184_x76.npy,sub-226_negative_00013_z112_y184_x76.npy,0,112,184,76,0
sub-226,sub-226_negative_00014_z48_y152_x208.npy,sub-226_negative_00014_z48_y152_x208.npy,0,48,152,208,0
sub-226,sub-226_negative_00015_z96_y120_x128.npy,sub-226_negative_00015_z96_y120_x128.npy,0,96,120,128,0
sub-226,sub-226_negative_00016_z112_y232_x68.npy,sub-226_negative_00016_z112_y232_x68.npy,0,112,232,68,0
sub-226,sub-226_negative_00017_z24_y144_x120.npy,sub-226_negative_00017_z24_y144_x120.npy,0,24,144,120,0
sub-226,sub-226_negative_00018_z120_y224_x124.npy,sub-226_negative_00018_z120_y224_x124.npy,0,120,224,124,0
sub-226,sub-226_negative_00019_z136_y88_x212.npy,sub-226_negative_00019_z136_y88_x212.npy,0,136,88,212,0
sub-226,sub-226_negative_00020_z32_y16_x108.npy,sub-226_negative_00020_z32_y16_x108.npy,0,32,16,108,0
sub-226,sub-226_negative_00021_z128_y136_x140.npy,sub-226_negative_00021_z128_y136_x140.npy,0,128,136,140,0
sub-226,sub-226_negative_00022_z128_y8_x124.npy,sub-226_negative_00022_z128_y8_x124.npy,0,128,8,124,0
sub-226,sub-226_negative_00023_z16_y72_x0.npy,sub-226_negative_00023_z16_y72_x0.npy,0,16,72,0,0
sub-226,sub-226_negative_00024_z16_y208_x176.npy,sub-226_negative_00024_z16_y208_x176.npy,0,16,208,176,0
sub-226,sub-226_negative_00025_z120_y16_x84.npy,sub-226_negative_00025_z120_y16_x84.npy,0,120,16,84,0
sub-226,sub-226_negative_00026_z112_y72_x68.npy,sub-226_negative_00026_z112_y72_x68.npy,0,112,72,68,0
sub-226,sub-226_negative_00027_z24_y96_x52.npy,sub-226_negative_00027_z24_y96_x52.npy,0,24,96,52,0
sub-226,sub-226_negative_00028_z104_y152_x176.npy,sub-226_negative_00028_z104_y152_x176.npy,0,104,152,176,0
sub-226,sub-226_negative_00029_z16_y120_x112.npy,sub-226_negative_00029_z16_y120_x112.npy,0,16,120,112,0
sub-226,sub-226_negative_00030_z32_y72_x84.npy,sub-226_negative_00030_z32_y72_x84.npy,0,32,72,84,0
sub-226,sub-226_negative_00031_z72_y224_x212.npy,sub-226_negative_00031_z72_y224_x212.npy,0,72,224,212,0
sub-226,sub-226_negative_00032_z96_y136_x236.npy,sub-226_negative_00032_z96_y136_x236.npy,0,96,136,236,0
sub-226,sub-226_negative_00033_z72_y104_x128.npy,sub-226_negative_00033_z72_y104_x128.npy,0,72,104,128,0
sub-226,sub-226_negative_00034_z72_y184_x216.npy,sub-226_negative_00034_z72_y184_x216.npy,0,72,184,216,0
sub-226,sub-226_negative_00035_z40_y40_x164.npy,sub-226_negative_00035_z40_y40_x164.npy,0,40,40,164,0
sub-226,sub-226_negative_00036_z128_y64_x120.npy,sub-226_negative_00036_z128_y64_x120.npy,0,128,64,120,0
sub-226,sub-226_negative_00037_z112_y24_x92.npy,sub-226_negative_00037_z112_y24_x92.npy,0,112,24,92,0
sub-226,sub-226_negative_00038_z88_y128_x220.npy,sub-226_negative_00038_z88_y128_x220.npy,0,88,128,220,0
sub-226,sub-226_negative_00039_z104_y192_x120.npy,sub-226_negative_00039_z104_y192_x120.npy,0,104,192,120,0
sub-226,sub-226_negative_00040_z8_y152_x156.npy,sub-226_negative_00040_z8_y152_x156.npy,0,8,152,156,0
sub-226,sub-226_negative_00041_z120_y32_x100.npy,sub-226_negative_00041_z120_y32_x100.npy,0,120,32,100,0
sub-226,sub-226_negative_00042_z72_y192_x184.npy,sub-226_negative_00042_z72_y192_x184.npy,0,72,192,184,0
sub-226,sub-226_negative_00043_z48_y232_x48.npy,sub-226_negative_00043_z48_y232_x48.npy,0,48,232,48,0
sub-226,sub-226_negative_00044_z56_y224_x228.npy,sub-226_negative_00044_z56_y224_x228.npy,0,56,224,228,0
sub-226,sub-226_negative_00045_z64_y128_x168.npy,sub-226_negative_00045_z64_y128_x168.npy,0,64,128,168,0
sub-226,sub-226_negative_00046_z88_y72_x220.npy,sub-226_negative_00046_z88_y72_x220.npy,0,88,72,220,0
sub-226,sub-226_negative_00047_z8_y48_x148.npy,sub-226_negative_00047_z8_y48_x148.npy,0,8,48,148,0
sub-226,sub-226_negative_00048_z104_y152_x228.npy,sub-226_negative_00048_z104_y152_x228.npy,0,104,152,228,0
sub-226,sub-226_negative_00049_z136_y232_x152.npy,sub-226_negative_00049_z136_y232_x152.npy,0,136,232,152,0
sub-226,sub-226_negative_00050_z88_y176_x104.npy,sub-226_negative_00050_z88_y176_x104.npy,0,88,176,104,0
sub-226,sub-226_negative_00051_z128_y32_x216.npy,sub-226_negative_00051_z128_y32_x216.npy,0,128,32,216,0
sub-226,sub-226_negative_00052_z96_y64_x96.npy,sub-226_negative_00052_z96_y64_x96.npy,0,96,64,96,0
sub-226,sub-226_negative_00053_z48_y136_x184.npy,sub-226_negative_00053_z48_y136_x184.npy,0,48,136,184,0
sub-226,sub-226_negative_00054_z64_y0_x68.npy,sub-226_negative_00054_z64_y0_x68.npy,0,64,0,68,0
sub-226,sub-226_negative_00055_z64_y72_x188.npy,sub-226_negative_00055_z64_y72_x188.npy,0,64,72,188,0
sub-226,sub-226_negative_00056_z128_y152_x72.npy,sub-226_negative_00056_z128_y152_x72.npy,0,128,152,72,0
sub-226,sub-226_negative_00057_z72_y48_x108.npy,sub-226_negative_00057_z72_y48_x108.npy,0,72,48,108,0
sub-226,sub-226_negative_00058_z104_y48_x60.npy,sub-226_negative_00058_z104_y48_x60.npy,0,104,48,60,0
sub-226,sub-226_negative_00059_z104_y80_x224.npy,sub-226_negative_00059_z104_y80_x224.npy,0,104,80,224,0
sub-226,sub-226_negative_00060_z56_y48_x200.npy,sub-226_negative_00060_z56_y48_x200.npy,0,56,48,200,0
sub-226,sub-226_negative_00061_z48_y152_x184.npy,sub-226_negative_00061_z48_y152_x184.npy,0,48,152,184,0
sub-226,sub-226_negative_00062_z104_y208_x168.npy,sub-226_negative_00062_z104_y208_x168.npy,0,104,208,168,0
sub-226,sub-226_negative_00063_z8_y88_x44.npy,sub-226_negative_00063_z8_y88_x44.npy,0,8,88,44,0
sub-226,sub-226_negative_00064_z88_y104_x204.npy,sub-226_negative_00064_z88_y104_x204.npy,0,88,104,204,0
sub-226,sub-226_negative_00065_z96_y64_x128.npy,sub-226_negative_00065_z96_y64_x128.npy,0,96,64,128,0
sub-226,sub-226_negative_00066_z112_y208_x16.npy,sub-226_negative_00066_z112_y208_x16.npy,0,112,208,16,0
sub-226,sub-226_negative_00067_z8_y128_x68.npy,sub-226_negative_00067_z8_y128_x68.npy,0,8,128,68,0
sub-226,sub-226_negative_00068_z32_y232_x40.npy,sub-226_negative_00068_z32_y232_x40.npy,0,32,232,40,0
sub-226,sub-226_negative_00069_z8_y176_x116.npy,sub-226_negative_00069_z8_y176_x116.npy,0,8,176,116,0
sub-226,sub-226_negative_00070_z136_y104_x76.npy,sub-226_negative_00070_z136_y104_x76.npy,0,136,104,76,0
sub-226,sub-226_negative_00071_z104_y144_x156.npy,sub-226_negative_00071_z104_y144_x156.npy,0,104,144,156,0
sub-226,sub-226_negative_00072_z0_y184_x148.npy,sub-226_negative_00072_z0_y184_x148.npy,0,0,184,148,0
sub-226,sub-226_negative_00073_z120_y96_x76.npy,sub-226_negative_00073_z120_y96_x76.npy,0,120,96,76,0
sub-226,sub-226_negative_00074_z96_y136_x152.npy,sub-226_negative_00074_z96_y136_x152.npy,0,96,136,152,0
sub-226,sub-226_negative_00075_z56_y192_x232.npy,sub-226_negative_00075_z56_y192_x232.npy,0,56,192,232,0
sub-226,sub-226_negative_00076_z120_y96_x144.npy,sub-226_negative_00076_z120_y96_x144.npy,0,120,96,144,0
sub-226,sub-226_negative_00077_z24_y112_x232.npy,sub-226_negative_00077_z24_y112_x232.npy,0,24,112,232,0
sub-226,sub-226_negative_00078_z48_y128_x52.npy,sub-226_negative_00078_z48_y128_x52.npy,0,48,128,52,0
sub-226,sub-226_negative_00079_z8_y32_x96.npy,sub-226_negative_00079_z8_y32_x96.npy,0,8,32,96,0
sub-226,sub-226_negative_00080_z8_y160_x172.npy,sub-226_negative_00080_z8_y160_x172.npy,0,8,160,172,0
sub-226,sub-226_negative_00081_z64_y232_x132.npy,sub-226_negative_00081_z64_y232_x132.npy,0,64,232,132,0
sub-226,sub-226_negative_00082_z136_y120_x104.npy,sub-226_negative_00082_z136_y120_x104.npy,0,136,120,104,0
sub-226,sub-226_negative_00083_z56_y208_x72.npy,sub-226_negative_00083_z56_y208_x72.npy,0,56,208,72,0
sub-226,sub-226_negative_00084_z40_y144_x148.npy,sub-226_negative_00084_z40_y144_x148.npy,0,40,144,148,0
sub-226,sub-226_negative_00085_z112_y112_x112.npy,sub-226_negative_00085_z112_y112_x112.npy,0,112,112,112,0
sub-226,sub-226_negative_00086_z88_y80_x116.npy,sub-226_negative_00086_z88_y80_x116.npy,0,88,80,116,0
sub-226,sub-226_negative_00087_z96_y40_x124.npy,sub-226_negative_00087_z96_y40_x124.npy,0,96,40,124,0
sub-226,sub-226_negative_00088_z64_y104_x80.npy,sub-226_negative_00088_z64_y104_x80.npy,0,64,104,80,0
sub-226,sub-226_negative_00089_z112_y8_x20.npy,sub-226_negative_00089_z112_y8_x20.npy,0,112,8,20,0
sub-226,sub-226_negative_00090_z56_y88_x152.npy,sub-226_negative_00090_z56_y88_x152.npy,0,56,88,152,0
sub-226,sub-226_negative_00091_z48_y88_x28.npy,sub-226_negative_00091_z48_y88_x28.npy,0,48,88,28,0
sub-226,sub-226_negative_00092_z104_y88_x172.npy,sub-226_negative_00092_z104_y88_x172.npy,0,104,88,172,0
sub-226,sub-226_negative_00093_z16_y80_x24.npy,sub-226_negative_00093_z16_y80_x24.npy,0,16,80,24,0
sub-226,sub-226_negative_00094_z96_y80_x100.npy,sub-226_negative_00094_z96_y80_x100.npy,0,96,80,100,0
sub-226,sub-226_negative_00095_z40_y224_x44.npy,sub-226_negative_00095_z40_y224_x44.npy,0,40,224,44,0
sub-226,sub-226_negative_00096_z8_y144_x12.npy,sub-226_negative_00096_z8_y144_x12.npy,0,8,144,12,0
sub-226,sub-226_negative_00097_z80_y32_x152.npy,sub-226_negative_00097_z80_y32_x152.npy,0,80,32,152,0
sub-226,sub-226_negative_00098_z64_y16_x148.npy,sub-226_negative_00098_z64_y16_x148.npy,0,64,16,148,0
sub-226,sub-226_negative_00099_z112_y232_x104.npy,sub-226_negative_00099_z112_y232_x104.npy,0,112,232,104,0
sub-232,sub-232_positive_00000_z72_y152_x104.npy,sub-232_positive_00000_z72_y152_x104.npy,1,72,152,104,1
sub-232,sub-232_positive_00001_z72_y152_x108.npy,sub-232_positive_00001_z72_y152_x108.npy,1,72,152,108,2
sub-232,sub-232_positive_00002_z72_y152_x112.npy,sub-232_positive_00002_z72_y152_x112.npy,1,72,152,112,1
sub-232,sub-232_positive_00003_z72_y160_x104.npy,sub-232_positive_00003_z72_y160_x104.npy,1,72,160,104,1
sub-232,sub-232_positive_00004_z72_y160_x108.npy,sub-232_positive_00004_z72_y160_x108.npy,1,72,160,108,2
sub-232,sub-232_positive_00005_z72_y160_x112.npy,sub-232_positive_00005_z72_y160_x112.npy,1,72,160,112,1
sub-232,sub-232_positive_00006_z80_y152_x104.npy,sub-232_positive_00006_z80_y152_x104.npy,1,80,152,104,3
sub-232,sub-232_positive_00007_z80_y152_x108.npy,sub-232_positive_00007_z80_y152_x108.npy,1,80,152,108,5
sub-232,sub-232_positive_00008_z80_y152_x112.npy,sub-232_positive_00008_z80_y152_x112.npy,1,80,152,112,2
sub-232,sub-232_positive_00009_z80_y160_x104.npy,sub-232_positive_00009_z80_y160_x104.npy,1,80,160,104,3
sub-232,sub-232_positive_00010_z80_y160_x108.npy,sub-232_positive_00010_z80_y160_x108.npy,1,80,160,108,5
sub-232,sub-232_positive_00011_z80_y160_x112.npy,sub-232_positive_00011_z80_y160_x112.npy,1,80,160,112,2
sub-232,sub-232_positive_00012_z88_y152_x104.npy,sub-232_positive_00012_z88_y152_x104.npy,1,88,152,104,2
sub-232,sub-232_positive_00013_z88_y152_x108.npy,sub-232_positive_00013_z88_y152_x108.npy,1,88,152,108,3
sub-232,sub-232_positive_00014_z88_y152_x112.npy,sub-232_positive_00014_z88_y152_x112.npy,1,88,152,112,1
sub-232,sub-232_positive_00015_z88_y160_x104.npy,sub-232_positive_00015_z88_y160_x104.npy,1,88,160,104,2
sub-232,sub-232_positive_00016_z88_y160_x108.npy,sub-232_positive_00016_z88_y160_x108.npy,1,88,160,108,3
sub-232,sub-232_positive_00017_z88_y160_x112.npy,sub-232_positive_00017_z88_y160_x112.npy,1,88,160,112,1
sub-232,sub-232_negative_00018_z56_y200_x196.npy,sub-232_negative_00018_z56_y200_x196.npy,0,56,200,196,0
sub-232,sub-232_negative_00019_z128_y216_x116.npy,sub-232_negative_00019_z128_y216_x116.npy,0,128,216,116,0
sub-232,sub-232_negative_00020_z96_y8_x140.npy,sub-232_negative_00020_z96_y8_x140.npy,0,96,8,140,0
sub-232,sub-232_negative_00021_z64_y88_x128.npy,sub-232_negative_00021_z64_y88_x128.npy,0,64,88,128,0
sub-232,sub-232_negative_00022_z64_y16_x144.npy,sub-232_negative_00022_z64_y16_x144.npy,0,64,16,144,0
sub-232,sub-232_negative_00023_z104_y232_x184.npy,sub-232_negative_00023_z104_y232_x184.npy,0,104,232,184,0
sub-232,sub-232_negative_00024_z16_y184_x40.npy,sub-232_negative_00024_z16_y184_x40.npy,0,16,184,40,0
sub-232,sub-232_negative_00025_z40_y200_x160.npy,sub-232_negative_00025_z40_y200_x160.npy,0,40,200,160,0
sub-232,sub-232_negative_00026_z16_y232_x0.npy,sub-232_negative_00026_z16_y232_x0.npy,0,16,232,0,0
sub-232,sub-232_negative_00027_z96_y208_x124.npy,sub-232_negative_00027_z96_y208_x124.npy,0,96,208,124,0
sub-232,sub-232_negative_00028_z24_y64_x68.npy,sub-232_negative_00028_z24_y64_x68.npy,0,24,64,68,0
sub-232,sub-232_negative_00029_z64_y224_x68.npy,sub-232_negative_00029_z64_y224_x68.npy,0,64,224,68,0
sub-232,sub-232_negative_00030_z56_y184_x4.npy,sub-232_negative_00030_z56_y184_x4.npy,0,56,184,4,0
sub-232,sub-232_negative_00031_z112_y184_x88.npy,sub-232_negative_00031_z112_y184_x88.npy,0,112,184,88,0
sub-232,sub-232_negative_00032_z48_y152_x180.npy,sub-232_negative_00032_z48_y152_x180.npy,0,48,152,180,0
sub-232,sub-232_negative_00033_z96_y120_x148.npy,sub-232_negative_00033_z96_y120_x148.npy,0,96,120,148,0
sub-232,sub-232_negative_00034_z112_y232_x80.npy,sub-232_negative_00034_z112_y232_x80.npy,0,112,232,80,0
sub-232,sub-232_negative_00035_z24_y144_x104.npy,sub-232_negative_00035_z24_y144_x104.npy,0,24,144,104,0
sub-232,sub-232_negative_00036_z120_y224_x132.npy,sub-232_negative_00036_z120_y224_x132.npy,0,120,224,132,0
sub-232,sub-232_negative_00037_z136_y88_x216.npy,sub-232_negative_00037_z136_y88_x216.npy,0,136,88,216,0
sub-232,sub-232_negative_00038_z32_y16_x92.npy,sub-232_negative_00038_z32_y16_x92.npy,0,32,16,92,0
sub-232,sub-232_negative_00039_z128_y136_x144.npy,sub-232_negative_00039_z128_y136_x144.npy,0,128,136,144,0
sub-232,sub-232_negative_00040_z128_y8_x132.npy,sub-232_negative_00040_z128_y8_x132.npy,0,128,8,132,0
sub-232,sub-232_negative_00041_z16_y64_x236.npy,sub-232_negative_00041_z16_y64_x236.npy,0,16,64,236,0
sub-232,sub-232_negative_00042_z16_y208_x164.npy,sub-232_negative_00042_z16_y208_x164.npy,0,16,208,164,0
sub-232,sub-232_negative_00043_z120_y16_x96.npy,sub-232_negative_00043_z120_y16_x96.npy,0,120,16,96,0
sub-232,sub-232_negative_00044_z112_y72_x84.npy,sub-232_negative_00044_z112_y72_x84.npy,0,112,72,84,0
sub-232,sub-232_negative_00045_z24_y96_x40.npy,sub-232_negative_00045_z24_y96_x40.npy,0,24,96,40,0
sub-232,sub-232_negative_00046_z104_y152_x196.npy,sub-232_negative_00046_z104_y152_x196.npy,0,104,152,196,0
sub-232,sub-232_negative_00047_z16_y120_x100.npy,sub-232_negative_00047_z16_y120_x100.npy,0,16,120,100,0
sub-232,sub-232_negative_00048_z32_y72_x68.npy,sub-232_negative_00048_z32_y72_x68.npy,0,32,72,68,0
sub-232,sub-232_negative_00049_z72_y224_x196.npy,sub-232_negative_00049_z72_y224_x196.npy,0,72,224,196,0
sub-232,sub-232_negative_00050_z96_y144_x16.npy,sub-232_negative_00050_z96_y144_x16.npy,0,96,144,16,0
sub-232,sub-232_negative_00051_z72_y104_x88.npy,sub-232_negative_00051_z72_y104_x88.npy,0,72,104,88,0
sub-232,sub-232_negative_00052_z72_y184_x200.npy,sub-232_negative_00052_z72_y184_x200.npy,0,72,184,200,0
sub-232,sub-232_negative_00053_z40_y40_x144.npy,sub-232_negative_00053_z40_y40_x144.npy,0,40,40,144,0
sub-232,sub-232_negative_00054_z128_y64_x128.npy,sub-232_negative_00054_z128_y64_x128.npy,0,128,64,128,0
sub-232,sub-232_negative_00055_z112_y24_x108.npy,sub-232_negative_00055_z112_y24_x108.npy,0,112,24,108,0
sub-232,sub-232_negative_00056_z88_y128_x220.npy,sub-232_negative_00056_z88_y128_x220.npy,0,88,128,220,0
sub-232,sub-232_negative_00057_z104_y192_x136.npy,sub-232_negative_00057_z104_y192_x136.npy,0,104,192,136,0
sub-232,sub-232_negative_00058_z8_y152_x152.npy,sub-232_negative_00058_z8_y152_x152.npy,0,8,152,152,0
sub-232,sub-232_negative_00059_z120_y32_x112.npy,sub-232_negative_00059_z120_y32_x112.npy,0,120,32,112,0
sub-232,sub-232_negative_00060_z72_y192_x168.npy,sub-232_negative_00060_z72_y192_x168.npy,0,72,192,168,0
sub-232,sub-232_negative_00061_z48_y232_x20.npy,sub-232_negative_00061_z48_y232_x20.npy,0,48,232,20,0
sub-232,sub-232_negative_00062_z56_y224_x196.npy,sub-232_negative_00062_z56_y224_x196.npy,0,56,224,196,0
sub-232,sub-232_negative_00063_z64_y128_x132.npy,sub-232_negative_00063_z64_y128_x132.npy,0,64,128,132,0
sub-232,sub-232_negative_00064_z88_y72_x224.npy,sub-232_negative_00064_z88_y72_x224.npy,0,88,72,224,0
sub-232,sub-232_negative_00065_z8_y48_x144.npy,sub-232_negative_00065_z8_y48_x144.npy,0,8,48,144,0
sub-232,sub-232_negative_00066_z104_y160_x0.npy,sub-232_negative_00066_z104_y160_x0.npy,0,104,160,0,0
sub-232,sub-232_negative_00067_z136_y232_x152.npy,sub-232_negative_00067_z136_y232_x152.npy,0,136,232,152,0
sub-232,sub-232_negative_00068_z88_y176_x128.npy,sub-232_negative_00068_z88_y176_x128.npy,0,88,176,128,0
sub-232,sub-232_negative_00069_z128_y32_x224.npy,sub-232_negative_00069_z128_y32_x224.npy,0,128,32,224,0
sub-232,sub-232_negative_00070_z96_y64_x120.npy,sub-232_negative_00070_z96_y64_x120.npy,0,96,64,120,0
sub-232,sub-232_negative_00071_z48_y136_x160.npy,sub-232_negative_00071_z48_y136_x160.npy,0,48,136,160,0
sub-232,sub-232_negative_00072_z64_y0_x36.npy,sub-232_negative_00072_z64_y0_x36.npy,0,64,0,36,0
sub-232,sub-232_negative_00073_z64_y72_x156.npy,sub-232_negative_00073_z64_y72_x156.npy,0,64,72,156,0
sub-232,sub-232_negative_00074_z128_y152_x76.npy,sub-232_negative_00074_z128_y152_x76.npy,0,128,152,76,0
sub-232,sub-232_negative_00075_z72_y48_x68.npy,sub-232_negative_00075_z72_y48_x68.npy,0,72,48,68,0
sub-232,sub-232_negative_00076_z104_y48_x80.npy,sub-232_negative_00076_z104_y48_x80.npy,0,104,48,80,0
sub-232,sub-232_negative_00077_z104_y80_x240.npy,sub-232_negative_00077_z104_y80_x240.npy,0,104,80,240,0
sub-232,sub-232_negative_00078_z56_y48_x168.npy,sub-232_negative_00078_z56_y48_x168.npy,0,56,48,168,0
sub-232,sub-232_negative_00079_z48_y152_x156.npy,sub-232_negative_00079_z48_y152_x156.npy,0,48,152,156,0
sub-232,sub-232_negative_00080_z104_y208_x184.npy,sub-232_negative_00080_z104_y208_x184.npy,0,104,208,184,0
sub-232,sub-232_negative_00081_z8_y88_x40.npy,sub-232_negative_00081_z8_y88_x40.npy,0,8,88,40,0
sub-232,sub-232_negative_00082_z88_y104_x204.npy,sub-232_negative_00082_z88_y104_x204.npy,0,88,104,204,0
sub-232,sub-232_negative_00083_z96_y64_x148.npy,sub-232_negative_00083_z96_y64_x148.npy,0,96,64,148,0
sub-232,sub-232_negative_00084_z112_y208_x28.npy,sub-232_negative_00084_z112_y208_x28.npy,0,112,208,28,0
sub-232,sub-232_negative_00085_z8_y128_x60.npy,sub-232_negative_00085_z8_y128_x60.npy,0,8,128,60,0
sub-232,sub-232_negative_00086_z32_y232_x20.npy,sub-232_negative_00086_z32_y232_x20.npy,0,32,232,20,0
sub-232,sub-232_negative_00087_z8_y176_x108.npy,sub-232_negative_00087_z8_y176_x108.npy,0,8,176,108,0
sub-232,sub-232_negative_00088_z136_y104_x76.npy,sub-232_negative_00088_z136_y104_x76.npy,0,136,104,76,0
sub-232,sub-232_negative_00089_z104_y144_x172.npy,sub-232_negative_00089_z104_y144_x172.npy,0,104,144,172,0
sub-232,sub-232_negative_00090_z0_y184_x148.npy,sub-232_negative_00090_z0_y184_x148.npy,0,0,184,148,0
sub-232,sub-232_negative_00091_z120_y96_x88.npy,sub-232_negative_00091_z120_y96_x88.npy,0,120,96,88,0
sub-232,sub-232_negative_00092_z96_y136_x172.npy,sub-232_negative_00092_z96_y136_x172.npy,0,96,136,172,0
sub-232,sub-232_negative_00093_z56_y192_x200.npy,sub-232_negative_00093_z56_y192_x200.npy,0,56,192,200,0
sub-232,sub-232_negative_00094_z120_y96_x152.npy,sub-232_negative_00094_z120_y96_x152.npy,0,120,96,152,0
sub-232,sub-232_negative_00095_z24_y112_x216.npy,sub-232_negative_00095_z24_y112_x216.npy,0,24,112,216,0
sub-232,sub-232_negative_00096_z48_y128_x28.npy,sub-232_negative_00096_z48_y128_x28.npy,0,48,128,28,0
sub-232,sub-232_negative_00097_z8_y32_x88.npy,sub-232_negative_00097_z8_y32_x88.npy,0,8,32,88,0
sub-232,sub-232_negative_00098_z8_y160_x168.npy,sub-232_negative_00098_z8_y160_x168.npy,0,8,160,168,0
sub-232,sub-232_negative_00099_z64_y232_x96.npy,sub-232_negative_00099_z64_y232_x96.npy,0,64,232,96,0
sub-232,sub-232_negative_00100_z136_y120_x104.npy,sub-232_negative_00100_z136_y120_x104.npy,0,136,120,104,0
sub-232,sub-232_negative_00101_z56_y208_x40.npy,sub-232_negative_00101_z56_y208_x40.npy,0,56,208,40,0
sub-232,sub-232_negative_00102_z40_y144_x124.npy,sub-232_negative_00102_z40_y144_x124.npy,0,40,144,124,0
sub-232,sub-232_negative_00103_z112_y112_x128.npy,sub-232_negative_00103_z112_y112_x128.npy,0,112,112,128,0
sub-232,sub-232_negative_00104_z88_y80_x116.npy,sub-232_negative_00104_z88_y80_x116.npy,0,88,80,116,0
sub-232,sub-232_negative_00105_z96_y40_x144.npy,sub-232_negative_00105_z96_y40_x144.npy,0,96,40,144,0
sub-232,sub-232_negative_00106_z64_y104_x44.npy,sub-232_negative_00106_z64_y104_x44.npy,0,64,104,44,0
sub-232,sub-232_negative_00107_z112_y8_x36.npy,sub-232_negative_00107_z112_y8_x36.npy,0,112,8,36,0
sub-232,sub-232_negative_00108_z56_y88_x120.npy,sub-232_negative_00108_z56_y88_x120.npy,0,56,88,120,0
sub-232,sub-232_negative_00109_z48_y88_x0.npy,sub-232_negative_00109_z48_y88_x0.npy,0,48,88,0,0
sub-232,sub-232_negative_00110_z104_y88_x188.npy,sub-232_negative_00110_z104_y88_x188.npy,0,104,88,188,0
sub-232,sub-232_negative_00111_z16_y80_x12.npy,sub-232_negative_00111_z16_y80_x12.npy,0,16,80,12,0
sub-232,sub-232_negative_00112_z96_y80_x124.npy,sub-232_negative_00112_z96_y80_x124.npy,0,96,80,124,0
sub-232,sub-232_negative_00113_z40_y224_x20.npy,sub-232_negative_00113_z40_y224_x20.npy,0,40,224,20,0
sub-232,sub-232_negative_00114_z8_y144_x4.npy,sub-232_negative_00114_z8_y144_x4.npy,0,8,144,4,0
sub-232,sub-232_negative_00115_z80_y32_x136.npy,sub-232_negative_00115_z80_y32_x136.npy,0,80,32,136,0
sub-232,sub-232_negative_00116_z64_y16_x116.npy,sub-232_negative_00116_z64_y16_x116.npy,0,64,16,116,0
sub-232,sub-232_negative_00117_z112_y232_x116.npy,sub-232_negative_00117_z112_y232_x116.npy,0,112,232,116,0
sub-233,sub-233_negative_00000_z56_y200_x224.npy,sub-233_negative_00000_z56_y200_x224.npy,0,56,200,224,0
sub-233,sub-233_negative_00001_z128_y216_x112.npy,sub-233_negative_00001_z128_y216_x112.npy,0,128,216,112,0
sub-233,sub-233_negative_00002_z96_y8_x116.npy,sub-233_negative_00002_z96_y8_x116.npy,0,96,8,116,0
sub-233,sub-233_negative_00003_z64_y88_x164.npy,sub-233_negative_00003_z64_y88_x164.npy,0,64,88,164,0
sub-233,sub-233_negative_00004_z64_y16_x180.npy,sub-233_negative_00004_z64_y16_x180.npy,0,64,16,180,0
sub-233,sub-233_negative_00005_z104_y232_x168.npy,sub-233_negative_00005_z104_y232_x168.npy,0,104,232,168,0
sub-233,sub-233_negative_00006_z16_y184_x48.npy,sub-233_negative_00006_z16_y184_x48.npy,0,16,184,48,0
sub-233,sub-233_negative_00007_z40_y200_x184.npy,sub-233_negative_00007_z40_y200_x184.npy,0,40,200,184,0
sub-233,sub-233_negative_00008_z16_y232_x12.npy,sub-233_negative_00008_z16_y232_x12.npy,0,16,232,12,0
sub-233,sub-233_negative_00009_z96_y208_x104.npy,sub-233_negative_00009_z96_y208_x104.npy,0,96,208,104,0
sub-233,sub-233_negative_00010_z24_y64_x84.npy,sub-233_negative_00010_z24_y64_x84.npy,0,24,64,84,0
sub-233,sub-233_negative_00011_z64_y224_x104.npy,sub-233_negative_00011_z64_y224_x104.npy,0,64,224,104,0
sub-233,sub-233_negative_00012_z56_y184_x36.npy,sub-233_negative_00012_z56_y184_x36.npy,0,56,184,36,0
sub-233,sub-233_negative_00013_z112_y184_x76.npy,sub-233_negative_00013_z112_y184_x76.npy,0,112,184,76,0
sub-233,sub-233_negative_00014_z48_y152_x208.npy,sub-233_negative_00014_z48_y152_x208.npy,0,48,152,208,0
sub-233,sub-233_negative_00015_z96_y120_x128.npy,sub-233_negative_00015_z96_y120_x128.npy,0,96,120,128,0
sub-233,sub-233_negative_00016_z112_y232_x68.npy,sub-233_negative_00016_z112_y232_x68.npy,0,112,232,68,0
sub-233,sub-233_negative_00017_z24_y144_x120.npy,sub-233_negative_00017_z24_y144_x120.npy,0,24,144,120,0
sub-233,sub-233_negative_00018_z120_y224_x124.npy,sub-233_negative_00018_z120_y224_x124.npy,0,120,224,124,0
sub-233,sub-233_negative_00019_z136_y88_x212.npy,sub-233_negative_00019_z136_y88_x212.npy,0,136,88,212,0
sub-233,sub-233_negative_00020_z32_y16_x108.npy,sub-233_negative_00020_z32_y16_x108.npy,0,32,16,108,0
sub-233,sub-233_negative_00021_z128_y136_x140.npy,sub-233_negative_00021_z128_y136_x140.npy,0,128,136,140,0
sub-233,sub-233_negative_00022_z128_y8_x124.npy,sub-233_negative_00022_z128_y8_x124.npy,0,128,8,124,0
sub-233,sub-233_negative_00023_z16_y72_x0.npy,sub-233_negative_00023_z16_y72_x0.npy,0,16,72,0,0
sub-233,sub-233_negative_00024_z16_y208_x176.npy,sub-233_negative_00024_z16_y208_x176.npy,0,16,208,176,0
sub-233,sub-233_negative_00025_z120_y16_x84.npy,sub-233_negative_00025_z120_y16_x84.npy,0,120,16,84,0
sub-233,sub-233_negative_00026_z112_y72_x68.npy,sub-233_negative_00026_z112_y72_x68.npy,0,112,72,68,0
sub-233,sub-233_negative_00027_z24_y96_x52.npy,sub-233_negative_00027_z24_y96_x52.npy,0,24,96,52,0
sub-233,sub-233_negative_00028_z104_y152_x176.npy,sub-233_negative_00028_z104_y152_x176.npy,0,104,152,176,0
sub-233,sub-233_negative_00029_z16_y120_x112.npy,sub-233_negative_00029_z16_y120_x112.npy,0,16,120,112,0
sub-233,sub-233_negative_00030_z32_y72_x84.npy,sub-233_negative_00030_z32_y72_x84.npy,0,32,72,84,0
sub-233,sub-233_negative_00031_z72_y224_x212.npy,sub-233_negative_00031_z72_y224_x212.npy,0,72,224,212,0
sub-233,sub-233_negative_00032_z96_y136_x236.npy,sub-233_negative_00032_z96_y136_x236.npy,0,96,136,236,0
sub-233,sub-233_negative_00033_z72_y104_x128.npy,sub-233_negative_00033_z72_y104_x128.npy,0,72,104,128,0
sub-233,sub-233_negative_00034_z72_y184_x216.npy,sub-233_negative_00034_z72_y184_x216.npy,0,72,184,216,0
sub-233,sub-233_negative_00035_z40_y40_x164.npy,sub-233_negative_00035_z40_y40_x164.npy,0,40,40,164,0
sub-233,sub-233_negative_00036_z128_y64_x120.npy,sub-233_negative_00036_z128_y64_x120.npy,0,128,64,120,0
sub-233,sub-233_negative_00037_z112_y24_x92.npy,sub-233_negative_00037_z112_y24_x92.npy,0,112,24,92,0
sub-233,sub-233_negative_00038_z88_y128_x220.npy,sub-233_negative_00038_z88_y128_x220.npy,0,88,128,220,0
sub-233,sub-233_negative_00039_z104_y192_x120.npy,sub-233_negative_00039_z104_y192_x120.npy,0,104,192,120,0
sub-233,sub-233_negative_00040_z8_y152_x156.npy,sub-233_negative_00040_z8_y152_x156.npy,0,8,152,156,0
sub-233,sub-233_negative_00041_z120_y32_x100.npy,sub-233_negative_00041_z120_y32_x100.npy,0,120,32,100,0
sub-233,sub-233_negative_00042_z72_y192_x184.npy,sub-233_negative_00042_z72_y192_x184.npy,0,72,192,184,0
sub-233,sub-233_negative_00043_z48_y232_x48.npy,sub-233_negative_00043_z48_y232_x48.npy,0,48,232,48,0
sub-233,sub-233_negative_00044_z56_y224_x228.npy,sub-233_negative_00044_z56_y224_x228.npy,0,56,224,228,0
sub-233,sub-233_negative_00045_z64_y128_x168.npy,sub-233_negative_00045_z64_y128_x168.npy,0,64,128,168,0
sub-233,sub-233_negative_00046_z88_y72_x220.npy,sub-233_negative_00046_z88_y72_x220.npy,0,88,72,220,0
sub-233,sub-233_negative_00047_z8_y48_x148.npy,sub-233_negative_00047_z8_y48_x148.npy,0,8,48,148,0
sub-233,sub-233_negative_00048_z104_y152_x228.npy,sub-233_negative_00048_z104_y152_x228.npy,0,104,152,228,0
sub-233,sub-233_negative_00049_z136_y232_x152.npy,sub-233_negative_00049_z136_y232_x152.npy,0,136,232,152,0
sub-233,sub-233_negative_00050_z88_y176_x104.npy,sub-233_negative_00050_z88_y176_x104.npy,0,88,176,104,0
sub-233,sub-233_negative_00051_z128_y32_x216.npy,sub-233_negative_00051_z128_y32_x216.npy,0,128,32,216,0
sub-233,sub-233_negative_00052_z96_y64_x96.npy,sub-233_negative_00052_z96_y64_x96.npy,0,96,64,96,0
sub-233,sub-233_negative_00053_z48_y136_x184.npy,sub-233_negative_00053_z48_y136_x184.npy,0,48,136,184,0
sub-233,sub-233_negative_00054_z64_y0_x68.npy,sub-233_negative_00054_z64_y0_x68.npy,0,64,0,68,0
sub-233,sub-233_negative_00055_z64_y72_x188.npy,sub-233_negative_00055_z64_y72_x188.npy,0,64,72,188,0
sub-233,sub-233_negative_00056_z128_y152_x72.npy,sub-233_negative_00056_z128_y152_x72.npy,0,128,152,72,0
sub-233,sub-233_negative_00057_z72_y48_x108.npy,sub-233_negative_00057_z72_y48_x108.npy,0,72,48,108,0
sub-233,sub-233_negative_00058_z104_y48_x60.npy,sub-233_negative_00058_z104_y48_x60.npy,0,104,48,60,0
sub-233,sub-233_negative_00059_z104_y80_x224.npy,sub-233_negative_00059_z104_y80_x224.npy,0,104,80,224,0
sub-233,sub-233_negative_00060_z56_y48_x200.npy,sub-233_negative_00060_z56_y48_x200.npy,0,56,48,200,0
sub-233,sub-233_negative_00061_z48_y152_x184.npy,sub-233_negative_00061_z48_y152_x184.npy,0,48,152,184,0
sub-233,sub-233_negative_00062_z104_y208_x168.npy,sub-233_negative_00062_z104_y208_x168.npy,0,104,208,168,0
sub-233,sub-233_negative_00063_z8_y88_x44.npy,sub-233_negative_00063_z8_y88_x44.npy,0,8,88,44,0
sub-233,sub-233_negative_00064_z88_y104_x204.npy,sub-233_negative_00064_z88_y104_x204.npy,0,88,104,204,0
sub-233,sub-233_negative_00065_z96_y64_x128.npy,sub-233_negative_00065_z96_y64_x128.npy,0,96,64,128,0
sub-233,sub-233_negative_00066_z112_y208_x16.npy,sub-233_negative_00066_z112_y208_x16.npy,0,112,208,16,0
sub-233,sub-233_negative_00067_z8_y128_x68.npy,sub-233_negative_00067_z8_y128_x68.npy,0,8,128,68,0
sub-233,sub-233_negative_00068_z32_y232_x40.npy,sub-233_negative_00068_z32_y232_x40.npy,0,32,232,40,0
sub-233,sub-233_negative_00069_z8_y176_x116.npy,sub-233_negative_00069_z8_y176_x116.npy,0,8,176,116,0
sub-233,sub-233_negative_00070_z136_y104_x76.npy,sub-233_negative_00070_z136_y104_x76.npy,0,136,104,76,0
sub-233,sub-233_negative_00071_z104_y144_x156.npy,sub-233_negative_00071_z104_y144_x156.npy,0,104,144,156,0
sub-233,sub-233_negative_00072_z0_y184_x148.npy,sub-233_negative_00072_z0_y184_x148.npy,0,0,184,148,0
sub-233,sub-233_negative_00073_z120_y96_x76.npy,sub-233_negative_00073_z120_y96_x76.npy,0,120,96,76,0
sub-233,sub-233_negative_00074_z96_y136_x152.npy,sub-233_negative_00074_z96_y136_x152.npy,0,96,136,152,0
sub-233,sub-233_negative_00075_z56_y192_x232.npy,sub-233_negative_00075_z56_y192_x232.npy,0,56,192,232,0
sub-233,sub-233_negative_00076_z120_y96_x144.npy,sub-233_negative_00076_z120_y96_x144.npy,0,120,96,144,0
sub-233,sub-233_negative_00077_z24_y112_x232.npy,sub-233_negative_00077_z24_y112_x232.npy,0,24,112,232,0
sub-233,sub-233_negative_00078_z48_y128_x52.npy,sub-233_negative_00078_z48_y128_x52.npy,0,48,128,52,0
sub-233,sub-233_negative_00079_z8_y32_x96.npy,sub-233_negative_00079_z8_y32_x96.npy,0,8,32,96,0
sub-233,sub-233_negative_00080_z8_y160_x172.npy,sub-233_negative_00080_z8_y160_x172.npy,0,8,160,172,0
sub-233,sub-233_negative_00081_z64_y232_x132.npy,sub-233_negative_00081_z64_y232_x132.npy,0,64,232,132,0
sub-233,sub-233_negative_00082_z136_y120_x104.npy,sub-233_negative_00082_z136_y120_x104.npy,0,136,120,104,0
sub-233,sub-233_negative_00083_z56_y208_x72.npy,sub-233_negative_00083_z56_y208_x72.npy,0,56,208,72,0
sub-233,sub-233_negative_00084_z40_y144_x148.npy,sub-233_negative_00084_z40_y144_x148.npy,0,40,144,148,0
sub-233,sub-233_negative_00085_z112_y112_x112.npy,sub-233_negative_00085_z112_y112_x112.npy,0,112,112,112,0
sub-233,sub-233_negative_00086_z88_y80_x116.npy,sub-233_negative_00086_z88_y80_x116.npy,0,88,80,116,0
sub-233,sub-233_negative_00087_z96_y40_x124.npy,sub-233_negative_00087_z96_y40_x124.npy,0,96,40,124,0
sub-233,sub-233_negative_00088_z64_y104_x80.npy,sub-233_negative_00088_z64_y104_x80.npy,0,64,104,80,0
sub-233,sub-233_negative_00089_z112_y8_x20.npy,sub-233_negative_00089_z112_y8_x20.npy,0,112,8,20,0
sub-233,sub-233_negative_00090_z56_y88_x152.npy,sub-233_negative_00090_z56_y88_x152.npy,0,56,88,152,0
sub-233,sub-233_negative_00091_z48_y88_x28.npy,sub-233_negative_00091_z48_y88_x28.npy,0,48,88,28,0
sub-233,sub-233_negative_00092_z104_y88_x172.npy,sub-233_negative_00092_z104_y88_x172.npy,0,104,88,172,0
sub-233,sub-233_negative_00093_z16_y80_x24.npy,sub-233_negative_00093_z16_y80_x24.npy,0,16,80,24,0
sub-233,sub-233_negative_00094_z96_y80_x100.npy,sub-233_negative_00094_z96_y80_x100.npy,0,96,80,100,0
sub-233,sub-233_negative_00095_z40_y224_x44.npy,sub-233_negative_00095_z40_y224_x44.npy,0,40,224,44,0
sub-233,sub-233_negative_00096_z8_y144_x12.npy,sub-233_negative_00096_z8_y144_x12.npy,0,8,144,12,0
sub-233,sub-233_negative_00097_z80_y32_x152.npy,sub-233_negative_00097_z80_y32_x152.npy,0,80,32,152,0
sub-233,sub-233_negative_00098_z64_y16_x148.npy,sub-233_negative_00098_z64_y16_x148.npy,0,64,16,148,0
sub-233,sub-233_negative_00099_z112_y232_x104.npy,sub-233_negative_00099_z112_y232_x104.npy,0,112,232,104,0
sub-304,sub-304_positive_00000_z64_y96_x144.npy,sub-304_positive_00000_z64_y96_x144.npy,1,64,96,144,2
sub-304,sub-304_positive_00001_z64_y96_x148.npy,sub-304_positive_00001_z64_y96_x148.npy,1,64,96,148,7
sub-304,sub-304_positive_00002_z64_y96_x152.npy,sub-304_positive_00002_z64_y96_x152.npy,1,64,96,152,5
sub-304,sub-304_positive_00003_z64_y104_x144.npy,sub-304_positive_00003_z64_y104_x144.npy,1,64,104,144,2
sub-304,sub-304_positive_00004_z64_y104_x148.npy,sub-304_positive_00004_z64_y104_x148.npy,1,64,104,148,7
sub-304,sub-304_positive_00005_z64_y104_x152.npy,sub-304_positive_00005_z64_y104_x152.npy,1,64,104,152,5
sub-304,sub-304_positive_00006_z72_y96_x144.npy,sub-304_positive_00006_z72_y96_x144.npy,1,72,96,144,8
sub-304,sub-304_positive_00007_z72_y96_x148.npy,sub-304_positive_00007_z72_y96_x148.npy,1,72,96,148,28
sub-304,sub-304_positive_00008_z72_y96_x152.npy,sub-304_positive_00008_z72_y96_x152.npy,1,72,96,152,20
sub-304,sub-304_positive_00009_z72_y104_x144.npy,sub-304_positive_00009_z72_y104_x144.npy,1,72,104,144,8
sub-304,sub-304_positive_00010_z72_y104_x148.npy,sub-304_positive_00010_z72_y104_x148.npy,1,72,104,148,28
sub-304,sub-304_positive_00011_z72_y104_x152.npy,sub-304_positive_00011_z72_y104_x152.npy,1,72,104,152,20
sub-304,sub-304_positive_00012_z80_y96_x144.npy,sub-304_positive_00012_z80_y96_x144.npy,1,80,96,144,6
sub-304,sub-304_positive_00013_z80_y96_x148.npy,sub-304_positive_00013_z80_y96_x148.npy,1,80,96,148,21
sub-304,sub-304_positive_00014_z80_y96_x152.npy,sub-304_positive_00014_z80_y96_x152.npy,1,80,96,152,15
sub-304,sub-304_positive_00015_z80_y104_x144.npy,sub-304_positive_00015_z80_y104_x144.npy,1,80,104,144,6
sub-304,sub-304_positive_00016_z80_y104_x148.npy,sub-304_positive_00016_z80_y104_x148.npy,1,80,104,148,21
sub-304,sub-304_positive_00017_z80_y104_x152.npy,sub-304_positive_00017_z80_y104_x152.npy,1,80,104,152,15
sub-304,sub-304_negative_00018_z56_y208_x168.npy,sub-304_negative_00018_z56_y208_x168.npy,0,56,208,168,0
sub-304,sub-304_negative_00019_z128_y224_x104.npy,sub-304_negative_00019_z128_y224_x104.npy,0,128,224,104,0
sub-304,sub-304_negative_00020_z96_y8_x160.npy,sub-304_negative_00020_z96_y8_x160.npy,0,96,8,160,0
sub-304,sub-304_negative_00021_z64_y88_x240.npy,sub-304_negative_00021_z64_y88_x240.npy,0,64,88,240,0
sub-304,sub-304_negative_00022_z64_y16_x184.npy,sub-304_negative_00022_z64_y16_x184.npy,0,64,16,184,0
sub-304,sub-304_negative_00023_z104_y240_x196.npy,sub-304_negative_00023_z104_y240_x196.npy,0,104,240,196,0
sub-304,sub-304_negative_00024_z16_y184_x236.npy,sub-304_negative_00024_z16_y184_x236.npy,0,16,184,236,0
sub-304,sub-304_negative_00025_z40_y208_x136.npy,sub-304_negative_00025_z40_y208_x136.npy,0,40,208,136,0
sub-304,sub-304_negative_00026_z16_y232_x248.npy,sub-304_negative_00026_z16_y232_x248.npy,0,16,232,248,0
sub-304,sub-304_negative_00027_z96_y216_x116.npy,sub-304_negative_00027_z96_y216_x116.npy,0,96,216,116,0
sub-304,sub-304_negative_00028_z24_y64_x148.npy,sub-304_negative_00028_z24_y64_x148.npy,0,24,64,148,0
sub-304,sub-304_negative_00029_z64_y232_x92.npy,sub-304_negative_00029_z64_y232_x92.npy,0,64,232,92,0
sub-304,sub-304_negative_00030_z56_y184_x212.npy,sub-304_negative_00030_z56_y184_x212.npy,0,56,184,212,0
sub-304,sub-304_negative_00031_z112_y192_x52.npy,sub-304_negative_00031_z112_y192_x52.npy,0,112,192,52,0
sub-304,sub-304_negative_00032_z48_y160_x104.npy,sub-304_negative_00032_z48_y160_x104.npy,0,48,160,104,0
sub-304,sub-304_negative_00033_z96_y128_x48.npy,sub-304_negative_00033_z96_y128_x48.npy,0,96,128,48,0
sub-304,sub-304_negative_00034_z112_y240_x76.npy,sub-304_negative_00034_z112_y240_x76.npy,0,112,240,76,0
sub-304,sub-304_negative_00035_z24_y152_x16.npy,sub-304_negative_00035_z24_y152_x16.npy,0,24,152,16,0
sub-304,sub-304_negative_00036_z120_y232_x140.npy,sub-304_negative_00036_z120_y232_x140.npy,0,120,232,140,0
sub-304,sub-304_negative_00037_z136_y96_x80.npy,sub-304_negative_00037_z136_y96_x80.npy,0,136,96,80,0
sub-304,sub-304_negative_00038_z32_y16_x120.npy,sub-304_negative_00038_z32_y16_x120.npy,0,32,16,120,0
sub-304,sub-304_negative_00039_z128_y144_x52.npy,sub-304_negative_00039_z128_y144_x52.npy,0,128,144,52,0
sub-304,sub-304_negative_00040_z128_y8_x164.npy,sub-304_negative_00040_z128_y8_x164.npy,0,128,8,164,0
sub-304,sub-304_negative_00041_z16_y72_x68.npy,sub-304_negative_00041_z16_y72_x68.npy,0,16,72,68,0
sub-304,sub-304_negative_00042_z16_y216_x144.npy,sub-304_negative_00042_z16_y216_x144.npy,0,16,216,144,0
sub-304,sub-304_negative_00043_z120_y16_x136.npy,sub-304_negative_00043_z120_y16_x136.npy,0,120,16,136,0
sub-304,sub-304_negative_00044_z112_y72_x168.npy,sub-304_negative_00044_z112_y72_x168.npy,0,112,72,168,0
sub-304,sub-304_negative_00045_z24_y96_x144.npy,sub-304_negative_00045_z24_y96_x144.npy,0,24,96,144,0
sub-304,sub-304_negative_00046_z104_y160_x124.npy,sub-304_negative_00046_z104_y160_x124.npy,0,104,160,124,0
sub-304,sub-304_negative_00047_z16_y120_x236.npy,sub-304_negative_00047_z16_y120_x236.npy,0,16,120,236,0
sub-304,sub-304_negative_00048_z32_y72_x148.npy,sub-304_negative_00048_z32_y72_x148.npy,0,32,72,148,0
sub-304,sub-304_negative_00049_z72_y232_x228.npy,sub-304_negative_00049_z72_y232_x228.npy,0,72,232,228,0
sub-304,sub-304_negative_00050_z96_y144_x168.npy,sub-304_negative_00050_z96_y144_x168.npy,0,96,144,168,0
sub-304,sub-304_negative_00051_z72_y112_x16.npy,sub-304_negative_00051_z72_y112_x16.npy,0,72,112,16,0
sub-304,sub-304_negative_00052_z72_y192_x192.npy,sub-304_negative_00052_z72_y192_x192.npy,0,72,192,192,0
sub-304,sub-304_negative_00053_z40_y40_x196.npy,sub-304_negative_00053_z40_y40_x196.npy,0,40,40,196,0
sub-304,sub-304_negative_00054_z128_y64_x212.npy,sub-304_negative_00054_z128_y64_x212.npy,0,128,64,212,0
sub-304,sub-304_negative_00055_z112_y24_x160.npy,sub-304_negative_00055_z112_y24_x160.npy,0,112,24,160,0
sub-304,sub-304_negative_00056_z88_y136_x156.npy,sub-304_negative_00056_z88_y136_x156.npy,0,88,136,156,0
sub-304,sub-304_negative_00057_z104_y200_x96.npy,sub-304_negative_00057_z104_y200_x96.npy,0,104,200,96,0
sub-304,sub-304_negative_00058_z8_y160_x72.npy,sub-304_negative_00058_z8_y160_x72.npy,0,8,160,72,0
sub-304,sub-304_negative_00059_z120_y32_x152.npy,sub-304_negative_00059_z120_y32_x152.npy,0,120,32,152,0
sub-304,sub-304_negative_00060_z72_y200_x160.npy,sub-304_negative_00060_z72_y200_x160.npy,0,72,200,160,0
sub-304,sub-304_negative_00061_z48_y240_x16.npy,sub-304_negative_00061_z48_y240_x16.npy,0,48,240,16,0
sub-304,sub-304_negative_00062_z56_y232_x200.npy,sub-304_negative_00062_z56_y232_x200.npy,0,56,232,200,0
sub-304,sub-304_negative_00063_z64_y136_x52.npy,sub-304_negative_00063_z64_y136_x52.npy,0,64,136,52,0
sub-304,sub-304_negative_00064_z88_y80_x88.npy,sub-304_negative_00064_z88_y80_x88.npy,0,88,80,88,0
sub-304,sub-304_negative_00065_z8_y48_x204.npy,sub-304_negative_00065_z8_y48_x204.npy,0,8,48,204,0
sub-304,sub-304_negative_00066_z104_y160_x184.npy,sub-304_negative_00066_z104_y160_x184.npy,0,104,160,184,0
sub-304,sub-304_negative_00067_z32_y16_x116.npy,sub-304_negative_00067_z32_y16_x116.npy,0,32,16,116,0
sub-304,sub-304_negative_00068_z88_y184_x84.npy,sub-304_negative_00068_z88_y184_x84.npy,0,88,184,84,0
sub-304,sub-304_negative_00069_z128_y40_x20.npy,sub-304_negative_00069_z128_y40_x20.npy,0,128,40,20,0
sub-304,sub-304_negative_00070_z96_y64_x200.npy,sub-304_negative_00070_z96_y64_x200.npy,0,96,64,200,0
sub-304,sub-304_negative_00071_z48_y144_x64.npy,sub-304_negative_00071_z48_y144_x64.npy,0,48,144,64,0
sub-304,sub-304_negative_00072_z64_y0_x48.npy,sub-304_negative_00072_z64_y0_x48.npy,0,64,0,48,0
sub-304,sub-304_negative_00073_z64_y72_x248.npy,sub-304_negative_00073_z64_y72_x248.npy,0,64,72,248,0
sub-304,sub-304_negative_00074_z128_y160_x8.npy,sub-304_negative_00074_z128_y160_x8.npy,0,128,160,8,0
sub-304,sub-304_negative_00075_z72_y48_x164.npy,sub-304_negative_00075_z72_y48_x164.npy,0,72,48,164,0
sub-304,sub-304_negative_00076_z104_y48_x152.npy,sub-304_negative_00076_z104_y48_x152.npy,0,104,48,152,0
sub-304,sub-304_negative_00077_z104_y88_x96.npy,sub-304_negative_00077_z104_y88_x96.npy,0,104,88,96,0
sub-304,sub-304_negative_00078_z56_y48_x240.npy,sub-304_negative_00078_z56_y48_x240.npy,0,56,48,240,0
sub-304,sub-304_negative_00079_z48_y160_x84.npy,sub-304_negative_00079_z48_y160_x84.npy,0,48,160,84,0
sub-304,sub-304_negative_00080_z104_y216_x180.npy,sub-304_negative_00080_z104_y216_x180.npy,0,104,216,180,0
sub-304,sub-304_negative_00081_z8_y88_x136.npy,sub-304_negative_00081_z8_y88_x136.npy,0,8,88,136,0
sub-304,sub-304_negative_00082_z88_y112_x100.npy,sub-304_negative_00082_z88_y112_x100.npy,0,88,112,100,0
sub-304,sub-304_negative_00083_z96_y64_x224.npy,sub-304_negative_00083_z96_y64_x224.npy,0,96,64,224,0
sub-304,sub-304_negative_00084_z112_y216_x12.npy,sub-304_negative_00084_z112_y216_x12.npy,0,112,216,12,0
sub-304,sub-304_negative_00085_z8_y128_x200.npy,sub-304_negative_00085_z8_y128_x200.npy,0,8,128,200,0
sub-304,sub-304_negative_00086_z32_y240_x20.npy,sub-304_negative_00086_z32_y240_x20.npy,0,32,240,20,0
sub-304,sub-304_negative_00087_z8_y184_x48.npy,sub-304_negative_00087_z8_y184_x48.npy,0,8,184,48,0
sub-304,sub-304_negative_00088_z136_y104_x208.npy,sub-304_negative_00088_z136_y104_x208.npy,0,136,104,208,0
sub-304,sub-304_negative_00089_z104_y152_x96.npy,sub-304_negative_00089_z104_y152_x96.npy,0,104,152,96,0
sub-304,sub-304_negative_00090_z0_y192_x100.npy,sub-304_negative_00090_z0_y192_x100.npy,0,0,192,100,0
sub-304,sub-304_negative_00091_z120_y96_x212.npy,sub-304_negative_00091_z120_y96_x212.npy,0,120,96,212,0
sub-304,sub-304_negative_00092_z96_y144_x84.npy,sub-304_negative_00092_z96_y144_x84.npy,0,96,144,84,0
sub-304,sub-304_negative_00093_z56_y200_x164.npy,sub-304_negative_00093_z56_y200_x164.npy,0,56,200,164,0
sub-304,sub-304_negative_00094_z120_y104_x24.npy,sub-304_negative_00094_z120_y104_x24.npy,0,120,104,24,0
sub-304,sub-304_negative_00095_z24_y120_x100.npy,sub-304_negative_00095_z24_y120_x100.npy,0,24,120,100,0
sub-304,sub-304_negative_00096_z48_y128_x172.npy,sub-304_negative_00096_z48_y128_x172.npy,0,48,128,172,0
sub-304,sub-304_negative_00097_z8_y32_x132.npy,sub-304_negative_00097_z8_y32_x132.npy,0,8,32,132,0
sub-304,sub-304_negative_00098_z8_y168_x96.npy,sub-304_negative_00098_z8_y168_x96.npy,0,8,168,96,0
sub-304,sub-304_negative_00099_z64_y240_x128.npy,sub-304_negative_00099_z64_y240_x128.npy,0,64,240,128,0
sub-304,sub-304_negative_00100_z136_y128_x8.npy,sub-304_negative_00100_z136_y128_x8.npy,0,136,128,8,0
sub-304,sub-304_negative_00101_z56_y216_x24.npy,sub-304_negative_00101_z56_y216_x24.npy,0,56,216,24,0
sub-304,sub-304_negative_00102_z40_y152_x36.npy,sub-304_negative_00102_z40_y152_x36.npy,0,40,152,36,0
sub-304,sub-304_negative_00103_z112_y120_x0.npy,sub-304_negative_00103_z112_y120_x0.npy,0,112,120,0,0
sub-304,sub-304_negative_00104_z88_y80_x244.npy,sub-304_negative_00104_z88_y80_x244.npy,0,88,80,244,0
sub-304,sub-304_negative_00105_z96_y40_x204.npy,sub-304_negative_00105_z96_y40_x204.npy,0,96,40,204,0
sub-304,sub-304_negative_00106_z64_y104_x188.npy,sub-304_negative_00106_z64_y104_x188.npy,0,64,104,188,0
sub-304,sub-304_negative_00107_z112_y8_x60.npy,sub-304_negative_00107_z112_y8_x60.npy,0,112,8,60,0
sub-304,sub-304_negative_00108_z56_y88_x228.npy,sub-304_negative_00108_z56_y88_x228.npy,0,56,88,228,0
sub-304,sub-304_negative_00109_z48_y88_x100.npy,sub-304_negative_00109_z48_y88_x100.npy,0,48,88,100,0
sub-304,sub-304_negative_00110_z104_y96_x48.npy,sub-304_negative_00110_z104_y96_x48.npy,0,104,96,48,0
sub-304,sub-304_negative_00111_z16_y80_x100.npy,sub-304_negative_00111_z16_y80_x100.npy,0,16,80,100,0
sub-304,sub-304_negative_00112_z96_y80_x216.npy,sub-304_negative_00112_z96_y80_x216.npy,0,96,80,216,0
sub-304,sub-304_negative_00113_z40_y232_x8.npy,sub-304_negative_00113_z40_y232_x8.npy,0,40,232,8,0
sub-304,sub-304_negative_00114_z8_y144_x160.npy,sub-304_negative_00114_z8_y144_x160.npy,0,8,144,160,0
sub-304,sub-304_negative_00115_z80_y32_x208.npy,sub-304_negative_00115_z80_y32_x208.npy,0,80,32,208,0
sub-304,sub-304_negative_00116_z64_y16_x152.npy,sub-304_negative_00116_z64_y16_x152.npy,0,64,16,152,0
sub-304,sub-304_negative_00117_z112_y240_x116.npy,sub-304_negative_00117_z112_y240_x116.npy,0,112,240,116,0
sub-206,sub-206_negative_00000_z56_y200_x224.npy,sub-206_negative_00000_z56_y200_x224.npy,0,56,200,224,0
sub-206,sub-206_negative_00001_z128_y216_x112.npy,sub-206_negative_00001_z128_y216_x112.npy,0,128,216,112,0
sub-206,sub-206_negative_00002_z96_y8_x116.npy,sub-206_negative_00002_z96_y8_x116.npy,0,96,8,116,0
sub-206,sub-206_negative_00003_z64_y88_x164.npy,sub-206_negative_00003_z64_y88_x164.npy,0,64,88,164,0
sub-206,sub-206_negative_00004_z64_y16_x180.npy,sub-206_negative_00004_z64_y16_x180.npy,0,64,16,180,0
sub-206,sub-206_negative_00005_z104_y232_x168.npy,sub-206_negative_00005_z104_y232_x168.npy,0,104,232,168,0
sub-206,sub-206_negative_00006_z16_y184_x48.npy,sub-206_negative_00006_z16_y184_x48.npy,0,16,184,48,0
sub-206,sub-206_negative_00007_z40_y200_x184.npy,sub-206_negative_00007_z40_y200_x184.npy,0,40,200,184,0
sub-206,sub-206_negative_00008_z16_y232_x12.npy,sub-206_negative_00008_z16_y232_x12.npy,0,16,232,12,0
sub-206,sub-206_negative_00009_z96_y208_x104.npy,sub-206_negative_00009_z96_y208_x104.npy,0,96,208,104,0
sub-206,sub-206_negative_00010_z24_y64_x84.npy,sub-206_negative_00010_z24_y64_x84.npy,0,24,64,84,0
sub-206,sub-206_negative_00011_z64_y224_x104.npy,sub-206_negative_00011_z64_y224_x104.npy,0,64,224,104,0
sub-206,sub-206_negative_00012_z56_y184_x36.npy,sub-206_negative_00012_z56_y184_x36.npy,0,56,184,36,0
sub-206,sub-206_negative_00013_z112_y184_x76.npy,sub-206_negative_00013_z112_y184_x76.npy,0,112,184,76,0
sub-206,sub-206_negative_00014_z48_y152_x208.npy,sub-206_negative_00014_z48_y152_x208.npy,0,48,152,208,0
sub-206,sub-206_negative_00015_z96_y120_x128.npy,sub-206_negative_00015_z96_y120_x128.npy,0,96,120,128,0
sub-206,sub-206_negative_00016_z112_y232_x68.npy,sub-206_negative_00016_z112_y232_x68.npy,0,112,232,68,0
sub-206,sub-206_negative_00017_z24_y144_x120.npy,sub-206_negative_00017_z24_y144_x120.npy,0,24,144,120,0
sub-206,sub-206_negative_00018_z120_y224_x124.npy,sub-206_negative_00018_z120_y224_x124.npy,0,120,224,124,0
sub-206,sub-206_negative_00019_z136_y88_x212.npy,sub-206_negative_00019_z136_y88_x212.npy,0,136,88,212,0
sub-206,sub-206_negative_00020_z32_y16_x108.npy,sub-206_negative_00020_z32_y16_x108.npy,0,32,16,108,0
sub-206,sub-206_negative_00021_z128_y136_x140.npy,sub-206_negative_00021_z128_y136_x140.npy,0,128,136,140,0
sub-206,sub-206_negative_00022_z128_y8_x124.npy,sub-206_negative_00022_z128_y8_x124.npy,0,128,8,124,0
sub-206,sub-206_negative_00023_z16_y72_x0.npy,sub-206_negative_00023_z16_y72_x0.npy,0,16,72,0,0
sub-206,sub-206_negative_00024_z16_y208_x176.npy,sub-206_negative_00024_z16_y208_x176.npy,0,16,208,176,0
sub-206,sub-206_negative_00025_z120_y16_x84.npy,sub-206_negative_00025_z120_y16_x84.npy,0,120,16,84,0
sub-206,sub-206_negative_00026_z112_y72_x68.npy,sub-206_negative_00026_z112_y72_x68.npy,0,112,72,68,0
sub-206,sub-206_negative_00027_z24_y96_x52.npy,sub-206_negative_00027_z24_y96_x52.npy,0,24,96,52,0
sub-206,sub-206_negative_00028_z104_y152_x176.npy,sub-206_negative_00028_z104_y152_x176.npy,0,104,152,176,0
sub-206,sub-206_negative_00029_z16_y120_x112.npy,sub-206_negative_00029_z16_y120_x112.npy,0,16,120,112,0
sub-206,sub-206_negative_00030_z32_y72_x84.npy,sub-206_negative_00030_z32_y72_x84.npy,0,32,72,84,0
sub-206,sub-206_negative_00031_z72_y224_x212.npy,sub-206_negative_00031_z72_y224_x212.npy,0,72,224,212,0
sub-206,sub-206_negative_00032_z96_y136_x236.npy,sub-206_negative_00032_z96_y136_x236.npy,0,96,136,236,0
sub-206,sub-206_negative_00033_z72_y104_x128.npy,sub-206_negative_00033_z72_y104_x128.npy,0,72,104,128,0
sub-206,sub-206_negative_00034_z72_y184_x216.npy,sub-206_negative_00034_z72_y184_x216.npy,0,72,184,216,0
sub-206,sub-206_negative_00035_z40_y40_x164.npy,sub-206_negative_00035_z40_y40_x164.npy,0,40,40,164,0
sub-206,sub-206_negative_00036_z128_y64_x120.npy,sub-206_negative_00036_z128_y64_x120.npy,0,128,64,120,0
sub-206,sub-206_negative_00037_z112_y24_x92.npy,sub-206_negative_00037_z112_y24_x92.npy,0,112,24,92,0
sub-206,sub-206_negative_00038_z88_y128_x220.npy,sub-206_negative_00038_z88_y128_x220.npy,0,88,128,220,0
sub-206,sub-206_negative_00039_z104_y192_x120.npy,sub-206_negative_00039_z104_y192_x120.npy,0,104,192,120,0
sub-206,sub-206_negative_00040_z8_y152_x156.npy,sub-206_negative_00040_z8_y152_x156.npy,0,8,152,156,0
sub-206,sub-206_negative_00041_z120_y32_x100.npy,sub-206_negative_00041_z120_y32_x100.npy,0,120,32,100,0
sub-206,sub-206_negative_00042_z72_y192_x184.npy,sub-206_negative_00042_z72_y192_x184.npy,0,72,192,184,0
sub-206,sub-206_negative_00043_z48_y232_x48.npy,sub-206_negative_00043_z48_y232_x48.npy,0,48,232,48,0
sub-206,sub-206_negative_00044_z56_y224_x228.npy,sub-206_negative_00044_z56_y224_x228.npy,0,56,224,228,0
sub-206,sub-206_negative_00045_z64_y128_x168.npy,sub-206_negative_00045_z64_y128_x168.npy,0,64,128,168,0
sub-206,sub-206_negative_00046_z88_y72_x220.npy,sub-206_negative_00046_z88_y72_x220.npy,0,88,72,220,0
sub-206,sub-206_negative_00047_z8_y48_x148.npy,sub-206_negative_00047_z8_y48_x148.npy,0,8,48,148,0
sub-206,sub-206_negative_00048_z104_y152_x228.npy,sub-206_negative_00048_z104_y152_x228.npy,0,104,152,228,0
sub-206,sub-206_negative_00049_z136_y232_x152.npy,sub-206_negative_00049_z136_y232_x152.npy,0,136,232,152,0
sub-206,sub-206_negative_00050_z88_y176_x104.npy,sub-206_negative_00050_z88_y176_x104.npy,0,88,176,104,0
sub-206,sub-206_negative_00051_z128_y32_x216.npy,sub-206_negative_00051_z128_y32_x216.npy,0,128,32,216,0
sub-206,sub-206_negative_00052_z96_y64_x96.npy,sub-206_negative_00052_z96_y64_x96.npy,0,96,64,96,0
sub-206,sub-206_negative_00053_z48_y136_x184.npy,sub-206_negative_00053_z48_y136_x184.npy,0,48,136,184,0
sub-206,sub-206_negative_00054_z64_y0_x68.npy,sub-206_negative_00054_z64_y0_x68.npy,0,64,0,68,0
sub-206,sub-206_negative_00055_z64_y72_x188.npy,sub-206_negative_00055_z64_y72_x188.npy,0,64,72,188,0
sub-206,sub-206_negative_00056_z128_y152_x72.npy,sub-206_negative_00056_z128_y152_x72.npy,0,128,152,72,0
sub-206,sub-206_negative_00057_z72_y48_x108.npy,sub-206_negative_00057_z72_y48_x108.npy,0,72,48,108,0
sub-206,sub-206_negative_00058_z104_y48_x60.npy,sub-206_negative_00058_z104_y48_x60.npy,0,104,48,60,0
sub-206,sub-206_negative_00059_z104_y80_x224.npy,sub-206_negative_00059_z104_y80_x224.npy,0,104,80,224,0
sub-206,sub-206_negative_00060_z56_y48_x200.npy,sub-206_negative_00060_z56_y48_x200.npy,0,56,48,200,0
sub-206,sub-206_negative_00061_z48_y152_x184.npy,sub-206_negative_00061_z48_y152_x184.npy,0,48,152,184,0
sub-206,sub-206_negative_00062_z104_y208_x168.npy,sub-206_negative_00062_z104_y208_x168.npy,0,104,208,168,0
sub-206,sub-206_negative_00063_z8_y88_x44.npy,sub-206_negative_00063_z8_y88_x44.npy,0,8,88,44,0
sub-206,sub-206_negative_00064_z88_y104_x204.npy,sub-206_negative_00064_z88_y104_x204.npy,0,88,104,204,0
sub-206,sub-206_negative_00065_z96_y64_x128.npy,sub-206_negative_00065_z96_y64_x128.npy,0,96,64,128,0
sub-206,sub-206_negative_00066_z112_y208_x16.npy,sub-206_negative_00066_z112_y208_x16.npy,0,112,208,16,0
sub-206,sub-206_negative_00067_z8_y128_x68.npy,sub-206_negative_00067_z8_y128_x68.npy,0,8,128,68,0
sub-206,sub-206_negative_00068_z32_y232_x40.npy,sub-206_negative_00068_z32_y232_x40.npy,0,32,232,40,0
sub-206,sub-206_negative_00069_z8_y176_x116.npy,sub-206_negative_00069_z8_y176_x116.npy,0,8,176,116,0
sub-206,sub-206_negative_00070_z136_y104_x76.npy,sub-206_negative_00070_z136_y104_x76.npy,0,136,104,76,0
sub-206,sub-206_negative_00071_z104_y144_x156.npy,sub-206_negative_00071_z104_y144_x156.npy,0,104,144,156,0
sub-206,sub-206_negative_00072_z0_y184_x148.npy,sub-206_negative_00072_z0_y184_x148.npy,0,0,184,148,0
sub-206,sub-206_negative_00073_z120_y96_x76.npy,sub-206_negative_00073_z120_y96_x76.npy,0,120,96,76,0
sub-206,sub-206_negative_00074_z96_y136_x152.npy,sub-206_negative_00074_z96_y136_x152.npy,0,96,136,152,0
sub-206,sub-206_negative_00075_z56_y192_x232.npy,sub-206_negative_00075_z56_y192_x232.npy,0,56,192,232,0
sub-206,sub-206_negative_00076_z120_y96_x144.npy,sub-206_negative_00076_z120_y96_x144.npy,0,120,96,144,0
sub-206,sub-206_negative_00077_z24_y112_x232.npy,sub-206_negative_00077_z24_y112_x232.npy,0,24,112,232,0
sub-206,sub-206_negative_00078_z48_y128_x52.npy,sub-206_negative_00078_z48_y128_x52.npy,0,48,128,52,0
sub-206,sub-206_negative_00079_z8_y32_x96.npy,sub-206_negative_00079_z8_y32_x96.npy,0,8,32,96,0
sub-206,sub-206_negative_00080_z8_y160_x172.npy,sub-206_negative_00080_z8_y160_x172.npy,0,8,160,172,0
sub-206,sub-206_negative_00081_z64_y232_x132.npy,sub-206_negative_00081_z64_y232_x132.npy,0,64,232,132,0
sub-206,sub-206_negative_00082_z136_y120_x104.npy,sub-206_negative_00082_z136_y120_x104.npy,0,136,120,104,0
sub-206,sub-206_negative_00083_z56_y208_x72.npy,sub-206_negative_00083_z56_y208_x72.npy,0,56,208,72,0
sub-206,sub-206_negative_00084_z40_y144_x148.npy,sub-206_negative_00084_z40_y144_x148.npy,0,40,144,148,0
sub-206,sub-206_negative_00085_z112_y112_x112.npy,sub-206_negative_00085_z112_y112_x112.npy,0,112,112,112,0
sub-206,sub-206_negative_00086_z88_y80_x116.npy,sub-206_negative_00086_z88_y80_x116.npy,0,88,80,116,0
sub-206,sub-206_negative_00087_z96_y40_x124.npy,sub-206_negative_00087_z96_y40_x124.npy,0,96,40,124,0
sub-206,sub-206_negative_00088_z64_y104_x80.npy,sub-206_negative_00088_z64_y104_x80.npy,0,64,104,80,0
sub-206,sub-206_negative_00089_z112_y8_x20.npy,sub-206_negative_00089_z112_y8_x20.npy,0,112,8,20,0
sub-206,sub-206_negative_00090_z56_y88_x152.npy,sub-206_negative_00090_z56_y88_x152.npy,0,56,88,152,0
sub-206,sub-206_negative_00091_z48_y88_x28.npy,sub-206_negative_00091_z48_y88_x28.npy,0,48,88,28,0
sub-206,sub-206_negative_00092_z104_y88_x172.npy,sub-206_negative_00092_z104_y88_x172.npy,0,104,88,172,0
sub-206,sub-206_negative_00093_z16_y80_x24.npy,sub-206_negative_00093_z16_y80_x24.npy,0,16,80,24,0
sub-206,sub-206_negative_00094_z96_y80_x100.npy,sub-206_negative_00094_z96_y80_x100.npy,0,96,80,100,0
sub-206,sub-206_negative_00095_z40_y224_x44.npy,sub-206_negative_00095_z40_y224_x44.npy,0,40,224,44,0
sub-206,sub-206_negative_00096_z8_y144_x12.npy,sub-206_negative_00096_z8_y144_x12.npy,0,8,144,12,0
sub-206,sub-206_negative_00097_z80_y32_x152.npy,sub-206_negative_00097_z80_y32_x152.npy,0,80,32,152,0
sub-206,sub-206_negative_00098_z64_y16_x148.npy,sub-206_negative_00098_z64_y16_x148.npy,0,64,16,148,0
sub-206,sub-206_negative_00099_z112_y232_x104.npy,sub-206_negative_00099_z112_y232_x104.npy,0,112,232,104,0
sub-313,sub-313_positive_00000_z24_y64_x100.npy,sub-313_positive_00000_z24_y64_x100.npy,1,24,64,100,12
sub-313,sub-313_positive_00001_z24_y64_x104.npy,sub-313_positive_00001_z24_y64_x104.npy,1,24,64,104,16
sub-313,sub-313_positive_00002_z24_y64_x108.npy,sub-313_positive_00002_z24_y64_x108.npy,1,24,64,108,4
sub-313,sub-313_positive_00003_z24_y72_x100.npy,sub-313_positive_00003_z24_y72_x100.npy,1,24,72,100,12
sub-313,sub-313_positive_00004_z24_y72_x104.npy,sub-313_positive_00004_z24_y72_x104.npy,1,24,72,104,16
sub-313,sub-313_positive_00005_z24_y72_x108.npy,sub-313_positive_00005_z24_y72_x108.npy,1,24,72,108,4
sub-313,sub-313_positive_00006_z32_y64_x100.npy,sub-313_positive_00006_z32_y64_x100.npy,1,32,64,100,12
sub-313,sub-313_positive_00007_z32_y64_x104.npy,sub-313_positive_00007_z32_y64_x104.npy,1,32,64,104,16
sub-313,sub-313_positive_00008_z32_y64_x108.npy,sub-313_positive_00008_z32_y64_x108.npy,1,32,64,108,4
sub-313,sub-313_positive_00009_z32_y72_x100.npy,sub-313_positive_00009_z32_y72_x100.npy,1,32,72,100,12
sub-313,sub-313_positive_00010_z32_y72_x104.npy,sub-313_positive_00010_z32_y72_x104.npy,1,32,72,104,16
sub-313,sub-313_positive_00011_z32_y72_x108.npy,sub-313_positive_00011_z32_y72_x108.npy,1,32,72,108,4
sub-313,sub-313_negative_00012_z56_y208_x228.npy,sub-313_negative_00012_z56_y208_x228.npy,0,56,208,228,0
sub-313,sub-313_negative_00013_z128_y224_x104.npy,sub-313_negative_00013_z128_y224_x104.npy,0,128,224,104,0
sub-313,sub-313_negative_00014_z96_y8_x152.npy,sub-313_negative_00014_z96_y8_x152.npy,0,96,8,152,0
sub-313,sub-313_negative_00015_z64_y96_x48.npy,sub-313_negative_00015_z64_y96_x48.npy,0,64,96,48,0
sub-313,sub-313_negative_00016_z64_y16_x240.npy,sub-313_negative_00016_z64_y16_x240.npy,0,64,16,240,0
sub-313,sub-313_negative_00017_z104_y240_x192.npy,sub-313_negative_00017_z104_y240_x192.npy,0,104,240,192,0
sub-313,sub-313_negative_00018_z16_y184_x240.npy,sub-313_negative_00018_z16_y184_x240.npy,0,16,184,240,0
sub-313,sub-313_negative_00019_z40_y208_x192.npy,sub-313_negative_00019_z40_y208_x192.npy,0,40,208,192,0
sub-313,sub-313_negative_00020_z16_y240_x0.npy,sub-313_negative_00020_z16_y240_x0.npy,0,16,240,0,0
sub-313,sub-313_negative_00021_z96_y216_x108.npy,sub-313_negative_00021_z96_y216_x108.npy,0,96,216,108,0
sub-313,sub-313_negative_00022_z24_y64_x164.npy,sub-313_negative_00022_z24_y64_x164.npy,0,24,64,164,0
sub-313,sub-313_negative_00023_z64_y232_x124.npy,sub-313_negative_00023_z64_y232_x124.npy,0,64,232,124,0
sub-313,sub-313_negative_00024_z56_y192_x16.npy,sub-313_negative_00024_z56_y192_x16.npy,0,56,192,16,0
sub-313,sub-313_negative_00025_z112_y192_x48.npy,sub-313_negative_00025_z112_y192_x48.npy,0,112,192,48,0
sub-313,sub-313_negative_00026_z48_y160_x160.npy,sub-313_negative_00026_z48_y160_x160.npy,0,48,160,160,0
sub-313,sub-313_negative_00027_z96_y128_x40.npy,sub-313_negative_00027_z96_y128_x40.npy,0,96,128,40,0
sub-313,sub-313_negative_00028_z112_y240_x72.npy,sub-313_negative_00028_z112_y240_x72.npy,0,112,240,72,0
sub-313,sub-313_negative_00029_z24_y152_x44.npy,sub-313_negative_00029_z24_y152_x44.npy,0,24,152,44,0
sub-313,sub-313_negative_00030_z120_y232_x136.npy,sub-313_negative_00030_z120_y232_x136.npy,0,120,232,136,0
sub-313,sub-313_negative_00031_z136_y96_x80.npy,sub-313_negative_00031_z136_y96_x80.npy,0,136,96,80,0
sub-313,sub-313_negative_00032_z32_y16_x152.npy,sub-313_negative_00032_z32_y16_x152.npy,0,32,16,152,0
sub-313,sub-313_negative_00033_z128_y144_x52.npy,sub-313_negative_00033_z128_y144_x52.npy,0,128,144,52,0
sub-313,sub-313_negative_00034_z128_y8_x160.npy,sub-313_negative_00034_z128_y8_x160.npy,0,128,8,160,0
sub-313,sub-313_negative_00035_z16_y72_x72.npy,sub-313_negative_00035_z16_y72_x72.npy,0,16,72,72,0
sub-313,sub-313_negative_00036_z16_y216_x148.npy,sub-313_negative_00036_z16_y216_x148.npy,0,16,216,148,0
sub-313,sub-313_negative_00037_z120_y16_x132.npy,sub-313_negative_00037_z120_y16_x132.npy,0,120,16,132,0
sub-313,sub-313_negative_00038_z112_y72_x164.npy,sub-313_negative_00038_z112_y72_x164.npy,0,112,72,164,0
sub-313,sub-313_negative_00039_z24_y96_x176.npy,sub-313_negative_00039_z24_y96_x176.npy,0,24,96,176,0
sub-313,sub-313_negative_00040_z104_y160_x120.npy,sub-313_negative_00040_z104_y160_x120.npy,0,104,160,120,0
sub-313,sub-313_negative_00041_z16_y120_x240.npy,sub-313_negative_00041_z16_y120_x240.npy,0,16,120,240,0
sub-313,sub-313_negative_00042_z32_y72_x200.npy,sub-313_negative_00042_z32_y72_x200.npy,0,32,72,200,0
sub-313,sub-313_negative_00043_z72_y232_x240.npy,sub-313_negative_00043_z72_y232_x240.npy,0,72,232,240,0
sub-313,sub-313_negative_00044_z96_y144_x160.npy,sub-313_negative_00044_z96_y144_x160.npy,0,96,144,160,0
sub-313,sub-313_negative_00045_z72_y112_x28.npy,sub-313_negative_00045_z72_y112_x28.npy,0,72,112,28,0
sub-313,sub-313_negative_00046_z72_y192_x204.npy,sub-313_negative_00046_z72_y192_x204.npy,0,72,192,204,0
sub-313,sub-313_negative_00047_z40_y48_x0.npy,sub-313_negative_00047_z40_y48_x0.npy,0,40,48,0,0
sub-313,sub-313_negative_00048_z128_y64_x208.npy,sub-313_negative_00048_z128_y64_x208.npy,0,128,64,208,0
sub-313,sub-313_negative_00049_z112_y24_x152.npy,sub-313_negative_00049_z112_y24_x152.npy,0,112,24,152,0
sub-313,sub-313_negative_00050_z88_y136_x148.npy,sub-313_negative_00050_z88_y136_x148.npy,0,88,136,148,0
sub-313,sub-313_negative_00051_z104_y200_x92.npy,sub-313_negative_00051_z104_y200_x92.npy,0,104,200,92,0
sub-313,sub-313_negative_00052_z8_y160_x72.npy,sub-313_negative_00052_z8_y160_x72.npy,0,8,160,72,0
sub-313,sub-313_negative_00053_z120_y32_x148.npy,sub-313_negative_00053_z120_y32_x148.npy,0,120,32,148,0
sub-313,sub-313_negative_00054_z72_y200_x176.npy,sub-313_negative_00054_z72_y200_x176.npy,0,72,200,176,0
sub-313,sub-313_negative_00055_z48_y240_x72.npy,sub-313_negative_00055_z48_y240_x72.npy,0,48,240,72,0
sub-313,sub-313_negative_00056_z56_y240_x8.npy,sub-313_negative_00056_z56_y240_x8.npy,0,56,240,8,0
sub-313,sub-313_negative_00057_z64_y136_x88.npy,sub-313_negative_00057_z64_y136_x88.npy,0,64,136,88,0
sub-313,sub-313_negative_00058_z88_y80_x80.npy,sub-313_negative_00058_z88_y80_x80.npy,0,88,80,80,0
sub-313,sub-313_negative_00059_z8_y48_x208.npy,sub-313_negative_00059_z8_y48_x208.npy,0,8,48,208,0
sub-313,sub-313_negative_00060_z104_y160_x180.npy,sub-313_negative_00060_z104_y160_x180.npy,0,104,160,180,0
sub-313,sub-313_negative_00061_z32_y16_x148.npy,sub-313_negative_00061_z32_y16_x148.npy,0,32,16,148,0
sub-313,sub-313_negative_00062_z88_y184_x76.npy,sub-313_negative_00062_z88_y184_x76.npy,0,88,184,76,0
sub-313,sub-313_negative_00063_z128_y40_x20.npy,sub-313_negative_00063_z128_y40_x20.npy,0,128,40,20,0
sub-313,sub-313_negative_00064_z96_y64_x192.npy,sub-313_negative_00064_z96_y64_x192.npy,0,96,64,192,0
sub-313,sub-313_negative_00065_z48_y144_x120.npy,sub-313_negative_00065_z48_y144_x120.npy,0,48,144,120,0
sub-313,sub-313_negative_00066_z64_y0_x104.npy,sub-313_negative_00066_z64_y0_x104.npy,0,64,0,104,0
sub-313,sub-313_negative_00067_z64_y80_x56.npy,sub-313_negative_00067_z64_y80_x56.npy,0,64,80,56,0
sub-313,sub-313_negative_00068_z128_y160_x4.npy,sub-313_negative_00068_z128_y160_x4.npy,0,128,160,4,0
sub-313,sub-313_negative_00069_z72_y48_x200.npy,sub-313_negative_00069_z72_y48_x200.npy,0,72,48,200,0
sub-313,sub-313_negative_00070_z104_y48_x144.npy,sub-313_negative_00070_z104_y48_x144.npy,0,104,48,144,0
sub-313,sub-313_negative_00071_z104_y88_x92.npy,sub-313_negative_00071_z104_y88_x92.npy,0,104,88,92,0
sub-313,sub-313_negative_00072_z56_y56_x48.npy,sub-313_negative_00072_z56_y56_x48.npy,0,56,56,48,0
sub-313,sub-313_negative_00073_z48_y160_x140.npy,sub-313_negative_00073_z48_y160_x140.npy,0,48,160,140,0
sub-313,sub-313_negative_00074_z104_y216_x176.npy,sub-313_negative_00074_z104_y216_x176.npy,0,104,216,176,0
sub-313,sub-313_negative_00075_z8_y88_x136.npy,sub-313_negative_00075_z8_y88_x136.npy,0,8,88,136,0
sub-313,sub-313_negative_00076_z88_y112_x92.npy,sub-313_negative_00076_z88_y112_x92.npy,0,88,112,92,0
sub-313,sub-313_negative_00077_z96_y64_x216.npy,sub-313_negative_00077_z96_y64_x216.npy,0,96,64,216,0
sub-313,sub-313_negative_00078_z112_y216_x8.npy,sub-313_negative_00078_z112_y216_x8.npy,0,112,216,8,0
sub-313,sub-313_negative_00079_z8_y128_x204.npy,sub-313_negative_00079_z8_y128_x204.npy,0,8,128,204,0
sub-313,sub-313_negative_00080_z32_y240_x76.npy,sub-313_negative_00080_z32_y240_x76.npy,0,32,240,76,0
sub-313,sub-313_negative_00081_z8_y184_x52.npy,sub-313_negative_00081_z8_y184_x52.npy,0,8,184,52,0
sub-313,sub-313_negative_00082_z136_y104_x204.npy,sub-313_negative_00082_z136_y104_x204.npy,0,136,104,204,0
sub-313,sub-313_negative_00083_z104_y152_x88.npy,sub-313_negative_00083_z104_y152_x88.npy,0,104,152,88,0
sub-313,sub-313_negative_00084_z0_y192_x100.npy,sub-313_negative_00084_z0_y192_x100.npy,0,0,192,100,0
sub-313,sub-313_negative_00085_z120_y96_x212.npy,sub-313_negative_00085_z120_y96_x212.npy,0,120,96,212,0
sub-313,sub-313_negative_00086_z96_y144_x76.npy,sub-313_negative_00086_z96_y144_x76.npy,0,96,144,76,0
sub-313,sub-313_negative_00087_z56_y200_x224.npy,sub-313_negative_00087_z56_y200_x224.npy,0,56,200,224,0
sub-313,sub-313_negative_00088_z120_y104_x24.npy,sub-313_negative_00088_z120_y104_x24.npy,0,120,104,24,0
sub-313,sub-313_negative_00089_z24_y120_x128.npy,sub-313_negative_00089_z24_y120_x128.npy,0,24,120,128,0
sub-313,sub-313_negative_00090_z48_y128_x228.npy,sub-313_negative_00090_z48_y128_x228.npy,0,48,128,228,0
sub-313,sub-313_negative_00091_z8_y32_x132.npy,sub-313_negative_00091_z8_y32_x132.npy,0,8,32,132,0
sub-313,sub-313_negative_00092_z8_y168_x100.npy,sub-313_negative_00092_z8_y168_x100.npy,0,8,168,100,0
sub-313,sub-313_negative_00093_z64_y240_x164.npy,sub-313_negative_00093_z64_y240_x164.npy,0,64,240,164,0
sub-313,sub-313_negative_00094_z136_y128_x8.npy,sub-313_negative_00094_z136_y128_x8.npy,0,136,128,8,0
sub-313,sub-313_negative_00095_z56_y216_x80.npy,sub-313_negative_00095_z56_y216_x80.npy,0,56,216,80,0
sub-313,sub-313_negative_00096_z40_y152_x92.npy,sub-313_negative_00096_z40_y152_x92.npy,0,40,152,92,0
sub-313,sub-313_negative_00097_z112_y112_x248.npy,sub-313_negative_00097_z112_y112_x248.npy,0,112,112,248,0
sub-313,sub-313_negative_00098_z88_y80_x236.npy,sub-313_negative_00098_z88_y80_x236.npy,0,88,80,236,0
sub-313,sub-313_negative_00099_z96_y40_x196.npy,sub-313_negative_00099_z96_y40_x196.npy,0,96,40,196,0
sub-313,sub-313_negative_00100_z64_y104_x224.npy,sub-313_negative_00100_z64_y104_x224.npy,0,64,104,224,0
sub-313,sub-313_negative_00101_z112_y8_x56.npy,sub-313_negative_00101_z112_y8_x56.npy,0,112,8,56,0
sub-313,sub-313_negative_00102_z56_y96_x32.npy,sub-313_negative_00102_z56_y96_x32.npy,0,56,96,32,0
sub-313,sub-313_negative_00103_z48_y88_x156.npy,sub-313_negative_00103_z48_y88_x156.npy,0,48,88,156,0
sub-313,sub-313_negative_00104_z104_y96_x44.npy,sub-313_negative_00104_z104_y96_x44.npy,0,104,96,44,0
sub-313,sub-313_negative_00105_z16_y80_x104.npy,sub-313_negative_00105_z16_y80_x104.npy,0,16,80,104,0
sub-313,sub-313_negative_00106_z96_y80_x212.npy,sub-313_negative_00106_z96_y80_x212.npy,0,96,80,212,0
sub-313,sub-313_negative_00107_z40_y232_x64.npy,sub-313_negative_00107_z40_y232_x64.npy,0,40,232,64,0
sub-313,sub-313_negative_00108_z8_y144_x160.npy,sub-313_negative_00108_z8_y144_x160.npy,0,8,144,160,0
sub-313,sub-313_negative_00109_z80_y32_x220.npy,sub-313_negative_00109_z80_y32_x220.npy,0,80,32,220,0
sub-313,sub-313_negative_00110_z64_y16_x212.npy,sub-313_negative_00110_z64_y16_x212.npy,0,64,16,212,0
sub-313,sub-313_negative_00111_z112_y240_x112.npy,sub-313_negative_00111_z112_y240_x112.npy,0,112,240,112,0
sub-219,sub-219_negative_00000_z56_y200_x224.npy,sub-219_negative_00000_z56_y200_x224.npy,0,56,200,224,0
sub-219,sub-219_negative_00001_z128_y216_x112.npy,sub-219_negative_00001_z128_y216_x112.npy,0,128,216,112,0
sub-219,sub-219_negative_00002_z96_y8_x116.npy,sub-219_negative_00002_z96_y8_x116.npy,0,96,8,116,0
sub-219,sub-219_negative_00003_z64_y88_x164.npy,sub-219_negative_00003_z64_y88_x164.npy,0,64,88,164,0
sub-219,sub-219_negative_00004_z64_y16_x180.npy,sub-219_negative_00004_z64_y16_x180.npy,0,64,16,180,0
sub-219,sub-219_negative_00005_z104_y232_x168.npy,sub-219_negative_00005_z104_y232_x168.npy,0,104,232,168,0
sub-219,sub-219_negative_00006_z16_y184_x48.npy,sub-219_negative_00006_z16_y184_x48.npy,0,16,184,48,0
sub-219,sub-219_negative_00007_z40_y200_x184.npy,sub-219_negative_00007_z40_y200_x184.npy,0,40,200,184,0
sub-219,sub-219_negative_00008_z16_y232_x12.npy,sub-219_negative_00008_z16_y232_x12.npy,0,16,232,12,0
sub-219,sub-219_negative_00009_z96_y208_x104.npy,sub-219_negative_00009_z96_y208_x104.npy,0,96,208,104,0
sub-219,sub-219_negative_00010_z24_y64_x84.npy,sub-219_negative_00010_z24_y64_x84.npy,0,24,64,84,0
sub-219,sub-219_negative_00011_z64_y224_x104.npy,sub-219_negative_00011_z64_y224_x104.npy,0,64,224,104,0
sub-219,sub-219_negative_00012_z56_y184_x36.npy,sub-219_negative_00012_z56_y184_x36.npy,0,56,184,36,0
sub-219,sub-219_negative_00013_z112_y184_x76.npy,sub-219_negative_00013_z112_y184_x76.npy,0,112,184,76,0
sub-219,sub-219_negative_00014_z48_y152_x208.npy,sub-219_negative_00014_z48_y152_x208.npy,0,48,152,208,0
sub-219,sub-219_negative_00015_z96_y120_x128.npy,sub-219_negative_00015_z96_y120_x128.npy,0,96,120,128,0
sub-219,sub-219_negative_00016_z112_y232_x68.npy,sub-219_negative_00016_z112_y232_x68.npy,0,112,232,68,0
sub-219,sub-219_negative_00017_z24_y144_x120.npy,sub-219_negative_00017_z24_y144_x120.npy,0,24,144,120,0
sub-219,sub-219_negative_00018_z120_y224_x124.npy,sub-219_negative_00018_z120_y224_x124.npy,0,120,224,124,0
sub-219,sub-219_negative_00019_z136_y88_x212.npy,sub-219_negative_00019_z136_y88_x212.npy,0,136,88,212,0
sub-219,sub-219_negative_00020_z32_y16_x108.npy,sub-219_negative_00020_z32_y16_x108.npy,0,32,16,108,0
sub-219,sub-219_negative_00021_z128_y136_x140.npy,sub-219_negative_00021_z128_y136_x140.npy,0,128,136,140,0
sub-219,sub-219_negative_00022_z128_y8_x124.npy,sub-219_negative_00022_z128_y8_x124.npy,0,128,8,124,0
sub-219,sub-219_negative_00023_z16_y72_x0.npy,sub-219_negative_00023_z16_y72_x0.npy,0,16,72,0,0
sub-219,sub-219_negative_00024_z16_y208_x176.npy,sub-219_negative_00024_z16_y208_x176.npy,0,16,208,176,0
sub-219,sub-219_negative_00025_z120_y16_x84.npy,sub-219_negative_00025_z120_y16_x84.npy,0,120,16,84,0
sub-219,sub-219_negative_00026_z112_y72_x68.npy,sub-219_negative_00026_z112_y72_x68.npy,0,112,72,68,0
sub-219,sub-219_negative_00027_z24_y96_x52.npy,sub-219_negative_00027_z24_y96_x52.npy,0,24,96,52,0
sub-219,sub-219_negative_00028_z104_y152_x176.npy,sub-219_negative_00028_z104_y152_x176.npy,0,104,152,176,0
sub-219,sub-219_negative_00029_z16_y120_x112.npy,sub-219_negative_00029_z16_y120_x112.npy,0,16,120,112,0
sub-219,sub-219_negative_00030_z32_y72_x84.npy,sub-219_negative_00030_z32_y72_x84.npy,0,32,72,84,0
sub-219,sub-219_negative_00031_z72_y224_x212.npy,sub-219_negative_00031_z72_y224_x212.npy,0,72,224,212,0
sub-219,sub-219_negative_00032_z96_y136_x236.npy,sub-219_negative_00032_z96_y136_x236.npy,0,96,136,236,0
sub-219,sub-219_negative_00033_z72_y104_x128.npy,sub-219_negative_00033_z72_y104_x128.npy,0,72,104,128,0
sub-219,sub-219_negative_00034_z72_y184_x216.npy,sub-219_negative_00034_z72_y184_x216.npy,0,72,184,216,0
sub-219,sub-219_negative_00035_z40_y40_x164.npy,sub-219_negative_00035_z40_y40_x164.npy,0,40,40,164,0
sub-219,sub-219_negative_00036_z128_y64_x120.npy,sub-219_negative_00036_z128_y64_x120.npy,0,128,64,120,0
sub-219,sub-219_negative_00037_z112_y24_x92.npy,sub-219_negative_00037_z112_y24_x92.npy,0,112,24,92,0
sub-219,sub-219_negative_00038_z88_y128_x220.npy,sub-219_negative_00038_z88_y128_x220.npy,0,88,128,220,0
sub-219,sub-219_negative_00039_z104_y192_x120.npy,sub-219_negative_00039_z104_y192_x120.npy,0,104,192,120,0
sub-219,sub-219_negative_00040_z8_y152_x156.npy,sub-219_negative_00040_z8_y152_x156.npy,0,8,152,156,0
sub-219,sub-219_negative_00041_z120_y32_x100.npy,sub-219_negative_00041_z120_y32_x100.npy,0,120,32,100,0
sub-219,sub-219_negative_00042_z72_y192_x184.npy,sub-219_negative_00042_z72_y192_x184.npy,0,72,192,184,0
sub-219,sub-219_negative_00043_z48_y232_x48.npy,sub-219_negative_00043_z48_y232_x48.npy,0,48,232,48,0
sub-219,sub-219_negative_00044_z56_y224_x228.npy,sub-219_negative_00044_z56_y224_x228.npy,0,56,224,228,0
sub-219,sub-219_negative_00045_z64_y128_x168.npy,sub-219_negative_00045_z64_y128_x168.npy,0,64,128,168,0
sub-219,sub-219_negative_00046_z88_y72_x220.npy,sub-219_negative_00046_z88_y72_x220.npy,0,88,72,220,0
sub-219,sub-219_negative_00047_z8_y48_x148.npy,sub-219_negative_00047_z8_y48_x148.npy,0,8,48,148,0
sub-219,sub-219_negative_00048_z104_y152_x228.npy,sub-219_negative_00048_z104_y152_x228.npy,0,104,152,228,0
sub-219,sub-219_negative_00049_z136_y232_x152.npy,sub-219_negative_00049_z136_y232_x152.npy,0,136,232,152,0
sub-219,sub-219_negative_00050_z88_y176_x104.npy,sub-219_negative_00050_z88_y176_x104.npy,0,88,176,104,0
sub-219,sub-219_negative_00051_z128_y32_x216.npy,sub-219_negative_00051_z128_y32_x216.npy,0,128,32,216,0
sub-219,sub-219_negative_00052_z96_y64_x96.npy,sub-219_negative_00052_z96_y64_x96.npy,0,96,64,96,0
sub-219,sub-219_negative_00053_z48_y136_x184.npy,sub-219_negative_00053_z48_y136_x184.npy,0,48,136,184,0
sub-219,sub-219_negative_00054_z64_y0_x68.npy,sub-219_negative_00054_z64_y0_x68.npy,0,64,0,68,0
sub-219,sub-219_negative_00055_z64_y72_x188.npy,sub-219_negative_00055_z64_y72_x188.npy,0,64,72,188,0
sub-219,sub-219_negative_00056_z128_y152_x72.npy,sub-219_negative_00056_z128_y152_x72.npy,0,128,152,72,0
sub-219,sub-219_negative_00057_z72_y48_x108.npy,sub-219_negative_00057_z72_y48_x108.npy,0,72,48,108,0
sub-219,sub-219_negative_00058_z104_y48_x60.npy,sub-219_negative_00058_z104_y48_x60.npy,0,104,48,60,0
sub-219,sub-219_negative_00059_z104_y80_x224.npy,sub-219_negative_00059_z104_y80_x224.npy,0,104,80,224,0
sub-219,sub-219_negative_00060_z56_y48_x200.npy,sub-219_negative_00060_z56_y48_x200.npy,0,56,48,200,0
sub-219,sub-219_negative_00061_z48_y152_x184.npy,sub-219_negative_00061_z48_y152_x184.npy,0,48,152,184,0
sub-219,sub-219_negative_00062_z104_y208_x168.npy,sub-219_negative_00062_z104_y208_x168.npy,0,104,208,168,0
sub-219,sub-219_negative_00063_z8_y88_x44.npy,sub-219_negative_00063_z8_y88_x44.npy,0,8,88,44,0
sub-219,sub-219_negative_00064_z88_y104_x204.npy,sub-219_negative_00064_z88_y104_x204.npy,0,88,104,204,0
sub-219,sub-219_negative_00065_z96_y64_x128.npy,sub-219_negative_00065_z96_y64_x128.npy,0,96,64,128,0
sub-219,sub-219_negative_00066_z112_y208_x16.npy,sub-219_negative_00066_z112_y208_x16.npy,0,112,208,16,0
sub-219,sub-219_negative_00067_z8_y128_x68.npy,sub-219_negative_00067_z8_y128_x68.npy,0,8,128,68,0
sub-219,sub-219_negative_00068_z32_y232_x40.npy,sub-219_negative_00068_z32_y232_x40.npy,0,32,232,40,0
sub-219,sub-219_negative_00069_z8_y176_x116.npy,sub-219_negative_00069_z8_y176_x116.npy,0,8,176,116,0
sub-219,sub-219_negative_00070_z136_y104_x76.npy,sub-219_negative_00070_z136_y104_x76.npy,0,136,104,76,0
sub-219,sub-219_negative_00071_z104_y144_x156.npy,sub-219_negative_00071_z104_y144_x156.npy,0,104,144,156,0
sub-219,sub-219_negative_00072_z0_y184_x148.npy,sub-219_negative_00072_z0_y184_x148.npy,0,0,184,148,0
sub-219,sub-219_negative_00073_z120_y96_x76.npy,sub-219_negative_00073_z120_y96_x76.npy,0,120,96,76,0
sub-219,sub-219_negative_00074_z96_y136_x152.npy,sub-219_negative_00074_z96_y136_x152.npy,0,96,136,152,0
sub-219,sub-219_negative_00075_z56_y192_x232.npy,sub-219_negative_00075_z56_y192_x232.npy,0,56,192,232,0
sub-219,sub-219_negative_00076_z120_y96_x144.npy,sub-219_negative_00076_z120_y96_x144.npy,0,120,96,144,0
sub-219,sub-219_negative_00077_z24_y112_x232.npy,sub-219_negative_00077_z24_y112_x232.npy,0,24,112,232,0
sub-219,sub-219_negative_00078_z48_y128_x52.npy,sub-219_negative_00078_z48_y128_x52.npy,0,48,128,52,0
sub-219,sub-219_negative_00079_z8_y32_x96.npy,sub-219_negative_00079_z8_y32_x96.npy,0,8,32,96,0
sub-219,sub-219_negative_00080_z8_y160_x172.npy,sub-219_negative_00080_z8_y160_x172.npy,0,8,160,172,0
sub-219,sub-219_negative_00081_z64_y232_x132.npy,sub-219_negative_00081_z64_y232_x132.npy,0,64,232,132,0
sub-219,sub-219_negative_00082_z136_y120_x104.npy,sub-219_negative_00082_z136_y120_x104.npy,0,136,120,104,0
sub-219,sub-219_negative_00083_z56_y208_x72.npy,sub-219_negative_00083_z56_y208_x72.npy,0,56,208,72,0
sub-219,sub-219_negative_00084_z40_y144_x148.npy,sub-219_negative_00084_z40_y144_x148.npy,0,40,144,148,0
sub-219,sub-219_negative_00085_z112_y112_x112.npy,sub-219_negative_00085_z112_y112_x112.npy,0,112,112,112,0
sub-219,sub-219_negative_00086_z88_y80_x116.npy,sub-219_negative_00086_z88_y80_x116.npy,0,88,80,116,0
sub-219,sub-219_negative_00087_z96_y40_x124.npy,sub-219_negative_00087_z96_y40_x124.npy,0,96,40,124,0
sub-219,sub-219_negative_00088_z64_y104_x80.npy,sub-219_negative_00088_z64_y104_x80.npy,0,64,104,80,0
sub-219,sub-219_negative_00089_z112_y8_x20.npy,sub-219_negative_00089_z112_y8_x20.npy,0,112,8,20,0
sub-219,sub-219_negative_00090_z56_y88_x152.npy,sub-219_negative_00090_z56_y88_x152.npy,0,56,88,152,0
sub-219,sub-219_negative_00091_z48_y88_x28.npy,sub-219_negative_00091_z48_y88_x28.npy,0,48,88,28,0
sub-219,sub-219_negative_00092_z104_y88_x172.npy,sub-219_negative_00092_z104_y88_x172.npy,0,104,88,172,0
sub-219,sub-219_negative_00093_z16_y80_x24.npy,sub-219_negative_00093_z16_y80_x24.npy,0,16,80,24,0
sub-219,sub-219_negative_00094_z96_y80_x100.npy,sub-219_negative_00094_z96_y80_x100.npy,0,96,80,100,0
sub-219,sub-219_negative_00095_z40_y224_x44.npy,sub-219_negative_00095_z40_y224_x44.npy,0,40,224,44,0
sub-219,sub-219_negative_00096_z8_y144_x12.npy,sub-219_negative_00096_z8_y144_x12.npy,0,8,144,12,0
sub-219,sub-219_negative_00097_z80_y32_x152.npy,sub-219_negative_00097_z80_y32_x152.npy,0,80,32,152,0
sub-219,sub-219_negative_00098_z64_y16_x148.npy,sub-219_negative_00098_z64_y16_x148.npy,0,64,16,148,0
sub-219,sub-219_negative_00099_z112_y232_x104.npy,sub-219_negative_00099_z112_y232_x104.npy,0,112,232,104,0
sub-312,sub-312_positive_00000_z80_y80_x108.npy,sub-312_positive_00000_z80_y80_x108.npy,1,80,80,108,2
sub-312,sub-312_positive_00001_z80_y80_x112.npy,sub-312_positive_00001_z80_y80_x112.npy,1,80,80,112,2
sub-312,sub-312_positive_00002_z80_y88_x108.npy,sub-312_positive_00002_z80_y88_x108.npy,1,80,88,108,2
sub-312,sub-312_positive_00003_z80_y88_x112.npy,sub-312_positive_00003_z80_y88_x112.npy,1,80,88,112,2
sub-312,sub-312_positive_00004_z80_y96_x100.npy,sub-312_positive_00004_z80_y96_x100.npy,1,80,96,100,8
sub-312,sub-312_positive_00005_z80_y96_x104.npy,sub-312_positive_00005_z80_y96_x104.npy,1,80,96,104,16
sub-312,sub-312_positive_00006_z80_y96_x108.npy,sub-312_positive_00006_z80_y96_x108.npy,1,80,96,108,8
sub-312,sub-312_positive_00007_z80_y104_x100.npy,sub-312_positive_00007_z80_y104_x100.npy,1,80,104,100,8
sub-312,sub-312_positive_00008_z80_y104_x104.npy,sub-312_positive_00008_z80_y104_x104.npy,1,80,104,104,16
sub-312,sub-312_positive_00009_z80_y104_x108.npy,sub-312_positive_00009_z80_y104_x108.npy,1,80,104,108,8
sub-312,sub-312_positive_00010_z88_y80_x108.npy,sub-312_positive_00010_z88_y80_x108.npy,1,88,80,108,8
sub-312,sub-312_positive_00011_z88_y80_x112.npy,sub-312_positive_00011_z88_y80_x112.npy,1,88,80,112,8
sub-312,sub-312_positive_00012_z88_y88_x108.npy,sub-312_positive_00012_z88_y88_x108.npy,1,88,88,108,8
sub-312,sub-312_positive_00013_z88_y88_x112.npy,sub-312_positive_00013_z88_y88_x112.npy,1,88,88,112,8
sub-312,sub-312_positive_00014_z88_y96_x100.npy,sub-312_positive_00014_z88_y96_x100.npy,1,88,96,100,8
sub-312,sub-312_positive_00015_z88_y96_x104.npy,sub-312_positive_00015_z88_y96_x104.npy,1,88,96,104,16
sub-312,sub-312_positive_00016_z88_y96_x108.npy,sub-312_positive_00016_z88_y96_x108.npy,1,88,96,108,8
sub-312,sub-312_positive_00017_z88_y104_x100.npy,sub-312_positive_00017_z88_y104_x100.npy,1,88,104,100,8
sub-312,sub-312_positive_00018_z88_y104_x104.npy,sub-312_positive_00018_z88_y104_x104.npy,1,88,104,104,16
sub-312,sub-312_positive_00019_z88_y104_x108.npy,sub-312_positive_00019_z88_y104_x108.npy,1,88,104,108,8
sub-312,sub-312_positive_00020_z96_y80_x108.npy,sub-312_positive_00020_z96_y80_x108.npy,1,96,80,108,6
sub-312,sub-312_positive_00021_z96_y80_x112.npy,sub-312_positive_00021_z96_y80_x112.npy,1,96,80,112,6
sub-312,sub-312_positive_00022_z96_y88_x108.npy,sub-312_positive_00022_z96_y88_x108.npy,1,96,88,108,6
sub-312,sub-312_positive_00023_z96_y88_x112.npy,sub-312_positive_00023_z96_y88_x112.npy,1,96,88,112,6
sub-312,sub-312_negative_00024_z56_y104_x20.npy,sub-312_negative_00024_z56_y104_x20.npy,0,56,104,20,0
sub-312,sub-312_negative_00025_z120_y240_x68.npy,sub-312_negative_00025_z120_y240_x68.npy,0,120,240,68,0
sub-312,sub-312_negative_00026_z88_y88_x188.npy,sub-312_negative_00026_z88_y88_x188.npy,0,88,88,188,0
sub-312,sub-312_negative_00027_z56_y224_x108.npy,sub-312_negative_00027_z56_y224_x108.npy,0,56,224,108,0
sub-312,sub-312_negative_00028_z56_y152_x180.npy,sub-312_negative_00028_z56_y152_x180.npy,0,56,152,180,0
sub-312,sub-312_negative_00029_z104_y48_x168.npy,sub-312_negative_00029_z104_y48_x168.npy,0,104,48,168,0
sub-312,sub-312_negative_00030_z16_y152_x36.npy,sub-312_negative_00030_z16_y152_x36.npy,0,16,152,36,0
sub-312,sub-312_negative_00031_z40_y128_x100.npy,sub-312_negative_00031_z40_y128_x100.npy,0,40,128,100,0
sub-312,sub-312_negative_00032_z16_y192_x216.npy,sub-312_negative_00032_z16_y192_x216.npy,0,16,192,216,0
sub-312,sub-312_negative_00033_z96_y40_x44.npy,sub-312_negative_00033_z96_y40_x44.npy,0,96,40,44,0
sub-312,sub-312_negative_00034_z24_y16_x228.npy,sub-312_negative_00034_z24_y16_x228.npy,0,24,16,228,0
sub-312,sub-312_negative_00035_z64_y104_x196.npy,sub-312_negative_00035_z64_y104_x196.npy,0,64,104,196,0
sub-312,sub-312_negative_00036_z56_y80_x96.npy,sub-312_negative_00036_z56_y80_x96.npy,0,56,80,96,0
sub-312,sub-312_negative_00037_z104_y232_x180.npy,sub-312_negative_00037_z104_y232_x180.npy,0,104,232,180,0
sub-312,sub-312_negative_00038_z48_y64_x224.npy,sub-312_negative_00038_z48_y64_x224.npy,0,48,64,224,0
sub-312,sub-312_negative_00039_z88_y200_x136.npy,sub-312_negative_00039_z88_y200_x136.npy,0,88,200,136,0
sub-312,sub-312_negative_00040_z112_y32_x132.npy,sub-312_negative_00040_z112_y32_x132.npy,0,112,32,132,0
sub-312,sub-312_negative_00041_z24_y96_x200.npy,sub-312_negative_00041_z24_y96_x200.npy,0,24,96,200,0
sub-312,sub-312_negative_00042_z120_y16_x8.npy,sub-312_negative_00042_z120_y16_x8.npy,0,120,16,8,0
sub-312,sub-312_negative_00043_z128_y104_x84.npy,sub-312_negative_00043_z128_y104_x84.npy,0,128,104,84,0
sub-312,sub-312_negative_00044_z24_y208_x104.npy,sub-312_negative_00044_z24_y208_x104.npy,0,24,208,104,0
sub-312,sub-312_negative_00045_z120_y160_x156.npy,sub-312_negative_00045_z120_y160_x156.npy,0,120,160,156,0
sub-312,sub-312_negative_00046_z120_y32_x244.npy,sub-312_negative_00046_z120_y32_x244.npy,0,120,32,244,0
sub-312,sub-312_negative_00047_z16_y40_x72.npy,sub-312_negative_00047_z16_y40_x72.npy,0,16,40,72,0
sub-312,sub-312_negative_00048_z16_y176_x144.npy,sub-312_negative_00048_z16_y176_x144.npy,0,16,176,144,0
sub-312,sub-312_negative_00049_z112_y56_x132.npy,sub-312_negative_00049_z112_y56_x132.npy,0,112,56,132,0
sub-312,sub-312_negative_00050_z104_y128_x8.npy,sub-312_negative_00050_z104_y128_x8.npy,0,104,128,8,0
sub-312,sub-312_negative_00051_z24_y48_x172.npy,sub-312_negative_00051_z24_y48_x172.npy,0,24,48,172,0
sub-312,sub-312_negative_00052_z96_y216_x240.npy,sub-312_negative_00052_z96_y216_x240.npy,0,96,216,240,0
sub-312,sub-312_negative_00053_z16_y88_x148.npy,sub-312_negative_00053_z16_y88_x148.npy,0,16,88,148,0
sub-312,sub-312_negative_00054_z32_y16_x36.npy,sub-312_negative_00054_z32_y16_x36.npy,0,32,16,36,0
sub-312,sub-312_negative_00055_z72_y96_x116.npy,sub-312_negative_00055_z72_y96_x116.npy,0,72,96,116,0
sub-312,sub-312_negative_00056_z88_y216_x232.npy,sub-312_negative_00056_z88_y216_x232.npy,0,88,216,232,0
sub-312,sub-312_negative_00057_z64_y224_x128.npy,sub-312_negative_00057_z64_y224_x128.npy,0,64,224,128,0
sub-312,sub-312_negative_00058_z72_y56_x152.npy,sub-312_negative_00058_z72_y56_x152.npy,0,72,56,152,0
sub-312,sub-312_negative_00059_z32_y216_x204.npy,sub-312_negative_00059_z32_y216_x204.npy,0,32,216,204,0
sub-312,sub-312_negative_00060_z120_y88_x196.npy,sub-312_negative_00060_z120_y88_x196.npy,0,120,88,196,0
sub-312,sub-312_negative_00061_z104_y80_x72.npy,sub-312_negative_00061_z104_y80_x72.npy,0,104,80,72,0
sub-312,sub-312_negative_00062_z80_y224_x116.npy,sub-312_negative_00062_z80_y224_x116.npy,0,80,224,116,0
sub-312,sub-312_negative_00063_z104_y8_x152.npy,sub-312_negative_00063_z104_y8_x152.npy,0,104,8,152,0
sub-312,sub-312_negative_00064_z8_y136_x104.npy,sub-312_negative_00064_z8_y136_x104.npy,0,8,136,104,0
sub-312,sub-312_negative_00065_z112_y72_x132.npy,sub-312_negative_00065_z112_y72_x132.npy,0,112,72,132,0
sub-312,sub-312_negative_00066_z72_y64_x116.npy,sub-312_negative_00066_z72_y64_x116.npy,0,72,64,116,0
sub-312,sub-312_negative_00067_z48_y144_x4.npy,sub-312_negative_00067_z48_y144_x4.npy,0,48,144,4,0
sub-312,sub-312_negative_00068_z56_y128_x4.npy,sub-312_negative_00068_z56_y128_x4.npy,0,56,128,4,0
sub-312,sub-312_negative_00069_z64_y16_x84.npy,sub-312_negative_00069_z64_y16_x84.npy,0,64,16,84,0
sub-312,sub-312_negative_00070_z80_y168_x164.npy,sub-312_negative_00070_z80_y168_x164.npy,0,80,168,164,0
sub-312,sub-312_negative_00071_z8_y32_x176.npy,sub-312_negative_00071_z8_y32_x176.npy,0,8,32,176,0
sub-312,sub-312_negative_00072_z96_y224_x40.npy,sub-312_negative_00072_z96_y224_x40.npy,0,96,224,40,0
sub-312,sub-312_negative_00073_z128_y240_x160.npy,sub-312_negative_00073_z128_y240_x160.npy,0,128,240,160,0
sub-312,sub-312_negative_00074_z88_y16_x216.npy,sub-312_negative_00074_z88_y16_x216.npy,0,88,16,216,0
sub-312,sub-312_negative_00075_z120_y64_x64.npy,sub-312_negative_00075_z120_y64_x64.npy,0,120,64,64,0
sub-312,sub-312_negative_00076_z88_y144_x148.npy,sub-312_negative_00076_z88_y144_x148.npy,0,88,144,148,0
sub-312,sub-312_negative_00077_z48_y48_x216.npy,sub-312_negative_00077_z48_y48_x216.npy,0,48,48,216,0
sub-312,sub-312_negative_00078_z56_y136_x80.npy,sub-312_negative_00078_z56_y136_x80.npy,0,56,136,80,0
sub-312,sub-312_negative_00079_z56_y208_x148.npy,sub-312_negative_00079_z56_y208_x148.npy,0,56,208,148,0
sub-312,sub-312_negative_00080_z120_y176_x76.npy,sub-312_negative_00080_z120_y176_x76.npy,0,120,176,76,0
sub-312,sub-312_negative_00081_z64_y168_x148.npy,sub-312_negative_00081_z64_y168_x148.npy,0,64,168,148,0
sub-312,sub-312_negative_00082_z96_y112_x208.npy,sub-312_negative_00082_z96_y112_x208.npy,0,96,112,208,0
sub-312,sub-312_negative_00083_z96_y152_x92.npy,sub-312_negative_00083_z96_y152_x92.npy,0,96,152,92,0
sub-312,sub-312_negative_00084_z48_y200_x112.npy,sub-312_negative_00084_z48_y200_x112.npy,0,48,200,112,0
sub-312,sub-312_negative_00085_z48_y64_x204.npy,sub-312_negative_00085_z48_y64_x204.npy,0,48,64,204,0
sub-312,sub-312_negative_00086_z104_y24_x188.npy,sub-312_negative_00086_z104_y24_x188.npy,0,104,24,188,0
sub-312,sub-312_negative_00087_z8_y72_x40.npy,sub-312_negative_00087_z8_y72_x40.npy,0,8,72,40,0
sub-312,sub-312_negative_00088_z80_y200_x120.npy,sub-312_negative_00088_z80_y200_x120.npy,0,80,200,120,0
sub-312,sub-312_negative_00089_z88_y144_x176.npy,sub-312_negative_00089_z88_y144_x176.npy,0,88,144,176,0
sub-312,sub-312_negative_00090_z112_y8_x104.npy,sub-312_negative_00090_z112_y8_x104.npy,0,112,8,104,0
sub-312,sub-312_negative_00091_z8_y112_x32.npy,sub-312_negative_00091_z8_y112_x32.npy,0,8,112,32,0
sub-312,sub-312_negative_00092_z32_y168_x120.npy,sub-312_negative_00092_z32_y168_x120.npy,0,32,168,120,0
sub-312,sub-312_negative_00093_z8_y160_x44.npy,sub-312_negative_00093_z8_y160_x44.npy,0,8,160,44,0
sub-312,sub-312_negative_00094_z128_y112_x184.npy,sub-312_negative_00094_z128_y112_x184.npy,0,128,112,184,0
sub-312,sub-312_negative_00095_z96_y208_x228.npy,sub-312_negative_00095_z96_y208_x228.npy,0,96,208,228,0
sub-312,sub-312_negative_00096_z0_y184_x8.npy,sub-312_negative_00096_z0_y184_x8.npy,0,0,184,8,0
sub-312,sub-312_negative_00097_z112_y136_x60.npy,sub-312_negative_00097_z112_y136_x60.npy,0,112,136,60,0
sub-312,sub-312_negative_00098_z88_y216_x148.npy,sub-312_negative_00098_z88_y216_x148.npy,0,88,216,148,0
sub-312,sub-312_negative_00099_z56_y96_x32.npy,sub-312_negative_00099_z56_y96_x32.npy,0,56,96,32,0
sub-312,sub-312_negative_00100_z112_y136_x128.npy,sub-312_negative_00100_z112_y136_x128.npy,0,112,136,128,0
sub-312,sub-312_negative_00101_z24_y72_x88.npy,sub-312_negative_00101_z24_y72_x88.npy,0,24,72,88,0
sub-312,sub-312_negative_00102_z48_y40_x92.npy,sub-312_negative_00102_z48_y40_x92.npy,0,48,40,92,0
sub-312,sub-312_negative_00103_z8_y16_x136.npy,sub-312_negative_00103_z8_y16_x136.npy,0,8,16,136,0
sub-312,sub-312_negative_00104_z8_y144_x116.npy,sub-312_negative_00104_z8_y144_x116.npy,0,8,144,116,0
sub-312,sub-312_negative_00105_z64_y112_x216.npy,sub-312_negative_00105_z64_y112_x216.npy,0,64,112,216,0
sub-312,sub-312_negative_00106_z128_y128_x200.npy,sub-312_negative_00106_z128_y128_x200.npy,0,128,128,200,0
sub-312,sub-312_negative_00107_z56_y104_x112.npy,sub-312_negative_00107_z56_y104_x112.npy,0,56,104,112,0
sub-312,sub-312_negative_00108_z40_y72_x108.npy,sub-312_negative_00108_z40_y72_x108.npy,0,40,72,108,0
sub-312,sub-312_negative_00109_z104_y168_x20.npy,sub-312_negative_00109_z104_y168_x20.npy,0,104,168,20,0
sub-312,sub-312_negative_00110_z80_y176_x48.npy,sub-312_negative_00110_z80_y176_x48.npy,0,80,176,48,0
sub-312,sub-312_negative_00111_z88_y120_x192.npy,sub-312_negative_00111_z88_y120_x192.npy,0,88,120,192,0
sub-312,sub-312_negative_00112_z56_y240_x12.npy,sub-312_negative_00112_z56_y240_x12.npy,0,56,240,12,0
sub-312,sub-312_negative_00113_z104_y64_x8.npy,sub-312_negative_00113_z104_y64_x8.npy,0,104,64,8,0
sub-312,sub-312_negative_00114_z48_y240_x32.npy,sub-312_negative_00114_z48_y240_x32.npy,0,48,240,32,0
sub-312,sub-312_negative_00115_z48_y0_x96.npy,sub-312_negative_00115_z48_y0_x96.npy,0,48,0,96,0
sub-312,sub-312_negative_00116_z96_y160_x32.npy,sub-312_negative_00116_z96_y160_x32.npy,0,96,160,32,0
sub-312,sub-312_negative_00117_z16_y48_x92.npy,sub-312_negative_00117_z16_y48_x92.npy,0,16,48,92,0
sub-312,sub-312_negative_00118_z88_y160_x140.npy,sub-312_negative_00118_z88_y160_x140.npy,0,88,160,140,0
sub-312,sub-312_negative_00119_z40_y144_x192.npy,sub-312_negative_00119_z40_y144_x192.npy,0,40,144,192,0
sub-312,sub-312_negative_00120_z8_y120_x216.npy,sub-312_negative_00120_z8_y120_x216.npy,0,8,120,216,0
sub-312,sub-312_negative_00121_z72_y144_x20.npy,sub-312_negative_00121_z72_y144_x20.npy,0,72,144,20,0
sub-312,sub-312_negative_00122_z56_y152_x152.npy,sub-312_negative_00122_z56_y152_x152.npy,0,56,152,152,0
sub-312,sub-312_negative_00123_z112_y32_x168.npy,sub-312_negative_00123_z112_y32_x168.npy,0,112,32,168,0
sub-324,sub-324_positive_00000_z24_y40_x160.npy,sub-324_positive_00000_z24_y40_x160.npy,1,24,40,160,14
sub-324,sub-324_positive_00001_z24_y40_x164.npy,sub-324_positive_00001_z24_y40_x164.npy,1,24,40,164,14
sub-324,sub-324_positive_00002_z24_y48_x160.npy,sub-324_positive_00002_z24_y48_x160.npy,1,24,48,160,14
sub-324,sub-324_positive_00003_z24_y48_x164.npy,sub-324_positive_00003_z24_y48_x164.npy,1,24,48,164,14
sub-324,sub-324_positive_00004_z32_y40_x160.npy,sub-324_positive_00004_z32_y40_x160.npy,1,32,40,160,30
sub-324,sub-324_positive_00005_z32_y40_x164.npy,sub-324_positive_00005_z32_y40_x164.npy,1,32,40,164,30
sub-324,sub-324_positive_00006_z32_y48_x160.npy,sub-324_positive_00006_z32_y48_x160.npy,1,32,48,160,30
sub-324,sub-324_positive_00007_z32_y48_x164.npy,sub-324_positive_00007_z32_y48_x164.npy,1,32,48,164,30
sub-324,sub-324_positive_00008_z40_y40_x160.npy,sub-324_positive_00008_z40_y40_x160.npy,1,40,40,160,16
sub-324,sub-324_positive_00009_z40_y40_x164.npy,sub-324_positive_00009_z40_y40_x164.npy,1,40,40,164,16
sub-324,sub-324_positive_00010_z40_y48_x160.npy,sub-324_positive_00010_z40_y48_x160.npy,1,40,48,160,16
sub-324,sub-324_positive_00011_z40_y48_x164.npy,sub-324_positive_00011_z40_y48_x164.npy,1,40,48,164,16
sub-324,sub-324_negative_00012_z40_y168_x36.npy,sub-324_negative_00012_z40_y168_x36.npy,0,40,168,36,0
sub-324,sub-324_negative_00013_z96_y48_x168.npy,sub-324_negative_00013_z96_y48_x168.npy,0,96,48,168,0
sub-324,sub-324_negative_00014_z64_y168_x196.npy,sub-324_negative_00014_z64_y168_x196.npy,0,64,168,196,0
sub-324,sub-324_negative_00015_z48_y8_x212.npy,sub-324_negative_00015_z48_y8_x212.npy,0,48,8,212,0
sub-324,sub-324_negative_00016_z40_y208_x36.npy,sub-324_negative_00016_z40_y208_x36.npy,0,40,208,36,0
sub-324,sub-324_negative_00017_z80_y24_x28.npy,sub-324_negative_00017_z80_y24_x28.npy,0,80,24,28,0
sub-324,sub-324_negative_00018_z16_y0_x8.npy,sub-324_negative_00018_z16_y0_x8.npy,0,16,0,8,0
sub-324,sub-324_negative_00019_z32_y56_x48.npy,sub-324_negative_00019_z32_y56_x48.npy,0,32,56,48,0
sub-324,sub-324_negative_00020_z16_y32_x100.npy,sub-324_negative_00020_z16_y32_x100.npy,0,16,32,100,0
sub-324,sub-324_negative_00021_z72_y72_x56.npy,sub-324_negative_00021_z72_y72_x56.npy,0,72,72,56,0
sub-324,sub-324_negative_00022_z16_y88_x76.npy,sub-324_negative_00022_z16_y88_x76.npy,0,16,88,76,0
sub-324,sub-324_negative_00023_z48_y112_x88.npy,sub-324_negative_00023_z48_y112_x88.npy,0,48,112,88,0
sub-324,sub-324_negative_00024_z40_y144_x240.npy,sub-324_negative_00024_z40_y144_x240.npy,0,40,144,240,0
sub-324,sub-324_negative_00025_z80_y160_x164.npy,sub-324_negative_00025_z80_y160_x164.npy,0,80,160,164,0
sub-324,sub-324_negative_00026_z32_y200_x40.npy,sub-324_negative_00026_z32_y200_x40.npy,0,32,200,40,0
sub-324,sub-324_negative_00027_z72_y8_x16.npy,sub-324_negative_00027_z72_y8_x16.npy,0,72,8,16,0
sub-324,sub-324_negative_00028_z80_y200_x72.npy,sub-324_negative_00028_z80_y200_x72.npy,0,80,200,72,0
sub-324,sub-324_negative_00029_z16_y144_x216.npy,sub-324_negative_00029_z16_y144_x216.npy,0,16,144,216,0
sub-324,sub-324_negative_00030_z88_y120_x232.npy,sub-324_negative_00030_z88_y120_x232.npy,0,88,120,232,0
sub-324,sub-324_negative_00031_z96_y136_x88.npy,sub-324_negative_00031_z96_y136_x88.npy,0,96,136,88,0
sub-324,sub-324_negative_00032_z16_y232_x72.npy,sub-324_negative_00032_z16_y232_x72.npy,0,16,232,72,0
sub-324,sub-324_negative_00033_z88_y240_x56.npy,sub-324_negative_00033_z88_y240_x56.npy,0,88,240,56,0
sub-324,sub-324_negative_00034_z88_y144_x52.npy,sub-324_negative_00034_z88_y144_x52.npy,0,88,144,52,0
sub-324,sub-324_negative_00035_z8_y160_x108.npy,sub-324_negative_00035_z8_y160_x108.npy,0,8,160,108,0
sub-324,sub-324_negative_00036_z16_y16_x172.npy,sub-324_negative_00036_z16_y16_x172.npy,0,16,16,172,0
sub-324,sub-324_negative_00037_z80_y216_x92.npy,sub-324_negative_00037_z80_y216_x92.npy,0,80,216,92,0
sub-324,sub-324_negative_00038_z80_y80_x80.npy,sub-324_negative_00038_z80_y80_x80.npy,0,80,80,80,0
sub-324,sub-324_negative_00039_z16_y112_x56.npy,sub-324_negative_00039_z16_y112_x56.npy,0,16,112,56,0
sub-324,sub-324_negative_00040_z72_y208_x172.npy,sub-324_negative_00040_z72_y208_x172.npy,0,72,208,172,0
sub-324,sub-324_negative_00041_z8_y200_x72.npy,sub-324_negative_00041_z8_y200_x72.npy,0,8,200,72,0
sub-324,sub-324_negative_00042_z24_y24_x120.npy,sub-324_negative_00042_z24_y24_x120.npy,0,24,24,120,0
sub-324,sub-324_negative_00043_z56_y48_x0.npy,sub-324_negative_00043_z56_y48_x0.npy,0,56,48,0,0
sub-324,sub-324_negative_00044_z72_y24_x24.npy,sub-324_negative_00044_z72_y24_x24.npy,0,72,24,24,0
sub-324,sub-324_negative_00045_z48_y200_x128.npy,sub-324_negative_00045_z48_y200_x128.npy,0,48,200,128,0
sub-324,sub-324_negative_00046_z56_y16_x68.npy,sub-324_negative_00046_z56_y16_x68.npy,0,56,16,68,0
sub-324,sub-324_negative_00047_z24_y184_x44.npy,sub-324_negative_00047_z24_y184_x44.npy,0,24,184,44,0
sub-324,sub-324_negative_00048_z88_y184_x116.npy,sub-324_negative_00048_z88_y184_x116.npy,0,88,184,116,0
sub-324,sub-324_negative_00049_z80_y40_x192.npy,sub-324_negative_00049_z80_y40_x192.npy,0,80,40,192,0
sub-324,sub-324_negative_00050_z64_y80_x196.npy,sub-324_negative_00050_z64_y80_x196.npy,0,64,80,196,0
sub-324,sub-324_negative_00051_z72_y240_x88.npy,sub-324_negative_00051_z72_y240_x88.npy,0,72,240,88,0
sub-324,sub-324_negative_00052_z8_y48_x0.npy,sub-324_negative_00052_z8_y48_x0.npy,0,8,48,0,0
sub-324,sub-324_negative_00053_z80_y232_x32.npy,sub-324_negative_00053_z80_y232_x32.npy,0,80,232,32,0
sub-324,sub-324_negative_00054_z56_y16_x244.npy,sub-324_negative_00054_z56_y16_x244.npy,0,56,16,244,0
sub-324,sub-324_negative_00055_z40_y8_x40.npy,sub-324_negative_00055_z40_y8_x40.npy,0,40,8,40,0
sub-324,sub-324_negative_00056_z40_y184_x76.npy,sub-324_negative_00056_z40_y184_x76.npy,0,40,184,76,0
sub-324,sub-324_negative_00057_z48_y40_x156.npy,sub-324_negative_00057_z48_y40_x156.npy,0,48,40,156,0
sub-324,sub-324_negative_00058_z64_y40_x180.npy,sub-324_negative_00058_z64_y40_x180.npy,0,64,40,180,0
sub-324,sub-324_negative_00059_z0_y216_x72.npy,sub-324_negative_00059_z0_y216_x72.npy,0,0,216,72,0
sub-324,sub-324_negative_00060_z72_y208_x184.npy,sub-324_negative_00060_z72_y208_x184.npy,0,72,208,184,0
sub-324,sub-324_negative_00061_z16_y232_x80.npy,sub-324_negative_00061_z16_y232_x80.npy,0,16,232,80,0
sub-324,sub-324_negative_00062_z64_y112_x212.npy,sub-324_negative_00062_z64_y112_x212.npy,0,64,112,212,0
sub-324,sub-324_negative_00063_z88_y160_x220.npy,sub-324_negative_00063_z88_y160_x220.npy,0,88,160,220,0
sub-324,sub-324_negative_00064_z64_y208_x224.npy,sub-324_negative_00064_z64_y208_x224.npy,0,64,208,224,0
sub-324,sub-324_negative_00065_z32_y184_x148.npy,sub-324_negative_00065_z32_y184_x148.npy,0,32,184,148,0
sub-324,sub-324_negative_00066_z40_y192_x84.npy,sub-324_negative_00066_z40_y192_x84.npy,0,40,192,84,0
sub-324,sub-324_negative_00067_z48_y0_x116.npy,sub-324_negative_00067_z48_y0_x116.npy,0,48,0,116,0
sub-324,sub-324_negative_00068_z96_y0_x96.npy,sub-324_negative_00068_z96_y0_x96.npy,0,96,0,96,0
sub-324,sub-324_negative_00069_z48_y160_x60.npy,sub-324_negative_00069_z48_y160_x60.npy,0,48,160,60,0
sub-324,sub-324_negative_00070_z72_y128_x136.npy,sub-324_negative_00070_z72_y128_x136.npy,0,72,128,136,0
sub-324,sub-324_negative_00071_z72_y160_x36.npy,sub-324_negative_00071_z72_y160_x36.npy,0,72,160,36,0
sub-324,sub-324_negative_00072_z40_y48_x204.npy,sub-324_negative_00072_z40_y48_x204.npy,0,40,48,204,0
sub-324,sub-324_negative_00073_z32_y200_x4.npy,sub-324_negative_00073_z32_y200_x4.npy,0,32,200,4,0
sub-324,sub-324_negative_00074_z80_y0_x184.npy,sub-324_negative_00074_z80_y0_x184.npy,0,80,0,184,0
sub-324,sub-324_negative_00075_z0_y240_x176.npy,sub-324_negative_00075_z0_y240_x176.npy,0,0,240,176,0
sub-324,sub-324_negative_00076_z64_y64_x168.npy,sub-324_negative_00076_z64_y64_x168.npy,0,64,64,168,0
sub-324,sub-324_negative_00077_z64_y216_x20.npy,sub-324_negative_00077_z64_y216_x20.npy,0,64,216,20,0
sub-324,sub-324_negative_00078_z80_y176_x188.npy,sub-324_negative_00078_z80_y176_x188.npy,0,80,176,188,0
sub-324,sub-324_negative_00079_z8_y24_x124.npy,sub-324_negative_00079_z8_y24_x124.npy,0,8,24,124,0
sub-324,sub-324_negative_00080_z24_y144_x68.npy,sub-324_negative_00080_z24_y144_x68.npy,0,24,144,68,0
sub-324,sub-324_negative_00081_z8_y64_x36.npy,sub-324_negative_00081_z8_y64_x36.npy,0,8,64,36,0
sub-324,sub-324_negative_00082_z96_y144_x88.npy,sub-324_negative_00082_z96_y144_x88.npy,0,96,144,88,0
sub-324,sub-324_negative_00083_z72_y200_x216.npy,sub-324_negative_00083_z72_y200_x216.npy,0,72,200,216,0
sub-324,sub-324_negative_00084_z0_y136_x152.npy,sub-324_negative_00084_z0_y136_x152.npy,0,0,136,152,0
sub-324,sub-324_negative_00085_z88_y24_x188.npy,sub-324_negative_00085_z88_y24_x188.npy,0,88,24,188,0
sub-324,sub-324_negative_00086_z72_y16_x184.npy,sub-324_negative_00086_z72_y16_x184.npy,0,72,16,184,0
sub-324,sub-324_negative_00087_z40_y160_x108.npy,sub-324_negative_00087_z40_y160_x108.npy,0,40,160,108,0
sub-324,sub-324_negative_00088_z88_y32_x12.npy,sub-324_negative_00088_z88_y32_x12.npy,0,88,32,12,0
sub-324,sub-324_negative_00089_z16_y128_x64.npy,sub-324_negative_00089_z16_y128_x64.npy,0,16,128,64,0
sub-324,sub-324_negative_00090_z32_y176_x108.npy,sub-324_negative_00090_z32_y176_x108.npy,0,32,176,108,0
sub-324,sub-324_negative_00091_z0_y200_x160.npy,sub-324_negative_00091_z0_y200_x160.npy,0,0,200,160,0
sub-324,sub-324_negative_00092_z8_y48_x200.npy,sub-324_negative_00092_z8_y48_x200.npy,0,8,48,200,0
sub-324,sub-324_negative_00093_z48_y120_x24.npy,sub-324_negative_00093_z48_y120_x24.npy,0,48,120,24,0
sub-324,sub-324_negative_00094_z96_y152_x204.npy,sub-324_negative_00094_z96_y152_x204.npy,0,96,152,204,0
sub-324,sub-324_negative_00095_z40_y168_x76.npy,sub-324_negative_00095_z40_y168_x76.npy,0,40,168,76,0
sub-324,sub-324_negative_00096_z32_y8_x208.npy,sub-324_negative_00096_z32_y8_x208.npy,0,32,8,208,0
sub-324,sub-324_negative_00097_z80_y112_x64.npy,sub-324_negative_00097_z80_y112_x64.npy,0,80,112,64,0
sub-324,sub-324_negative_00098_z64_y48_x4.npy,sub-324_negative_00098_z64_y48_x4.npy,0,64,48,4,0
sub-324,sub-324_negative_00099_z64_y192_x176.npy,sub-324_negative_00099_z64_y192_x176.npy,0,64,192,176,0
sub-324,sub-324_negative_00100_z48_y24_x24.npy,sub-324_negative_00100_z48_y24_x24.npy,0,48,24,24,0
sub-324,sub-324_negative_00101_z80_y32_x20.npy,sub-324_negative_00101_z80_y32_x20.npy,0,80,32,20,0
sub-324,sub-324_negative_00102_z40_y80_x112.npy,sub-324_negative_00102_z40_y80_x112.npy,0,40,80,112,0
sub-324,sub-324_negative_00103_z32_y144_x152.npy,sub-324_negative_00103_z32_y144_x152.npy,0,32,144,152,0
sub-324,sub-324_negative_00104_z72_y160_x184.npy,sub-324_negative_00104_z72_y160_x184.npy,0,72,160,184,0
sub-324,sub-324_negative_00105_z8_y168_x68.npy,sub-324_negative_00105_z8_y168_x68.npy,0,8,168,68,0
sub-324,sub-324_negative_00106_z64_y224_x108.npy,sub-324_negative_00106_z64_y224_x108.npy,0,64,224,108,0
sub-324,sub-324_negative_00107_z32_y72_x0.npy,sub-324_negative_00107_z32_y72_x0.npy,0,32,72,0,0
sub-324,sub-324_negative_00108_z8_y32_x204.npy,sub-324_negative_00108_z8_y32_x204.npy,0,8,32,204,0
sub-324,sub-324_negative_00109_z56_y80_x96.npy,sub-324_negative_00109_z56_y80_x96.npy,0,56,80,96,0
sub-324,sub-324_negative_00110_z40_y208_x8.npy,sub-324_negative_00110_z40_y208_x8.npy,0,40,208,8,0
sub-324,sub-324_negative_00111_z80_y200_x96.npy,sub-324_negative_00111_z80_y200_x96.npy,0,80,200,96,0
sub-318,sub-318_positive_00000_z32_y128_x136.npy,sub-318_positive_00000_z32_y128_x136.npy,1,32,128,136,4
sub-318,sub-318_positive_00001_z32_y128_x140.npy,sub-318_positive_00001_z32_y128_x140.npy,1,32,128,140,4
sub-318,sub-318_positive_00002_z32_y136_x136.npy,sub-318_positive_00002_z32_y136_x136.npy,1,32,136,136,4
sub-318,sub-318_positive_00003_z32_y136_x140.npy,sub-318_positive_00003_z32_y136_x140.npy,1,32,136,140,4
sub-318,sub-318_positive_00004_z40_y128_x136.npy,sub-318_positive_00004_z40_y128_x136.npy,1,40,128,136,12
sub-318,sub-318_positive_00005_z40_y128_x140.npy,sub-318_positive_00005_z40_y128_x140.npy,1,40,128,140,12
sub-318,sub-318_positive_00006_z40_y136_x136.npy,sub-318_positive_00006_z40_y136_x136.npy,1,40,136,136,12
sub-318,sub-318_positive_00007_z40_y136_x140.npy,sub-318_positive_00007_z40_y136_x140.npy,1,40,136,140,12
sub-318,sub-318_positive_00008_z48_y128_x136.npy,sub-318_positive_00008_z48_y128_x136.npy,1,48,128,136,8
sub-318,sub-318_positive_00009_z48_y128_x140.npy,sub-318_positive_00009_z48_y128_x140.npy,1,48,128,140,8
sub-318,sub-318_positive_00010_z48_y136_x136.npy,sub-318_positive_00010_z48_y136_x136.npy,1,48,136,136,8
sub-318,sub-318_positive_00011_z48_y136_x140.npy,sub-318_positive_00011_z48_y136_x140.npy,1,48,136,140,8
sub-318,sub-318_negative_00012_z40_y168_x20.npy,sub-318_negative_00012_z40_y168_x20.npy,0,40,168,20,0
sub-318,sub-318_negative_00013_z96_y48_x168.npy,sub-318_negative_00013_z96_y48_x168.npy,0,96,48,168,0
sub-318,sub-318_negative_00014_z64_y168_x196.npy,sub-318_negative_00014_z64_y168_x196.npy,0,64,168,196,0
sub-318,sub-318_negative_00015_z48_y8_x196.npy,sub-318_negative_00015_z48_y8_x196.npy,0,48,8,196,0
sub-318,sub-318_negative_00016_z40_y208_x20.npy,sub-318_negative_00016_z40_y208_x20.npy,0,40,208,20,0
sub-318,sub-318_negative_00017_z80_y24_x28.npy,sub-318_negative_00017_z80_y24_x28.npy,0,80,24,28,0
sub-318,sub-318_negative_00018_z16_y0_x8.npy,sub-318_negative_00018_z16_y0_x8.npy,0,16,0,8,0
sub-318,sub-318_negative_00019_z32_y56_x16.npy,sub-318_negative_00019_z32_y56_x16.npy,0,32,56,16,0
sub-318,sub-318_negative_00020_z16_y32_x100.npy,sub-318_negative_00020_z16_y32_x100.npy,0,16,32,100,0
sub-318,sub-318_negative_00021_z72_y72_x56.npy,sub-318_negative_00021_z72_y72_x56.npy,0,72,72,56,0
sub-318,sub-318_negative_00022_z16_y88_x76.npy,sub-318_negative_00022_z16_y88_x76.npy,0,16,88,76,0
sub-318,sub-318_negative_00023_z48_y112_x72.npy,sub-318_negative_00023_z48_y112_x72.npy,0,48,112,72,0
sub-318,sub-318_negative_00024_z40_y144_x224.npy,sub-318_negative_00024_z40_y144_x224.npy,0,40,144,224,0
sub-318,sub-318_negative_00025_z80_y160_x164.npy,sub-318_negative_00025_z80_y160_x164.npy,0,80,160,164,0
sub-318,sub-318_negative_00026_z32_y200_x24.npy,sub-318_negative_00026_z32_y200_x24.npy,0,32,200,24,0
sub-318,sub-318_negative_00027_z72_y8_x16.npy,sub-318_negative_00027_z72_y8_x16.npy,0,72,8,16,0
sub-318,sub-318_negative_00028_z80_y200_x72.npy,sub-318_negative_00028_z80_y200_x72.npy,0,80,200,72,0
sub-318,sub-318_negative_00029_z16_y144_x216.npy,sub-318_negative_00029_z16_y144_x216.npy,0,16,144,216,0
sub-318,sub-318_negative_00030_z88_y120_x232.npy,sub-318_negative_00030_z88_y120_x232.npy,0,88,120,232,0
sub-318,sub-318_negative_00031_z96_y136_x88.npy,sub-318_negative_00031_z96_y136_x88.npy,0,96,136,88,0
sub-318,sub-318_negative_00032_z16_y232_x72.npy,sub-318_negative_00032_z16_y232_x72.npy,0,16,232,72,0
sub-318,sub-318_negative_00033_z88_y240_x56.npy,sub-318_negative_00033_z88_y240_x56.npy,0,88,240,56,0
sub-318,sub-318_negative_00034_z88_y144_x52.npy,sub-318_negative_00034_z88_y144_x52.npy,0,88,144,52,0
sub-318,sub-318_negative_00035_z8_y160_x108.npy,sub-318_negative_00035_z8_y160_x108.npy,0,8,160,108,0
sub-318,sub-318_negative_00036_z16_y16_x172.npy,sub-318_negative_00036_z16_y16_x172.npy,0,16,16,172,0
sub-318,sub-318_negative_00037_z80_y216_x92.npy,sub-318_negative_00037_z80_y216_x92.npy,0,80,216,92,0
sub-318,sub-318_negative_00038_z80_y80_x80.npy,sub-318_negative_00038_z80_y80_x80.npy,0,80,80,80,0
sub-318,sub-318_negative_00039_z16_y112_x56.npy,sub-318_negative_00039_z16_y112_x56.npy,0,16,112,56,0
sub-318,sub-318_negative_00040_z72_y208_x172.npy,sub-318_negative_00040_z72_y208_x172.npy,0,72,208,172,0
sub-318,sub-318_negative_00041_z8_y200_x72.npy,sub-318_negative_00041_z8_y200_x72.npy,0,8,200,72,0
sub-318,sub-318_negative_00042_z24_y24_x120.npy,sub-318_negative_00042_z24_y24_x120.npy,0,24,24,120,0
sub-318,sub-318_negative_00043_z56_y48_x0.npy,sub-318_negative_00043_z56_y48_x0.npy,0,56,48,0,0
sub-318,sub-318_negative_00044_z72_y24_x24.npy,sub-318_negative_00044_z72_y24_x24.npy,0,72,24,24,0
sub-318,sub-318_negative_00045_z48_y200_x128.npy,sub-318_negative_00045_z48_y200_x128.npy,0,48,200,128,0
sub-318,sub-318_negative_00046_z56_y16_x68.npy,sub-318_negative_00046_z56_y16_x68.npy,0,56,16,68,0
sub-318,sub-318_negative_00047_z24_y184_x28.npy,sub-318_negative_00047_z24_y184_x28.npy,0,24,184,28,0
sub-318,sub-318_negative_00048_z88_y184_x116.npy,sub-318_negative_00048_z88_y184_x116.npy,0,88,184,116,0
sub-318,sub-318_negative_00049_z80_y40_x192.npy,sub-318_negative_00049_z80_y40_x192.npy,0,80,40,192,0
sub-318,sub-318_negative_00050_z64_y80_x196.npy,sub-318_negative_00050_z64_y80_x196.npy,0,64,80,196,0
sub-318,sub-318_negative_00051_z72_y240_x88.npy,sub-318_negative_00051_z72_y240_x88.npy,0,72,240,88,0
sub-318,sub-318_negative_00052_z8_y48_x0.npy,sub-318_negative_00052_z8_y48_x0.npy,0,8,48,0,0
sub-318,sub-318_negative_00053_z80_y232_x32.npy,sub-318_negative_00053_z80_y232_x32.npy,0,80,232,32,0
sub-318,sub-318_negative_00054_z56_y16_x244.npy,sub-318_negative_00054_z56_y16_x244.npy,0,56,16,244,0
sub-318,sub-318_negative_00055_z40_y8_x24.npy,sub-318_negative_00055_z40_y8_x24.npy,0,40,8,24,0
sub-318,sub-318_negative_00056_z40_y184_x60.npy,sub-318_negative_00056_z40_y184_x60.npy,0,40,184,60,0
sub-318,sub-318_negative_00057_z48_y40_x140.npy,sub-318_negative_00057_z48_y40_x140.npy,0,48,40,140,0
sub-318,sub-318_negative_00058_z64_y40_x180.npy,sub-318_negative_00058_z64_y40_x180.npy,0,64,40,180,0
sub-318,sub-318_negative_00059_z0_y216_x72.npy,sub-318_negative_00059_z0_y216_x72.npy,0,0,216,72,0
sub-318,sub-318_negative_00060_z72_y208_x184.npy,sub-318_negative_00060_z72_y208_x184.npy,0,72,208,184,0
sub-318,sub-318_negative_00061_z16_y232_x80.npy,sub-318_negative_00061_z16_y232_x80.npy,0,16,232,80,0
sub-318,sub-318_negative_00062_z64_y112_x212.npy,sub-318_negative_00062_z64_y112_x212.npy,0,64,112,212,0
sub-318,sub-318_negative_00063_z88_y160_x220.npy,sub-318_negative_00063_z88_y160_x220.npy,0,88,160,220,0
sub-318,sub-318_negative_00064_z64_y208_x224.npy,sub-318_negative_00064_z64_y208_x224.npy,0,64,208,224,0
sub-318,sub-318_negative_00065_z32_y184_x132.npy,sub-318_negative_00065_z32_y184_x132.npy,0,32,184,132,0
sub-318,sub-318_negative_00066_z40_y192_x68.npy,sub-318_negative_00066_z40_y192_x68.npy,0,40,192,68,0
sub-318,sub-318_negative_00067_z48_y0_x100.npy,sub-318_negative_00067_z48_y0_x100.npy,0,48,0,100,0
sub-318,sub-318_negative_00068_z96_y0_x96.npy,sub-318_negative_00068_z96_y0_x96.npy,0,96,0,96,0
sub-318,sub-318_negative_00069_z48_y160_x60.npy,sub-318_negative_00069_z48_y160_x60.npy,0,48,160,60,0
sub-318,sub-318_negative_00070_z72_y128_x136.npy,sub-318_negative_00070_z72_y128_x136.npy,0,72,128,136,0
sub-318,sub-318_negative_00071_z72_y160_x36.npy,sub-318_negative_00071_z72_y160_x36.npy,0,72,160,36,0
sub-318,sub-318_negative_00072_z40_y48_x172.npy,sub-318_negative_00072_z40_y48_x172.npy,0,40,48,172,0
sub-318,sub-318_negative_00073_z32_y192_x240.npy,sub-318_negative_00073_z32_y192_x240.npy,0,32,192,240,0
sub-318,sub-318_negative_00074_z80_y0_x184.npy,sub-318_negative_00074_z80_y0_x184.npy,0,80,0,184,0
sub-318,sub-318_negative_00075_z0_y240_x176.npy,sub-318_negative_00075_z0_y240_x176.npy,0,0,240,176,0
sub-318,sub-318_negative_00076_z64_y64_x168.npy,sub-318_negative_00076_z64_y64_x168.npy,0,64,64,168,0
sub-318,sub-318_negative_00077_z64_y216_x20.npy,sub-318_negative_00077_z64_y216_x20.npy,0,64,216,20,0
sub-318,sub-318_negative_00078_z80_y176_x188.npy,sub-318_negative_00078_z80_y176_x188.npy,0,80,176,188,0
sub-318,sub-318_negative_00079_z8_y24_x124.npy,sub-318_negative_00079_z8_y24_x124.npy,0,8,24,124,0
sub-318,sub-318_negative_00080_z24_y144_x52.npy,sub-318_negative_00080_z24_y144_x52.npy,0,24,144,52,0
sub-318,sub-318_negative_00081_z8_y64_x36.npy,sub-318_negative_00081_z8_y64_x36.npy,0,8,64,36,0
sub-318,sub-318_negative_00082_z96_y144_x88.npy,sub-318_negative_00082_z96_y144_x88.npy,0,96,144,88,0
sub-318,sub-318_negative_00083_z72_y200_x216.npy,sub-318_negative_00083_z72_y200_x216.npy,0,72,200,216,0
sub-318,sub-318_negative_00084_z0_y136_x152.npy,sub-318_negative_00084_z0_y136_x152.npy,0,0,136,152,0
sub-318,sub-318_negative_00085_z88_y24_x188.npy,sub-318_negative_00085_z88_y24_x188.npy,0,88,24,188,0
sub-318,sub-318_negative_00086_z72_y16_x184.npy,sub-318_negative_00086_z72_y16_x184.npy,0,72,16,184,0
sub-318,sub-318_negative_00087_z40_y160_x92.npy,sub-318_negative_00087_z40_y160_x92.npy,0,40,160,92,0
sub-318,sub-318_negative_00088_z88_y32_x12.npy,sub-318_negative_00088_z88_y32_x12.npy,0,88,32,12,0
sub-318,sub-318_negative_00089_z16_y128_x64.npy,sub-318_negative_00089_z16_y128_x64.npy,0,16,128,64,0
sub-318,sub-318_negative_00090_z32_y176_x92.npy,sub-318_negative_00090_z32_y176_x92.npy,0,32,176,92,0
sub-318,sub-318_negative_00091_z0_y200_x160.npy,sub-318_negative_00091_z0_y200_x160.npy,0,0,200,160,0
sub-318,sub-318_negative_00092_z8_y48_x200.npy,sub-318_negative_00092_z8_y48_x200.npy,0,8,48,200,0
sub-318,sub-318_negative_00093_z48_y120_x8.npy,sub-318_negative_00093_z48_y120_x8.npy,0,48,120,8,0
sub-318,sub-318_negative_00094_z96_y152_x204.npy,sub-318_negative_00094_z96_y152_x204.npy,0,96,152,204,0
sub-318,sub-318_negative_00095_z40_y168_x60.npy,sub-318_negative_00095_z40_y168_x60.npy,0,40,168,60,0
sub-318,sub-318_negative_00096_z32_y8_x192.npy,sub-318_negative_00096_z32_y8_x192.npy,0,32,8,192,0
sub-318,sub-318_negative_00097_z80_y112_x64.npy,sub-318_negative_00097_z80_y112_x64.npy,0,80,112,64,0
sub-318,sub-318_negative_00098_z64_y48_x4.npy,sub-318_negative_00098_z64_y48_x4.npy,0,64,48,4,0
sub-318,sub-318_negative_00099_z64_y192_x176.npy,sub-318_negative_00099_z64_y192_x176.npy,0,64,192,176,0
sub-318,sub-318_negative_00100_z48_y24_x8.npy,sub-318_negative_00100_z48_y24_x8.npy,0,48,24,8,0
sub-318,sub-318_negative_00101_z80_y32_x20.npy,sub-318_negative_00101_z80_y32_x20.npy,0,80,32,20,0
sub-318,sub-318_negative_00102_z40_y80_x80.npy,sub-318_negative_00102_z40_y80_x80.npy,0,40,80,80,0
sub-318,sub-318_negative_00103_z32_y144_x136.npy,sub-318_negative_00103_z32_y144_x136.npy,0,32,144,136,0
sub-318,sub-318_negative_00104_z72_y160_x184.npy,sub-318_negative_00104_z72_y160_x184.npy,0,72,160,184,0
sub-318,sub-318_negative_00105_z8_y168_x68.npy,sub-318_negative_00105_z8_y168_x68.npy,0,8,168,68,0
sub-318,sub-318_negative_00106_z64_y224_x108.npy,sub-318_negative_00106_z64_y224_x108.npy,0,64,224,108,0
sub-318,sub-318_negative_00107_z32_y64_x220.npy,sub-318_negative_00107_z32_y64_x220.npy,0,32,64,220,0
sub-318,sub-318_negative_00108_z8_y32_x204.npy,sub-318_negative_00108_z8_y32_x204.npy,0,8,32,204,0
sub-318,sub-318_negative_00109_z56_y80_x96.npy,sub-318_negative_00109_z56_y80_x96.npy,0,56,80,96,0
sub-318,sub-318_negative_00110_z40_y200_x244.npy,sub-318_negative_00110_z40_y200_x244.npy,0,40,200,244,0
sub-318,sub-318_negative_00111_z80_y200_x96.npy,sub-318_negative_00111_z80_y200_x96.npy,0,80,200,96,0
sub-309,sub-309_positive_00000_z32_y144_x156.npy,sub-309_positive_00000_z32_y144_x156.npy,1,32,144,156,6
sub-309,sub-309_positive_00001_z32_y144_x160.npy,sub-309_positive_00001_z32_y144_x160.npy,1,32,144,160,6
sub-309,sub-309_positive_00002_z32_y152_x156.npy,sub-309_positive_00002_z32_y152_x156.npy,1,32,152,156,6
sub-309,sub-309_positive_00003_z32_y152_x160.npy,sub-309_positive_00003_z32_y152_x160.npy,1,32,152,160,6
sub-309,sub-309_positive_00004_z40_y144_x156.npy,sub-309_positive_00004_z40_y144_x156.npy,1,40,144,156,18
sub-309,sub-309_positive_00005_z40_y144_x160.npy,sub-309_positive_00005_z40_y144_x160.npy,1,40,144,160,18
sub-309,sub-309_positive_00006_z40_y152_x156.npy,sub-309_positive_00006_z40_y152_x156.npy,1,40,152,156,18
sub-309,sub-309_positive_00007_z40_y152_x160.npy,sub-309_positive_00007_z40_y152_x160.npy,1,40,152,160,18
sub-309,sub-309_positive_00008_z48_y144_x156.npy,sub-309_positive_00008_z48_y144_x156.npy,1,48,144,156,12
sub-309,sub-309_positive_00009_z48_y144_x160.npy,sub-309_positive_00009_z48_y144_x160.npy,1,48,144,160,12
sub-309,sub-309_positive_00010_z48_y152_x156.npy,sub-309_positive_00010_z48_y152_x156.npy,1,48,152,156,12
sub-309,sub-309_positive_00011_z48_y152_x160.npy,sub-309_positive_00011_z48_y152_x160.npy,1,48,152,160,12
sub-309,sub-309_negative_00012_z40_y168_x20.npy,sub-309_negative_00012_z40_y168_x20.npy,0,40,168,20,0
sub-309,sub-309_negative_00013_z96_y48_x168.npy,sub-309_negative_00013_z96_y48_x168.npy,0,96,48,168,0
sub-309,sub-309_negative_00014_z64_y168_x196.npy,sub-309_negative_00014_z64_y168_x196.npy,0,64,168,196,0
sub-309,sub-309_negative_00015_z48_y8_x196.npy,sub-309_negative_00015_z48_y8_x196.npy,0,48,8,196,0
sub-309,sub-309_negative_00016_z40_y208_x20.npy,sub-309_negative_00016_z40_y208_x20.npy,0,40,208,20,0
sub-309,sub-309_negative_00017_z80_y24_x28.npy,sub-309_negative_00017_z80_y24_x28.npy,0,80,24,28,0
sub-309,sub-309_negative_00018_z16_y0_x8.npy,sub-309_negative_00018_z16_y0_x8.npy,0,16,0,8,0
sub-309,sub-309_negative_00019_z32_y56_x16.npy,sub-309_negative_00019_z32_y56_x16.npy,0,32,56,16,0
sub-309,sub-309_negative_00020_z16_y32_x100.npy,sub-309_negative_00020_z16_y32_x100.npy,0,16,32,100,0
sub-309,sub-309_negative_00021_z72_y72_x56.npy,sub-309_negative_00021_z72_y72_x56.npy,0,72,72,56,0
sub-309,sub-309_negative_00022_z16_y88_x76.npy,sub-309_negative_00022_z16_y88_x76.npy,0,16,88,76,0
sub-309,sub-309_negative_00023_z48_y112_x72.npy,sub-309_negative_00023_z48_y112_x72.npy,0,48,112,72,0
sub-309,sub-309_negative_00024_z40_y144_x216.npy,sub-309_negative_00024_z40_y144_x216.npy,0,40,144,216,0
sub-309,sub-309_negative_00025_z80_y160_x164.npy,sub-309_negative_00025_z80_y160_x164.npy,0,80,160,164,0
sub-309,sub-309_negative_00026_z32_y200_x24.npy,sub-309_negative_00026_z32_y200_x24.npy,0,32,200,24,0
sub-309,sub-309_negative_00027_z72_y8_x16.npy,sub-309_negative_00027_z72_y8_x16.npy,0,72,8,16,0
sub-309,sub-309_negative_00028_z80_y200_x72.npy,sub-309_negative_00028_z80_y200_x72.npy,0,80,200,72,0
sub-309,sub-309_negative_00029_z16_y144_x216.npy,sub-309_negative_00029_z16_y144_x216.npy,0,16,144,216,0
sub-309,sub-309_negative_00030_z88_y120_x232.npy,sub-309_negative_00030_z88_y120_x232.npy,0,88,120,232,0
sub-309,sub-309_negative_00031_z96_y136_x88.npy,sub-309_negative_00031_z96_y136_x88.npy,0,96,136,88,0
sub-309,sub-309_negative_00032_z16_y232_x72.npy,sub-309_negative_00032_z16_y232_x72.npy,0,16,232,72,0
sub-309,sub-309_negative_00033_z88_y240_x56.npy,sub-309_negative_00033_z88_y240_x56.npy,0,88,240,56,0
sub-309,sub-309_negative_00034_z88_y144_x52.npy,sub-309_negative_00034_z88_y144_x52.npy,0,88,144,52,0
sub-309,sub-309_negative_00035_z8_y160_x108.npy,sub-309_negative_00035_z8_y160_x108.npy,0,8,160,108,0
sub-309,sub-309_negative_00036_z16_y16_x172.npy,sub-309_negative_00036_z16_y16_x172.npy,0,16,16,172,0
sub-309,sub-309_negative_00037_z80_y216_x92.npy,sub-309_negative_00037_z80_y216_x92.npy,0,80,216,92,0
sub-309,sub-309_negative_00038_z80_y80_x80.npy,sub-309_negative_00038_z80_y80_x80.npy,0,80,80,80,0
sub-309,sub-309_negative_00039_z16_y112_x56.npy,sub-309_negative_00039_z16_y112_x56.npy,0,16,112,56,0
sub-309,sub-309_negative_00040_z72_y208_x172.npy,sub-309_negative_00040_z72_y208_x172.npy,0,72,208,172,0
sub-309,sub-309_negative_00041_z8_y200_x72.npy,sub-309_negative_00041_z8_y200_x72.npy,0,8,200,72,0
sub-309,sub-309_negative_00042_z24_y24_x120.npy,sub-309_negative_00042_z24_y24_x120.npy,0,24,24,120,0
sub-309,sub-309_negative_00043_z56_y48_x0.npy,sub-309_negative_00043_z56_y48_x0.npy,0,56,48,0,0
sub-309,sub-309_negative_00044_z72_y24_x24.npy,sub-309_negative_00044_z72_y24_x24.npy,0,72,24,24,0
sub-309,sub-309_negative_00045_z48_y200_x128.npy,sub-309_negative_00045_z48_y200_x128.npy,0,48,200,128,0
sub-309,sub-309_negative_00046_z56_y16_x68.npy,sub-309_negative_00046_z56_y16_x68.npy,0,56,16,68,0
sub-309,sub-309_negative_00047_z24_y184_x28.npy,sub-309_negative_00047_z24_y184_x28.npy,0,24,184,28,0
sub-309,sub-309_negative_00048_z88_y184_x116.npy,sub-309_negative_00048_z88_y184_x116.npy,0,88,184,116,0
sub-309,sub-309_negative_00049_z80_y40_x192.npy,sub-309_negative_00049_z80_y40_x192.npy,0,80,40,192,0
sub-309,sub-309_negative_00050_z64_y80_x196.npy,sub-309_negative_00050_z64_y80_x196.npy,0,64,80,196,0
sub-309,sub-309_negative_00051_z72_y240_x88.npy,sub-309_negative_00051_z72_y240_x88.npy,0,72,240,88,0
sub-309,sub-309_negative_00052_z8_y48_x0.npy,sub-309_negative_00052_z8_y48_x0.npy,0,8,48,0,0
sub-309,sub-309_negative_00053_z80_y232_x32.npy,sub-309_negative_00053_z80_y232_x32.npy,0,80,232,32,0
sub-309,sub-309_negative_00054_z56_y16_x244.npy,sub-309_negative_00054_z56_y16_x244.npy,0,56,16,244,0
sub-309,sub-309_negative_00055_z40_y8_x24.npy,sub-309_negative_00055_z40_y8_x24.npy,0,40,8,24,0
sub-309,sub-309_negative_00056_z40_y184_x60.npy,sub-309_negative_00056_z40_y184_x60.npy,0,40,184,60,0
sub-309,sub-309_negative_00057_z48_y40_x140.npy,sub-309_negative_00057_z48_y40_x140.npy,0,48,40,140,0
sub-309,sub-309_negative_00058_z64_y40_x180.npy,sub-309_negative_00058_z64_y40_x180.npy,0,64,40,180,0
sub-309,sub-309_negative_00059_z0_y216_x72.npy,sub-309_negative_00059_z0_y216_x72.npy,0,0,216,72,0
sub-309,sub-309_negative_00060_z72_y208_x184.npy,sub-309_negative_00060_z72_y208_x184.npy,0,72,208,184,0
sub-309,sub-309_negative_00061_z16_y232_x80.npy,sub-309_negative_00061_z16_y232_x80.npy,0,16,232,80,0
sub-309,sub-309_negative_00062_z64_y112_x212.npy,sub-309_negative_00062_z64_y112_x212.npy,0,64,112,212,0
sub-309,sub-309_negative_00063_z88_y160_x220.npy,sub-309_negative_00063_z88_y160_x220.npy,0,88,160,220,0
sub-309,sub-309_negative_00064_z64_y208_x224.npy,sub-309_negative_00064_z64_y208_x224.npy,0,64,208,224,0
sub-309,sub-309_negative_00065_z32_y184_x132.npy,sub-309_negative_00065_z32_y184_x132.npy,0,32,184,132,0
sub-309,sub-309_negative_00066_z40_y192_x68.npy,sub-309_negative_00066_z40_y192_x68.npy,0,40,192,68,0
sub-309,sub-309_negative_00067_z48_y0_x100.npy,sub-309_negative_00067_z48_y0_x100.npy,0,48,0,100,0
sub-309,sub-309_negative_00068_z96_y0_x96.npy,sub-309_negative_00068_z96_y0_x96.npy,0,96,0,96,0
sub-309,sub-309_negative_00069_z48_y160_x60.npy,sub-309_negative_00069_z48_y160_x60.npy,0,48,160,60,0
sub-309,sub-309_negative_00070_z72_y128_x136.npy,sub-309_negative_00070_z72_y128_x136.npy,0,72,128,136,0
sub-309,sub-309_negative_00071_z72_y160_x36.npy,sub-309_negative_00071_z72_y160_x36.npy,0,72,160,36,0
sub-309,sub-309_negative_00072_z40_y48_x172.npy,sub-309_negative_00072_z40_y48_x172.npy,0,40,48,172,0
sub-309,sub-309_negative_00073_z32_y192_x240.npy,sub-309_negative_00073_z32_y192_x240.npy,0,32,192,240,0
sub-309,sub-309_negative_00074_z80_y0_x184.npy,sub-309_negative_00074_z80_y0_x184.npy,0,80,0,184,0
sub-309,sub-309_negative_00075_z0_y240_x176.npy,sub-309_negative_00075_z0_y240_x176.npy,0,0,240,176,0
sub-309,sub-309_negative_00076_z64_y64_x168.npy,sub-309_negative_00076_z64_y64_x168.npy,0,64,64,168,0
sub-309,sub-309_negative_00077_z64_y216_x20.npy,sub-309_negative_00077_z64_y216_x20.npy,0,64,216,20,0
sub-309,sub-309_negative_00078_z80_y176_x188.npy,sub-309_negative_00078_z80_y176_x188.npy,0,80,176,188,0
sub-309,sub-309_negative_00079_z8_y24_x124.npy,sub-309_negative_00079_z8_y24_x124.npy,0,8,24,124,0
sub-309,sub-309_negative_00080_z24_y144_x52.npy,sub-309_negative_00080_z24_y144_x52.npy,0,24,144,52,0
sub-309,sub-309_negative_00081_z8_y64_x36.npy,sub-309_negative_00081_z8_y64_x36.npy,0,8,64,36,0
sub-309,sub-309_negative_00082_z96_y144_x88.npy,sub-309_negative_00082_z96_y144_x88.npy,0,96,144,88,0
sub-309,sub-309_negative_00083_z72_y200_x216.npy,sub-309_negative_00083_z72_y200_x216.npy,0,72,200,216,0
sub-309,sub-309_negative_00084_z0_y136_x152.npy,sub-309_negative_00084_z0_y136_x152.npy,0,0,136,152,0
sub-309,sub-309_negative_00085_z88_y24_x188.npy,sub-309_negative_00085_z88_y24_x188.npy,0,88,24,188,0
sub-309,sub-309_negative_00086_z72_y16_x184.npy,sub-309_negative_00086_z72_y16_x184.npy,0,72,16,184,0
sub-309,sub-309_negative_00087_z40_y160_x92.npy,sub-309_negative_00087_z40_y160_x92.npy,0,40,160,92,0
sub-309,sub-309_negative_00088_z88_y32_x12.npy,sub-309_negative_00088_z88_y32_x12.npy,0,88,32,12,0
sub-309,sub-309_negative_00089_z16_y128_x64.npy,sub-309_negative_00089_z16_y128_x64.npy,0,16,128,64,0
sub-309,sub-309_negative_00090_z32_y176_x92.npy,sub-309_negative_00090_z32_y176_x92.npy,0,32,176,92,0
sub-309,sub-309_negative_00091_z0_y200_x160.npy,sub-309_negative_00091_z0_y200_x160.npy,0,0,200,160,0
sub-309,sub-309_negative_00092_z8_y48_x200.npy,sub-309_negative_00092_z8_y48_x200.npy,0,8,48,200,0
sub-309,sub-309_negative_00093_z48_y120_x8.npy,sub-309_negative_00093_z48_y120_x8.npy,0,48,120,8,0
sub-309,sub-309_negative_00094_z96_y152_x204.npy,sub-309_negative_00094_z96_y152_x204.npy,0,96,152,204,0
sub-309,sub-309_negative_00095_z40_y168_x60.npy,sub-309_negative_00095_z40_y168_x60.npy,0,40,168,60,0
sub-309,sub-309_negative_00096_z32_y8_x192.npy,sub-309_negative_00096_z32_y8_x192.npy,0,32,8,192,0
sub-309,sub-309_negative_00097_z80_y112_x64.npy,sub-309_negative_00097_z80_y112_x64.npy,0,80,112,64,0
sub-309,sub-309_negative_00098_z64_y48_x4.npy,sub-309_negative_00098_z64_y48_x4.npy,0,64,48,4,0
sub-309,sub-309_negative_00099_z64_y192_x176.npy,sub-309_negative_00099_z64_y192_x176.npy,0,64,192,176,0
sub-309,sub-309_negative_00100_z48_y24_x8.npy,sub-309_negative_00100_z48_y24_x8.npy,0,48,24,8,0
sub-309,sub-309_negative_00101_z80_y32_x20.npy,sub-309_negative_00101_z80_y32_x20.npy,0,80,32,20,0
sub-309,sub-309_negative_00102_z40_y80_x80.npy,sub-309_negative_00102_z40_y80_x80.npy,0,40,80,80,0
sub-309,sub-309_negative_00103_z32_y144_x120.npy,sub-309_negative_00103_z32_y144_x120.npy,0,32,144,120,0
sub-309,sub-309_negative_00104_z72_y160_x184.npy,sub-309_negative_00104_z72_y160_x184.npy,0,72,160,184,0
sub-309,sub-309_negative_00105_z8_y168_x68.npy,sub-309_negative_00105_z8_y168_x68.npy,0,8,168,68,0
sub-309,sub-309_negative_00106_z64_y224_x108.npy,sub-309_negative_00106_z64_y224_x108.npy,0,64,224,108,0
sub-309,sub-309_negative_00107_z32_y64_x220.npy,sub-309_negative_00107_z32_y64_x220.npy,0,32,64,220,0
sub-309,sub-309_negative_00108_z8_y32_x204.npy,sub-309_negative_00108_z8_y32_x204.npy,0,8,32,204,0
sub-309,sub-309_negative_00109_z56_y80_x96.npy,sub-309_negative_00109_z56_y80_x96.npy,0,56,80,96,0
sub-309,sub-309_negative_00110_z40_y200_x244.npy,sub-309_negative_00110_z40_y200_x244.npy,0,40,200,244,0
sub-309,sub-309_negative_00111_z80_y200_x96.npy,sub-309_negative_00111_z80_y200_x96.npy,0,80,200,96,0
sub-326,sub-326_positive_00000_z56_y176_x132.npy,sub-326_positive_00000_z56_y176_x132.npy,1,56,176,132,1
sub-326,sub-326_positive_00001_z56_y176_x136.npy,sub-326_positive_00001_z56_y176_x136.npy,1,56,176,136,2
sub-326,sub-326_positive_00002_z56_y176_x140.npy,sub-326_positive_00002_z56_y176_x140.npy,1,56,176,140,1
sub-326,sub-326_positive_00003_z56_y184_x132.npy,sub-326_positive_00003_z56_y184_x132.npy,1,56,184,132,2
sub-326,sub-326_positive_00004_z56_y184_x136.npy,sub-326_positive_00004_z56_y184_x136.npy,1,56,184,136,6
sub-326,sub-326_positive_00005_z56_y184_x140.npy,sub-326_positive_00005_z56_y184_x140.npy,1,56,184,140,4
sub-326,sub-326_positive_00006_z56_y192_x132.npy,sub-326_positive_00006_z56_y192_x132.npy,1,56,192,132,1
sub-326,sub-326_positive_00007_z56_y192_x136.npy,sub-326_positive_00007_z56_y192_x136.npy,1,56,192,136,4
sub-326,sub-326_positive_00008_z56_y192_x140.npy,sub-326_positive_00008_z56_y192_x140.npy,1,56,192,140,3
sub-326,sub-326_positive_00009_z64_y176_x132.npy,sub-326_positive_00009_z64_y176_x132.npy,1,64,176,132,3
sub-326,sub-326_positive_00010_z64_y176_x136.npy,sub-326_positive_00010_z64_y176_x136.npy,1,64,176,136,6
sub-326,sub-326_positive_00011_z64_y176_x140.npy,sub-326_positive_00011_z64_y176_x140.npy,1,64,176,140,3
sub-326,sub-326_positive_00012_z64_y184_x132.npy,sub-326_positive_00012_z64_y184_x132.npy,1,64,184,132,9
sub-326,sub-326_positive_00013_z64_y184_x136.npy,sub-326_positive_00013_z64_y184_x136.npy,1,64,184,136,21
sub-326,sub-326_positive_00014_z64_y184_x140.npy,sub-326_positive_00014_z64_y184_x140.npy,1,64,184,140,12
sub-326,sub-326_positive_00015_z64_y192_x132.npy,sub-326_positive_00015_z64_y192_x132.npy,1,64,192,132,6
sub-326,sub-326_positive_00016_z64_y192_x136.npy,sub-326_positive_00016_z64_y192_x136.npy,1,64,192,136,15
sub-326,sub-326_positive_00017_z64_y192_x140.npy,sub-326_positive_00017_z64_y192_x140.npy,1,64,192,140,9
sub-326,sub-326_positive_00018_z72_y176_x132.npy,sub-326_positive_00018_z72_y176_x132.npy,1,72,176,132,2
sub-326,sub-326_positive_00019_z72_y176_x136.npy,sub-326_positive_00019_z72_y176_x136.npy,1,72,176,136,4
sub-326,sub-326_positive_00020_z72_y176_x140.npy,sub-326_positive_00020_z72_y176_x140.npy,1,72,176,140,2
sub-326,sub-326_positive_00021_z72_y184_x132.npy,sub-326_positive_00021_z72_y184_x132.npy,1,72,184,132,7
sub-326,sub-326_positive_00022_z72_y184_x136.npy,sub-326_positive_00022_z72_y184_x136.npy,1,72,184,136,15
sub-326,sub-326_positive_00023_z72_y184_x140.npy,sub-326_positive_00023_z72_y184_x140.npy,1,72,184,140,8
sub-326,sub-326_positive_00024_z72_y192_x132.npy,sub-326_positive_00024_z72_y192_x132.npy,1,72,192,132,5
sub-326,sub-326_positive_00025_z72_y192_x136.npy,sub-326_positive_00025_z72_y192_x136.npy,1,72,192,136,11
sub-326,sub-326_positive_00026_z72_y192_x140.npy,sub-326_positive_00026_z72_y192_x140.npy,1,72,192,140,6
sub-326,sub-326_negative_00027_z40_y160_x216.npy,sub-326_negative_00027_z40_y160_x216.npy,0,40,160,216,0
sub-326,sub-326_negative_00028_z96_y48_x172.npy,sub-326_negative_00028_z96_y48_x172.npy,0,96,48,172,0
sub-326,sub-326_negative_00029_z64_y168_x144.npy,sub-326_negative_00029_z64_y168_x144.npy,0,64,168,144,0
sub-326,sub-326_negative_00030_z48_y8_x136.npy,sub-326_negative_00030_z48_y8_x136.npy,0,48,8,136,0
sub-326,sub-326_negative_00031_z40_y200_x212.npy,sub-326_negative_00031_z40_y200_x212.npy,0,40,200,212,0
sub-326,sub-326_negative_00032_z80_y24_x40.npy,sub-326_negative_00032_z80_y24_x40.npy,0,80,24,40,0
sub-326,sub-326_negative_00033_z16_y0_x0.npy,sub-326_negative_00033_z16_y0_x0.npy,0,16,0,0,0
sub-326,sub-326_negative_00034_z32_y48_x248.npy,sub-326_negative_00034_z32_y48_x248.npy,0,32,48,248,0
sub-326,sub-326_negative_00035_z16_y32_x88.npy,sub-326_negative_00035_z16_y32_x88.npy,0,16,32,88,0
sub-326,sub-326_negative_00036_z72_y72_x36.npy,sub-326_negative_00036_z72_y72_x36.npy,0,72,72,36,0
sub-326,sub-326_negative_00037_z16_y88_x64.npy,sub-326_negative_00037_z16_y88_x64.npy,0,16,88,64,0
sub-326,sub-326_negative_00038_z48_y112_x8.npy,sub-326_negative_00038_z48_y112_x8.npy,0,48,112,8,0
sub-326,sub-326_negative_00039_z40_y144_x164.npy,sub-326_negative_00039_z40_y144_x164.npy,0,40,144,164,0
sub-326,sub-326_negative_00040_z80_y160_x176.npy,sub-326_negative_00040_z80_y160_x176.npy,0,80,160,176,0
sub-326,sub-326_negative_00041_z32_y192_x236.npy,sub-326_negative_00041_z32_y192_x236.npy,0,32,192,236,0
sub-326,sub-326_negative_00042_z72_y8_x0.npy,sub-326_negative_00042_z72_y8_x0.npy,0,72,8,0,0
sub-326,sub-326_negative_00043_z80_y200_x84.npy,sub-326_negative_00043_z80_y200_x84.npy,0,80,200,84,0
sub-326,sub-326_negative_00044_z16_y144_x204.npy,sub-326_negative_00044_z16_y144_x204.npy,0,16,144,204,0
sub-326,sub-326_negative_00045_z88_y120_x236.npy,sub-326_negative_00045_z88_y120_x236.npy,0,88,120,236,0
sub-326,sub-326_negative_00046_z96_y136_x92.npy,sub-326_negative_00046_z96_y136_x92.npy,0,96,136,92,0
sub-326,sub-326_negative_00047_z16_y232_x56.npy,sub-326_negative_00047_z16_y232_x56.npy,0,16,232,56,0
sub-326,sub-326_negative_00048_z88_y240_x60.npy,sub-326_negative_00048_z88_y240_x60.npy,0,88,240,60,0
sub-326,sub-326_negative_00049_z88_y144_x56.npy,sub-326_negative_00049_z88_y144_x56.npy,0,88,144,56,0
sub-326,sub-326_negative_00050_z8_y160_x100.npy,sub-326_negative_00050_z8_y160_x100.npy,0,8,160,100,0
sub-326,sub-326_negative_00051_z16_y16_x160.npy,sub-326_negative_00051_z16_y16_x160.npy,0,16,16,160,0
sub-326,sub-326_negative_00052_z80_y216_x100.npy,sub-326_negative_00052_z80_y216_x100.npy,0,80,216,100,0
sub-326,sub-326_negative_00053_z80_y80_x92.npy,sub-326_negative_00053_z80_y80_x92.npy,0,80,80,92,0
sub-326,sub-326_negative_00054_z16_y112_x48.npy,sub-326_negative_00054_z16_y112_x48.npy,0,16,112,48,0
sub-326,sub-326_negative_00055_z72_y208_x188.npy,sub-326_negative_00055_z72_y208_x188.npy,0,72,208,188,0
sub-326,sub-326_negative_00056_z8_y200_x64.npy,sub-326_negative_00056_z8_y200_x64.npy,0,8,200,64,0
sub-326,sub-326_negative_00057_z24_y24_x104.npy,sub-326_negative_00057_z24_y24_x104.npy,0,24,24,104,0
sub-326,sub-326_negative_00058_z56_y40_x168.npy,sub-326_negative_00058_z56_y40_x168.npy,0,56,40,168,0
sub-326,sub-326_negative_00059_z72_y24_x8.npy,sub-326_negative_00059_z72_y24_x8.npy,0,72,24,8,0
sub-326,sub-326_negative_00060_z48_y200_x48.npy,sub-326_negative_00060_z48_y200_x48.npy,0,48,200,48,0
sub-326,sub-326_negative_00061_z56_y8_x240.npy,sub-326_negative_00061_z56_y8_x240.npy,0,56,8,240,0
sub-326,sub-326_negative_00062_z24_y184_x12.npy,sub-326_negative_00062_z24_y184_x12.npy,0,24,184,12,0
sub-326,sub-326_negative_00063_z88_y184_x124.npy,sub-326_negative_00063_z88_y184_x124.npy,0,88,184,124,0
sub-326,sub-326_negative_00064_z80_y40_x208.npy,sub-326_negative_00064_z80_y40_x208.npy,0,80,40,208,0
sub-326,sub-326_negative_00065_z64_y80_x148.npy,sub-326_negative_00065_z64_y80_x148.npy,0,64,80,148,0
sub-326,sub-326_negative_00066_z72_y240_x100.npy,sub-326_negative_00066_z72_y240_x100.npy,0,72,240,100,0
sub-326,sub-326_negative_00067_z8_y40_x248.npy,sub-326_negative_00067_z8_y40_x248.npy,0,8,40,248,0
sub-326,sub-326_negative_00068_z80_y232_x44.npy,sub-326_negative_00068_z80_y232_x44.npy,0,80,232,44,0
sub-326,sub-326_negative_00069_z56_y16_x164.npy,sub-326_negative_00069_z56_y16_x164.npy,0,56,16,164,0
sub-326,sub-326_negative_00070_z40_y0_x236.npy,sub-326_negative_00070_z40_y0_x236.npy,0,40,0,236,0
sub-326,sub-326_negative_00071_z40_y184_x0.npy,sub-326_negative_00071_z40_y184_x0.npy,0,40,184,0,0
sub-326,sub-326_negative_00072_z48_y40_x80.npy,sub-326_negative_00072_z48_y40_x80.npy,0,48,40,80,0
sub-326,sub-326_negative_00073_z64_y40_x128.npy,sub-326_negative_00073_z64_y40_x128.npy,0,64,40,128,0
sub-326,sub-326_negative_00074_z0_y216_x68.npy,sub-326_negative_00074_z0_y216_x68.npy,0,0,216,68,0
sub-326,sub-326_negative_00075_z72_y208_x200.npy,sub-326_negative_00075_z72_y208_x200.npy,0,72,208,200,0
sub-326,sub-326_negative_00076_z16_y232_x64.npy,sub-326_negative_00076_z16_y232_x64.npy,0,16,232,64,0
sub-326,sub-326_negative_00077_z64_y112_x160.npy,sub-326_negative_00077_z64_y112_x160.npy,0,64,112,160,0
sub-326,sub-326_negative_00078_z88_y160_x224.npy,sub-326_negative_00078_z88_y160_x224.npy,0,88,160,224,0
sub-326,sub-326_negative_00079_z64_y208_x208.npy,sub-326_negative_00079_z64_y208_x208.npy,0,64,208,208,0
sub-326,sub-326_negative_00080_z32_y184_x96.npy,sub-326_negative_00080_z32_y184_x96.npy,0,32,184,96,0
sub-326,sub-326_negative_00081_z40_y192_x8.npy,sub-326_negative_00081_z40_y192_x8.npy,0,40,192,8,0
sub-326,sub-326_negative_00082_z48_y0_x40.npy,sub-326_negative_00082_z48_y0_x40.npy,0,48,0,40,0
sub-326,sub-326_negative_00083_z96_y0_x100.npy,sub-326_negative_00083_z96_y0_x100.npy,0,96,0,100,0
sub-326,sub-326_negative_00084_z48_y152_x232.npy,sub-326_negative_00084_z48_y152_x232.npy,0,48,152,232,0
sub-326,sub-326_negative_00085_z72_y128_x116.npy,sub-326_negative_00085_z72_y128_x116.npy,0,72,128,116,0
sub-326,sub-326_negative_00086_z72_y160_x16.npy,sub-326_negative_00086_z72_y160_x16.npy,0,72,160,16,0
sub-326,sub-326_negative_00087_z40_y48_x132.npy,sub-326_negative_00087_z40_y48_x132.npy,0,40,48,132,0
sub-326,sub-326_negative_00088_z32_y192_x204.npy,sub-326_negative_00088_z32_y192_x204.npy,0,32,192,204,0
sub-326,sub-326_negative_00089_z80_y0_x200.npy,sub-326_negative_00089_z80_y0_x200.npy,0,80,0,200,0
sub-326,sub-326_negative_00090_z0_y240_x172.npy,sub-326_negative_00090_z0_y240_x172.npy,0,0,240,172,0
sub-326,sub-326_negative_00091_z64_y64_x116.npy,sub-326_negative_00091_z64_y64_x116.npy,0,64,64,116,0
sub-326,sub-326_negative_00092_z64_y216_x4.npy,sub-326_negative_00092_z64_y216_x4.npy,0,64,216,4,0
sub-326,sub-326_negative_00093_z80_y176_x200.npy,sub-326_negative_00093_z80_y176_x200.npy,0,80,176,200,0
sub-326,sub-326_negative_00094_z8_y24_x116.npy,sub-326_negative_00094_z8_y24_x116.npy,0,8,24,116,0
sub-326,sub-326_negative_00095_z24_y144_x36.npy,sub-326_negative_00095_z24_y144_x36.npy,0,24,144,36,0
sub-326,sub-326_negative_00096_z8_y64_x28.npy,sub-326_negative_00096_z8_y64_x28.npy,0,8,64,28,0
sub-326,sub-326_negative_00097_z96_y144_x92.npy,sub-326_negative_00097_z96_y144_x92.npy,0,96,144,92,0
sub-326,sub-326_negative_00098_z72_y200_x228.npy,sub-326_negative_00098_z72_y200_x228.npy,0,72,200,228,0
sub-326,sub-326_negative_00099_z0_y136_x152.npy,sub-326_negative_00099_z0_y136_x152.npy,0,0,136,152,0
sub-326,sub-326_negative_00100_z88_y24_x200.npy,sub-326_negative_00100_z88_y24_x200.npy,0,88,24,200,0
sub-326,sub-326_negative_00101_z72_y16_x164.npy,sub-326_negative_00101_z72_y16_x164.npy,0,72,16,164,0
sub-326,sub-326_negative_00102_z40_y160_x36.npy,sub-326_negative_00102_z40_y160_x36.npy,0,40,160,36,0
sub-326,sub-326_negative_00103_z88_y32_x20.npy,sub-326_negative_00103_z88_y32_x20.npy,0,88,32,20,0
sub-326,sub-326_negative_00104_z16_y128_x52.npy,sub-326_negative_00104_z16_y128_x52.npy,0,16,128,52,0
sub-326,sub-326_negative_00105_z32_y176_x56.npy,sub-326_negative_00105_z32_y176_x56.npy,0,32,176,56,0
sub-326,sub-326_negative_00106_z0_y200_x156.npy,sub-326_negative_00106_z0_y200_x156.npy,0,0,200,156,0
sub-326,sub-326_negative_00107_z8_y48_x196.npy,sub-326_negative_00107_z8_y48_x196.npy,0,8,48,196,0
sub-326,sub-326_negative_00108_z48_y112_x200.npy,sub-326_negative_00108_z48_y112_x200.npy,0,48,112,200,0
sub-326,sub-326_negative_00109_z96_y152_x204.npy,sub-326_negative_00109_z96_y152_x204.npy,0,96,152,204,0
sub-326,sub-326_negative_00110_z40_y168_x0.npy,sub-326_negative_00110_z40_y168_x0.npy,0,40,168,0,0
sub-326,sub-326_negative_00111_z32_y8_x172.npy,sub-326_negative_00111_z32_y8_x172.npy,0,32,8,172,0
sub-326,sub-326_negative_00112_z80_y112_x72.npy,sub-326_negative_00112_z80_y112_x72.npy,0,80,112,72,0
sub-326,sub-326_negative_00113_z64_y40_x208.npy,sub-326_negative_00113_z64_y40_x208.npy,0,64,40,208,0
sub-326,sub-326_negative_00114_z64_y192_x160.npy,sub-326_negative_00114_z64_y192_x160.npy,0,64,192,160,0
sub-326,sub-326_negative_00115_z48_y16_x200.npy,sub-326_negative_00115_z48_y16_x200.npy,0,48,16,200,0
sub-326,sub-326_negative_00116_z80_y32_x32.npy,sub-326_negative_00116_z80_y32_x32.npy,0,80,32,32,0
sub-326,sub-326_negative_00117_z40_y80_x40.npy,sub-326_negative_00117_z40_y80_x40.npy,0,40,80,40,0
sub-326,sub-326_negative_00118_z32_y144_x100.npy,sub-326_negative_00118_z32_y144_x100.npy,0,32,144,100,0
sub-326,sub-326_negative_00119_z72_y160_x164.npy,sub-326_negative_00119_z72_y160_x164.npy,0,72,160,164,0
sub-326,sub-326_negative_00120_z8_y168_x60.npy,sub-326_negative_00120_z8_y168_x60.npy,0,8,168,60,0
sub-326,sub-326_negative_00121_z64_y224_x92.npy,sub-326_negative_00121_z64_y224_x92.npy,0,64,224,92,0
sub-326,sub-326_negative_00122_z32_y64_x200.npy,sub-326_negative_00122_z32_y64_x200.npy,0,32,64,200,0
sub-326,sub-326_negative_00123_z8_y32_x196.npy,sub-326_negative_00123_z8_y32_x196.npy,0,8,32,196,0
sub-326,sub-326_negative_00124_z56_y80_x12.npy,sub-326_negative_00124_z56_y80_x12.npy,0,56,80,12,0
sub-326,sub-326_negative_00125_z40_y200_x184.npy,sub-326_negative_00125_z40_y200_x184.npy,0,40,200,184,0
sub-326,sub-326_negative_00126_z80_y200_x108.npy,sub-326_negative_00126_z80_y200_x108.npy,0,80,200,108,0
sub-229,sub-229_positive_00000_z88_y72_x160.npy,sub-229_positive_00000_z88_y72_x160.npy,1,88,72,160,2
sub-229,sub-229_positive_00001_z88_y72_x164.npy,sub-229_positive_00001_z88_y72_x164.npy,1,88,72,164,2
sub-229,sub-229_positive_00002_z88_y80_x160.npy,sub-229_positive_00002_z88_y80_x160.npy,1,88,80,160,2
sub-229,sub-229_positive_00003_z88_y80_x164.npy,sub-229_positive_00003_z88_y80_x164.npy,1,88,80,164,2
sub-229,sub-229_positive_00004_z96_y72_x160.npy,sub-229_positive_00004_z96_y72_x160.npy,1,96,72,160,2
sub-229,sub-229_positive_00005_z96_y72_x164.npy,sub-229_positive_00005_z96_y72_x164.npy,1,96,72,164,2
sub-229,sub-229_positive_00006_z96_y80_x160.npy,sub-229_positive_00006_z96_y80_x160.npy,1,96,80,160,2
sub-229,sub-229_positive_00007_z96_y80_x164.npy,sub-229_positive_00007_z96_y80_x164.npy,1,96,80,164,2
sub-229,sub-229_negative_00008_z56_y200_x212.npy,sub-229_negative_00008_z56_y200_x212.npy,0,56,200,212,0
sub-229,sub-229_negative_00009_z128_y216_x116.npy,sub-229_negative_00009_z128_y216_x116.npy,0,128,216,116,0
sub-229,sub-229_negative_00010_z96_y8_x108.npy,sub-229_negative_00010_z96_y8_x108.npy,0,96,8,108,0
sub-229,sub-229_negative_00011_z64_y88_x148.npy,sub-229_negative_00011_z64_y88_x148.npy,0,64,88,148,0
sub-229,sub-229_negative_00012_z64_y16_x164.npy,sub-229_negative_00012_z64_y16_x164.npy,0,64,16,164,0
sub-229,sub-229_negative_00013_z104_y232_x172.npy,sub-229_negative_00013_z104_y232_x172.npy,0,104,232,172,0
sub-229,sub-229_negative_00014_z16_y184_x44.npy,sub-229_negative_00014_z16_y184_x44.npy,0,16,184,44,0
sub-229,sub-229_negative_00015_z40_y200_x176.npy,sub-229_negative_00015_z40_y200_x176.npy,0,40,200,176,0
sub-229,sub-229_negative_00016_z16_y232_x8.npy,sub-229_negative_00016_z16_y232_x8.npy,0,16,232,8,0
sub-229,sub-229_negative_00017_z96_y208_x112.npy,sub-229_negative_00017_z96_y208_x112.npy,0,96,208,112,0
sub-229,sub-229_negative_00018_z24_y64_x76.npy,sub-229_negative_00018_z24_y64_x76.npy,0,24,64,76,0
sub-229,sub-229_negative_00019_z64_y224_x88.npy,sub-229_negative_00019_z64_y224_x88.npy,0,64,224,88,0
sub-229,sub-229_negative_00020_z56_y184_x20.npy,sub-229_negative_00020_z56_y184_x20.npy,0,56,184,20,0
sub-229,sub-229_negative_00021_z112_y184_x80.npy,sub-229_negative_00021_z112_y184_x80.npy,0,112,184,80,0
sub-229,sub-229_negative_00022_z48_y152_x196.npy,sub-229_negative_00022_z48_y152_x196.npy,0,48,152,196,0
sub-229,sub-229_negative_00023_z96_y120_x136.npy,sub-229_negative_00023_z96_y120_x136.npy,0,96,120,136,0
sub-229,sub-229_negative_00024_z112_y232_x72.npy,sub-229_negative_00024_z112_y232_x72.npy,0,112,232,72,0
sub-229,sub-229_negative_00025_z24_y144_x112.npy,sub-229_negative_00025_z24_y144_x112.npy,0,24,144,112,0
sub-229,sub-229_negative_00026_z120_y224_x128.npy,sub-229_negative_00026_z120_y224_x128.npy,0,120,224,128,0
sub-229,sub-229_negative_00027_z136_y88_x216.npy,sub-229_negative_00027_z136_y88_x216.npy,0,136,88,216,0
sub-229,sub-229_negative_00028_z32_y16_x100.npy,sub-229_negative_00028_z32_y16_x100.npy,0,32,16,100,0
sub-229,sub-229_negative_00029_z128_y136_x140.npy,sub-229_negative_00029_z128_y136_x140.npy,0,128,136,140,0
sub-229,sub-229_negative_00030_z128_y8_x128.npy,sub-229_negative_00030_z128_y8_x128.npy,0,128,8,128,0
sub-229,sub-229_negative_00031_z16_y64_x240.npy,sub-229_negative_00031_z16_y64_x240.npy,0,16,64,240,0
sub-229,sub-229_negative_00032_z16_y208_x172.npy,sub-229_negative_00032_z16_y208_x172.npy,0,16,208,172,0
sub-229,sub-229_negative_00033_z120_y16_x88.npy,sub-229_negative_00033_z120_y16_x88.npy,0,120,16,88,0
sub-229,sub-229_negative_00034_z112_y72_x76.npy,sub-229_negative_00034_z112_y72_x76.npy,0,112,72,76,0
sub-229,sub-229_negative_00035_z24_y96_x48.npy,sub-229_negative_00035_z24_y96_x48.npy,0,24,96,48,0
sub-229,sub-229_negative_00036_z104_y152_x184.npy,sub-229_negative_00036_z104_y152_x184.npy,0,104,152,184,0
sub-229,sub-229_negative_00037_z16_y120_x108.npy,sub-229_negative_00037_z16_y120_x108.npy,0,16,120,108,0
sub-229,sub-229_negative_00038_z32_y72_x76.npy,sub-229_negative_00038_z32_y72_x76.npy,0,32,72,76,0
sub-229,sub-229_negative_00039_z72_y224_x192.npy,sub-229_negative_00039_z72_y224_x192.npy,0,72,224,192,0
sub-229,sub-229_negative_00040_z96_y144_x4.npy,sub-229_negative_00040_z96_y144_x4.npy,0,96,144,4,0
sub-229,sub-229_negative_00041_z72_y104_x112.npy,sub-229_negative_00041_z72_y104_x112.npy,0,72,104,112,0
sub-229,sub-229_negative_00042_z72_y184_x200.npy,sub-229_negative_00042_z72_y184_x200.npy,0,72,184,200,0
sub-229,sub-229_negative_00043_z40_y40_x156.npy,sub-229_negative_00043_z40_y40_x156.npy,0,40,40,156,0
sub-229,sub-229_negative_00044_z128_y64_x124.npy,sub-229_negative_00044_z128_y64_x124.npy,0,128,64,124,0
sub-229,sub-229_negative_00045_z112_y24_x100.npy,sub-229_negative_00045_z112_y24_x100.npy,0,112,24,100,0
sub-229,sub-229_negative_00046_z88_y128_x216.npy,sub-229_negative_00046_z88_y128_x216.npy,0,88,128,216,0
sub-229,sub-229_negative_00047_z104_y192_x128.npy,sub-229_negative_00047_z104_y192_x128.npy,0,104,192,128,0
sub-229,sub-229_negative_00048_z8_y152_x156.npy,sub-229_negative_00048_z8_y152_x156.npy,0,8,152,156,0
sub-229,sub-229_negative_00049_z120_y32_x104.npy,sub-229_negative_00049_z120_y32_x104.npy,0,120,32,104,0
sub-229,sub-229_negative_00050_z72_y192_x168.npy,sub-229_negative_00050_z72_y192_x168.npy,0,72,192,168,0
sub-229,sub-229_negative_00051_z48_y232_x36.npy,sub-229_negative_00051_z48_y232_x36.npy,0,48,232,36,0
sub-229,sub-229_negative_00052_z56_y224_x212.npy,sub-229_negative_00052_z56_y224_x212.npy,0,56,224,212,0
sub-229,sub-229_negative_00053_z64_y128_x152.npy,sub-229_negative_00053_z64_y128_x152.npy,0,64,128,152,0
sub-229,sub-229_negative_00054_z88_y72_x208.npy,sub-229_negative_00054_z88_y72_x208.npy,0,88,72,208,0
sub-229,sub-229_negative_00055_z8_y48_x148.npy,sub-229_negative_00055_z8_y48_x148.npy,0,8,48,148,0
sub-229,sub-229_negative_00056_z104_y152_x236.npy,sub-229_negative_00056_z104_y152_x236.npy,0,104,152,236,0
sub-229,sub-229_negative_00057_z136_y232_x152.npy,sub-229_negative_00057_z136_y232_x152.npy,0,136,232,152,0
sub-229,sub-229_negative_00058_z88_y176_x96.npy,sub-229_negative_00058_z88_y176_x96.npy,0,88,176,96,0
sub-229,sub-229_negative_00059_z128_y32_x220.npy,sub-229_negative_00059_z128_y32_x220.npy,0,128,32,220,0
sub-229,sub-229_negative_00060_z96_y64_x88.npy,sub-229_negative_00060_z96_y64_x88.npy,0,96,64,88,0
sub-229,sub-229_negative_00061_z48_y136_x172.npy,sub-229_negative_00061_z48_y136_x172.npy,0,48,136,172,0
sub-229,sub-229_negative_00062_z64_y0_x52.npy,sub-229_negative_00062_z64_y0_x52.npy,0,64,0,52,0
sub-229,sub-229_negative_00063_z64_y72_x176.npy,sub-229_negative_00063_z64_y72_x176.npy,0,64,72,176,0
sub-229,sub-229_negative_00064_z128_y152_x72.npy,sub-229_negative_00064_z128_y152_x72.npy,0,128,152,72,0
sub-229,sub-229_negative_00065_z72_y48_x88.npy,sub-229_negative_00065_z72_y48_x88.npy,0,72,48,88,0
sub-229,sub-229_negative_00066_z104_y48_x68.npy,sub-229_negative_00066_z104_y48_x68.npy,0,104,48,68,0
sub-229,sub-229_negative_00067_z104_y80_x232.npy,sub-229_negative_00067_z104_y80_x232.npy,0,104,80,232,0
sub-229,sub-229_negative_00068_z56_y48_x184.npy,sub-229_negative_00068_z56_y48_x184.npy,0,56,48,184,0
sub-229,sub-229_negative_00069_z48_y152_x172.npy,sub-229_negative_00069_z48_y152_x172.npy,0,48,152,172,0
sub-229,sub-229_negative_00070_z104_y208_x176.npy,sub-229_negative_00070_z104_y208_x176.npy,0,104,208,176,0
sub-229,sub-229_negative_00071_z8_y88_x40.npy,sub-229_negative_00071_z8_y88_x40.npy,0,8,88,40,0
sub-229,sub-229_negative_00072_z88_y104_x200.npy,sub-229_negative_00072_z88_y104_x200.npy,0,88,104,200,0
sub-229,sub-229_negative_00073_z96_y64_x120.npy,sub-229_negative_00073_z96_y64_x120.npy,0,96,64,120,0
sub-229,sub-229_negative_00074_z112_y208_x24.npy,sub-229_negative_00074_z112_y208_x24.npy,0,112,208,24,0
sub-229,sub-229_negative_00075_z8_y128_x64.npy,sub-229_negative_00075_z8_y128_x64.npy,0,8,128,64,0
sub-229,sub-229_negative_00076_z32_y232_x32.npy,sub-229_negative_00076_z32_y232_x32.npy,0,32,232,32,0
sub-229,sub-229_negative_00077_z8_y176_x112.npy,sub-229_negative_00077_z8_y176_x112.npy,0,8,176,112,0
sub-229,sub-229_negative_00078_z136_y104_x76.npy,sub-229_negative_00078_z136_y104_x76.npy,0,136,104,76,0
sub-229,sub-229_negative_00079_z104_y144_x164.npy,sub-229_negative_00079_z104_y144_x164.npy,0,104,144,164,0
sub-229,sub-229_negative_00080_z0_y184_x148.npy,sub-229_negative_00080_z0_y184_x148.npy,0,0,184,148,0
sub-229,sub-229_negative_00081_z120_y96_x80.npy,sub-229_negative_00081_z120_y96_x80.npy,0,120,96,80,0
sub-229,sub-229_negative_00082_z96_y136_x160.npy,sub-229_negative_00082_z96_y136_x160.npy,0,96,136,160,0
sub-229,sub-229_negative_00083_z56_y192_x216.npy,sub-229_negative_00083_z56_y192_x216.npy,0,56,192,216,0
sub-229,sub-229_negative_00084_z120_y96_x148.npy,sub-229_negative_00084_z120_y96_x148.npy,0,120,96,148,0
sub-229,sub-229_negative_00085_z24_y112_x224.npy,sub-229_negative_00085_z24_y112_x224.npy,0,24,112,224,0
sub-229,sub-229_negative_00086_z48_y128_x44.npy,sub-229_negative_00086_z48_y128_x44.npy,0,48,128,44,0
sub-229,sub-229_negative_00087_z8_y32_x92.npy,sub-229_negative_00087_z8_y32_x92.npy,0,8,32,92,0
sub-229,sub-229_negative_00088_z8_y160_x168.npy,sub-229_negative_00088_z8_y160_x168.npy,0,8,160,168,0
sub-229,sub-229_negative_00089_z64_y232_x116.npy,sub-229_negative_00089_z64_y232_x116.npy,0,64,232,116,0
sub-229,sub-229_negative_00090_z136_y120_x104.npy,sub-229_negative_00090_z136_y120_x104.npy,0,136,120,104,0
sub-229,sub-229_negative_00091_z56_y208_x60.npy,sub-229_negative_00091_z56_y208_x60.npy,0,56,208,60,0
sub-229,sub-229_negative_00092_z40_y144_x140.npy,sub-229_negative_00092_z40_y144_x140.npy,0,40,144,140,0
sub-229,sub-229_negative_00093_z112_y112_x120.npy,sub-229_negative_00093_z112_y112_x120.npy,0,112,112,120,0
sub-229,sub-229_negative_00094_z88_y80_x104.npy,sub-229_negative_00094_z88_y80_x104.npy,0,88,80,104,0
sub-229,sub-229_negative_00095_z96_y40_x116.npy,sub-229_negative_00095_z96_y40_x116.npy,0,96,40,116,0
sub-229,sub-229_negative_00096_z64_y104_x64.npy,sub-229_negative_00096_z64_y104_x64.npy,0,64,104,64,0
sub-229,sub-229_negative_00097_z112_y8_x24.npy,sub-229_negative_00097_z112_y8_x24.npy,0,112,8,24,0
sub-229,sub-229_negative_00098_z56_y88_x136.npy,sub-229_negative_00098_z56_y88_x136.npy,0,56,88,136,0
sub-229,sub-229_negative_00099_z48_y88_x16.npy,sub-229_negative_00099_z48_y88_x16.npy,0,48,88,16,0
sub-229,sub-229_negative_00100_z104_y88_x180.npy,sub-229_negative_00100_z104_y88_x180.npy,0,104,88,180,0
sub-229,sub-229_negative_00101_z16_y80_x20.npy,sub-229_negative_00101_z16_y80_x20.npy,0,16,80,20,0
sub-229,sub-229_negative_00102_z96_y80_x100.npy,sub-229_negative_00102_z96_y80_x100.npy,0,96,80,100,0
sub-229,sub-229_negative_00103_z40_y224_x32.npy,sub-229_negative_00103_z40_y224_x32.npy,0,40,224,32,0
sub-229,sub-229_negative_00104_z8_y144_x8.npy,sub-229_negative_00104_z8_y144_x8.npy,0,8,144,8,0
sub-229,sub-229_negative_00105_z80_y32_x136.npy,sub-229_negative_00105_z80_y32_x136.npy,0,80,32,136,0
sub-229,sub-229_negative_00106_z64_y16_x136.npy,sub-229_negative_00106_z64_y16_x136.npy,0,64,16,136,0
sub-229,sub-229_negative_00107_z112_y232_x108.npy,sub-229_negative_00107_z112_y232_x108.npy,0,112,232,108,0
sub-303,sub-303_positive_00000_z64_y176_x104.npy,sub-303_positive_00000_z64_y176_x104.npy,1,64,176,104,12
sub-303,sub-303_positive_00001_z64_y176_x108.npy,sub-303_positive_00001_z64_y176_x108.npy,1,64,176,108,12
sub-303,sub-303_positive_00002_z64_y184_x104.npy,sub-303_positive_00002_z64_y184_x104.npy,1,64,184,104,12
sub-303,sub-303_positive_00003_z64_y184_x108.npy,sub-303_positive_00003_z64_y184_x108.npy,1,64,184,108,12
sub-303,sub-303_positive_00004_z72_y176_x104.npy,sub-303_positive_00004_z72_y176_x104.npy,1,72,176,104,12
sub-303,sub-303_positive_00005_z72_y176_x108.npy,sub-303_positive_00005_z72_y176_x108.npy,1,72,176,108,12
sub-303,sub-303_positive_00006_z72_y184_x104.npy,sub-303_positive_00006_z72_y184_x104.npy,1,72,184,104,12
sub-303,sub-303_positive_00007_z72_y184_x108.npy,sub-303_positive_00007_z72_y184_x108.npy,1,72,184,108,12
sub-303,sub-303_negative_00008_z56_y104_x48.npy,sub-303_negative_00008_z56_y104_x48.npy,0,56,104,48,0
sub-303,sub-303_negative_00009_z120_y240_x64.npy,sub-303_negative_00009_z120_y240_x64.npy,0,120,240,64,0
sub-303,sub-303_negative_00010_z88_y88_x204.npy,sub-303_negative_00010_z88_y88_x204.npy,0,88,88,204,0
sub-303,sub-303_negative_00011_z56_y224_x140.npy,sub-303_negative_00011_z56_y224_x140.npy,0,56,224,140,0
sub-303,sub-303_negative_00012_z56_y152_x212.npy,sub-303_negative_00012_z56_y152_x212.npy,0,56,152,212,0
sub-303,sub-303_negative_00013_z104_y48_x152.npy,sub-303_negative_00013_z104_y48_x152.npy,0,104,48,152,0
sub-303,sub-303_negative_00014_z16_y152_x44.npy,sub-303_negative_00014_z16_y152_x44.npy,0,16,152,44,0
sub-303,sub-303_negative_00015_z40_y128_x124.npy,sub-303_negative_00015_z40_y128_x124.npy,0,40,128,124,0
sub-303,sub-303_negative_00016_z16_y192_x224.npy,sub-303_negative_00016_z16_y192_x224.npy,0,16,192,224,0
sub-303,sub-303_negative_00017_z96_y40_x44.npy,sub-303_negative_00017_z96_y40_x44.npy,0,96,40,44,0
sub-303,sub-303_negative_00018_z24_y16_x240.npy,sub-303_negative_00018_z24_y16_x240.npy,0,24,16,240,0
sub-303,sub-303_negative_00019_z64_y104_x228.npy,sub-303_negative_00019_z64_y104_x228.npy,0,64,104,228,0
sub-303,sub-303_negative_00020_z56_y80_x120.npy,sub-303_negative_00020_z56_y80_x120.npy,0,56,80,120,0
sub-303,sub-303_negative_00021_z104_y232_x168.npy,sub-303_negative_00021_z104_y232_x168.npy,0,104,232,168,0
sub-303,sub-303_negative_00022_z48_y64_x248.npy,sub-303_negative_00022_z48_y64_x248.npy,0,48,64,248,0
sub-303,sub-303_negative_00023_z88_y200_x132.npy,sub-303_negative_00023_z88_y200_x132.npy,0,88,200,132,0
sub-303,sub-303_negative_00024_z112_y32_x120.npy,sub-303_negative_00024_z112_y32_x120.npy,0,112,32,120,0
sub-303,sub-303_negative_00025_z24_y96_x216.npy,sub-303_negative_00025_z24_y96_x216.npy,0,24,96,216,0
sub-303,sub-303_negative_00026_z120_y16_x4.npy,sub-303_negative_00026_z120_y16_x4.npy,0,120,16,4,0
sub-303,sub-303_negative_00027_z128_y104_x80.npy,sub-303_negative_00027_z128_y104_x80.npy,0,128,104,80,0
sub-303,sub-303_negative_00028_z24_y208_x120.npy,sub-303_negative_00028_z24_y208_x120.npy,0,24,208,120,0
sub-303,sub-303_negative_00029_z120_y160_x152.npy,sub-303_negative_00029_z120_y160_x152.npy,0,120,160,152,0
sub-303,sub-303_negative_00030_z120_y32_x236.npy,sub-303_negative_00030_z120_y32_x236.npy,0,120,32,236,0
sub-303,sub-303_negative_00031_z16_y40_x80.npy,sub-303_negative_00031_z16_y40_x80.npy,0,16,40,80,0
sub-303,sub-303_negative_00032_z16_y176_x152.npy,sub-303_negative_00032_z16_y176_x152.npy,0,16,176,152,0
sub-303,sub-303_negative_00033_z112_y56_x120.npy,sub-303_negative_00033_z112_y56_x120.npy,0,112,56,120,0
sub-303,sub-303_negative_00034_z104_y120_x244.npy,sub-303_negative_00034_z104_y120_x244.npy,0,104,120,244,0
sub-303,sub-303_negative_00035_z24_y48_x184.npy,sub-303_negative_00035_z24_y48_x184.npy,0,24,48,184,0
sub-303,sub-303_negative_00036_z96_y216_x228.npy,sub-303_negative_00036_z96_y216_x228.npy,0,96,216,228,0
sub-303,sub-303_negative_00037_z16_y88_x156.npy,sub-303_negative_00037_z16_y88_x156.npy,0,16,88,156,0
sub-303,sub-303_negative_00038_z32_y16_x48.npy,sub-303_negative_00038_z32_y16_x48.npy,0,32,16,48,0
sub-303,sub-303_negative_00039_z72_y96_x168.npy,sub-303_negative_00039_z72_y96_x168.npy,0,72,96,168,0
sub-303,sub-303_negative_00040_z88_y216_x232.npy,sub-303_negative_00040_z88_y216_x232.npy,0,88,216,232,0
sub-303,sub-303_negative_00041_z64_y224_x176.npy,sub-303_negative_00041_z64_y224_x176.npy,0,64,224,176,0
sub-303,sub-303_negative_00042_z72_y56_x204.npy,sub-303_negative_00042_z72_y56_x204.npy,0,72,56,204,0
sub-303,sub-303_negative_00043_z32_y216_x224.npy,sub-303_negative_00043_z32_y216_x224.npy,0,32,216,224,0
sub-303,sub-303_negative_00044_z120_y88_x188.npy,sub-303_negative_00044_z120_y88_x188.npy,0,120,88,188,0
sub-303,sub-303_negative_00045_z104_y80_x56.npy,sub-303_negative_00045_z104_y80_x56.npy,0,104,80,56,0
sub-303,sub-303_negative_00046_z80_y224_x152.npy,sub-303_negative_00046_z80_y224_x152.npy,0,80,224,152,0
sub-303,sub-303_negative_00047_z104_y8_x136.npy,sub-303_negative_00047_z104_y8_x136.npy,0,104,8,136,0
sub-303,sub-303_negative_00048_z8_y136_x112.npy,sub-303_negative_00048_z8_y136_x112.npy,0,8,136,112,0
sub-303,sub-303_negative_00049_z112_y72_x124.npy,sub-303_negative_00049_z112_y72_x124.npy,0,112,72,124,0
sub-303,sub-303_negative_00050_z72_y64_x164.npy,sub-303_negative_00050_z72_y64_x164.npy,0,72,64,164,0
sub-303,sub-303_negative_00051_z48_y144_x28.npy,sub-303_negative_00051_z48_y144_x28.npy,0,48,144,28,0
sub-303,sub-303_negative_00052_z56_y128_x32.npy,sub-303_negative_00052_z56_y128_x32.npy,0,56,128,32,0
sub-303,sub-303_negative_00053_z64_y16_x112.npy,sub-303_negative_00053_z64_y16_x112.npy,0,64,16,112,0
sub-303,sub-303_negative_00054_z80_y168_x196.npy,sub-303_negative_00054_z80_y168_x196.npy,0,80,168,196,0
sub-303,sub-303_negative_00055_z8_y32_x180.npy,sub-303_negative_00055_z8_y32_x180.npy,0,8,32,180,0
sub-303,sub-303_negative_00056_z96_y224_x28.npy,sub-303_negative_00056_z96_y224_x28.npy,0,96,224,28,0
sub-303,sub-303_negative_00057_z24_y208_x116.npy,sub-303_negative_00057_z24_y208_x116.npy,0,24,208,116,0
sub-303,sub-303_negative_00058_z88_y16_x248.npy,sub-303_negative_00058_z88_y16_x248.npy,0,88,16,248,0
sub-303,sub-303_negative_00059_z120_y64_x56.npy,sub-303_negative_00059_z120_y64_x56.npy,0,120,64,56,0
sub-303,sub-303_negative_00060_z88_y144_x144.npy,sub-303_negative_00060_z88_y144_x144.npy,0,88,144,144,0
sub-303,sub-303_negative_00061_z48_y48_x240.npy,sub-303_negative_00061_z48_y48_x240.npy,0,48,48,240,0
sub-303,sub-303_negative_00062_z56_y136_x112.npy,sub-303_negative_00062_z56_y136_x112.npy,0,56,136,112,0
sub-303,sub-303_negative_00063_z56_y208_x176.npy,sub-303_negative_00063_z56_y208_x176.npy,0,56,208,176,0
sub-303,sub-303_negative_00064_z120_y176_x72.npy,sub-303_negative_00064_z120_y176_x72.npy,0,120,176,72,0
sub-303,sub-303_negative_00065_z64_y168_x180.npy,sub-303_negative_00065_z64_y168_x180.npy,0,64,168,180,0
sub-303,sub-303_negative_00066_z96_y112_x188.npy,sub-303_negative_00066_z96_y112_x188.npy,0,96,112,188,0
sub-303,sub-303_negative_00067_z96_y152_x76.npy,sub-303_negative_00067_z96_y152_x76.npy,0,96,152,76,0
sub-303,sub-303_negative_00068_z48_y200_x136.npy,sub-303_negative_00068_z48_y200_x136.npy,0,48,200,136,0
sub-303,sub-303_negative_00069_z48_y64_x224.npy,sub-303_negative_00069_z48_y64_x224.npy,0,48,64,224,0
sub-303,sub-303_negative_00070_z104_y24_x176.npy,sub-303_negative_00070_z104_y24_x176.npy,0,104,24,176,0
sub-303,sub-303_negative_00071_z8_y72_x44.npy,sub-303_negative_00071_z8_y72_x44.npy,0,8,72,44,0
sub-303,sub-303_negative_00072_z80_y200_x152.npy,sub-303_negative_00072_z80_y200_x152.npy,0,80,200,152,0
sub-303,sub-303_negative_00073_z88_y144_x172.npy,sub-303_negative_00073_z88_y144_x172.npy,0,88,144,172,0
sub-303,sub-303_negative_00074_z112_y8_x92.npy,sub-303_negative_00074_z112_y8_x92.npy,0,112,8,92,0
sub-303,sub-303_negative_00075_z8_y112_x36.npy,sub-303_negative_00075_z8_y112_x36.npy,0,8,112,36,0
sub-303,sub-303_negative_00076_z32_y168_x136.npy,sub-303_negative_00076_z32_y168_x136.npy,0,32,168,136,0
sub-303,sub-303_negative_00077_z8_y160_x48.npy,sub-303_negative_00077_z8_y160_x48.npy,0,8,160,48,0
sub-303,sub-303_negative_00078_z128_y112_x180.npy,sub-303_negative_00078_z128_y112_x180.npy,0,128,112,180,0
sub-303,sub-303_negative_00079_z96_y208_x212.npy,sub-303_negative_00079_z96_y208_x212.npy,0,96,208,212,0
sub-303,sub-303_negative_00080_z0_y184_x12.npy,sub-303_negative_00080_z0_y184_x12.npy,0,0,184,12,0
sub-303,sub-303_negative_00081_z112_y136_x52.npy,sub-303_negative_00081_z112_y136_x52.npy,0,112,136,52,0
sub-303,sub-303_negative_00082_z88_y216_x144.npy,sub-303_negative_00082_z88_y216_x144.npy,0,88,216,144,0
sub-303,sub-303_negative_00083_z56_y96_x60.npy,sub-303_negative_00083_z56_y96_x60.npy,0,56,96,60,0
sub-303,sub-303_negative_00084_z112_y136_x120.npy,sub-303_negative_00084_z112_y136_x120.npy,0,112,136,120,0
sub-303,sub-303_negative_00085_z24_y72_x100.npy,sub-303_negative_00085_z24_y72_x100.npy,0,24,72,100,0
sub-303,sub-303_negative_00086_z48_y40_x116.npy,sub-303_negative_00086_z48_y40_x116.npy,0,48,40,116,0
sub-303,sub-303_negative_00087_z8_y16_x140.npy,sub-303_negative_00087_z8_y16_x140.npy,0,8,16,140,0
sub-303,sub-303_negative_00088_z8_y144_x120.npy,sub-303_negative_00088_z8_y144_x120.npy,0,8,144,120,0
sub-303,sub-303_negative_00089_z64_y112_x248.npy,sub-303_negative_00089_z64_y112_x248.npy,0,64,112,248,0
sub-303,sub-303_negative_00090_z128_y128_x196.npy,sub-303_negative_00090_z128_y128_x196.npy,0,128,128,196,0
sub-303,sub-303_negative_00091_z56_y104_x140.npy,sub-303_negative_00091_z56_y104_x140.npy,0,56,104,140,0
sub-303,sub-303_negative_00092_z40_y72_x128.npy,sub-303_negative_00092_z40_y72_x128.npy,0,40,72,128,0
sub-303,sub-303_negative_00093_z104_y168_x8.npy,sub-303_negative_00093_z104_y168_x8.npy,0,104,168,8,0
sub-303,sub-303_negative_00094_z80_y176_x80.npy,sub-303_negative_00094_z80_y176_x80.npy,0,80,176,80,0
sub-303,sub-303_negative_00095_z88_y120_x188.npy,sub-303_negative_00095_z88_y120_x188.npy,0,88,120,188,0
sub-303,sub-303_negative_00096_z56_y240_x40.npy,sub-303_negative_00096_z56_y240_x40.npy,0,56,240,40,0
sub-303,sub-303_negative_00097_z104_y56_x244.npy,sub-303_negative_00097_z104_y56_x244.npy,0,104,56,244,0
sub-303,sub-303_negative_00098_z48_y240_x56.npy,sub-303_negative_00098_z48_y240_x56.npy,0,48,240,56,0
sub-303,sub-303_negative_00099_z48_y0_x116.npy,sub-303_negative_00099_z48_y0_x116.npy,0,48,0,116,0
sub-303,sub-303_negative_00100_z96_y160_x16.npy,sub-303_negative_00100_z96_y160_x16.npy,0,96,160,16,0
sub-303,sub-303_negative_00101_z16_y48_x100.npy,sub-303_negative_00101_z16_y48_x100.npy,0,16,48,100,0
sub-303,sub-303_negative_00102_z88_y160_x136.npy,sub-303_negative_00102_z88_y160_x136.npy,0,88,160,136,0
sub-303,sub-303_negative_00103_z40_y144_x212.npy,sub-303_negative_00103_z40_y144_x212.npy,0,40,144,212,0
sub-303,sub-303_negative_00104_z8_y120_x220.npy,sub-303_negative_00104_z8_y120_x220.npy,0,8,120,220,0
sub-303,sub-303_negative_00105_z72_y144_x72.npy,sub-303_negative_00105_z72_y144_x72.npy,0,72,144,72,0
sub-303,sub-303_negative_00106_z56_y152_x180.npy,sub-303_negative_00106_z56_y152_x180.npy,0,56,152,180,0
sub-303,sub-303_negative_00107_z112_y32_x156.npy,sub-303_negative_00107_z112_y32_x156.npy,0,112,32,156,0
sub-213,sub-213_positive_00000_z64_y64_x76.npy,sub-213_positive_00000_z64_y64_x76.npy,1,64,64,76,2
sub-213,sub-213_positive_00001_z64_y64_x80.npy,sub-213_positive_00001_z64_y64_x80.npy,1,64,64,80,2
sub-213,sub-213_positive_00002_z64_y72_x76.npy,sub-213_positive_00002_z64_y72_x76.npy,1,64,72,76,2
sub-213,sub-213_positive_00003_z64_y72_x80.npy,sub-213_positive_00003_z64_y72_x80.npy,1,64,72,80,2
sub-213,sub-213_positive_00004_z72_y64_x76.npy,sub-213_positive_00004_z72_y64_x76.npy,1,72,64,76,2
sub-213,sub-213_positive_00005_z72_y64_x80.npy,sub-213_positive_00005_z72_y64_x80.npy,1,72,64,80,2
sub-213,sub-213_positive_00006_z72_y72_x76.npy,sub-213_positive_00006_z72_y72_x76.npy,1,72,72,76,2
sub-213,sub-213_positive_00007_z72_y72_x80.npy,sub-213_positive_00007_z72_y72_x80.npy,1,72,72,80,2
sub-213,sub-213_negative_00008_z56_y200_x212.npy,sub-213_negative_00008_z56_y200_x212.npy,0,56,200,212,0
sub-213,sub-213_negative_00009_z128_y216_x116.npy,sub-213_negative_00009_z128_y216_x116.npy,0,128,216,116,0
sub-213,sub-213_negative_00010_z96_y8_x124.npy,sub-213_negative_00010_z96_y8_x124.npy,0,96,8,124,0
sub-213,sub-213_negative_00011_z64_y88_x164.npy,sub-213_negative_00011_z64_y88_x164.npy,0,64,88,164,0
sub-213,sub-213_negative_00012_z64_y16_x164.npy,sub-213_negative_00012_z64_y16_x164.npy,0,64,16,164,0
sub-213,sub-213_negative_00013_z104_y232_x172.npy,sub-213_negative_00013_z104_y232_x172.npy,0,104,232,172,0
sub-213,sub-213_negative_00014_z16_y184_x44.npy,sub-213_negative_00014_z16_y184_x44.npy,0,16,184,44,0
sub-213,sub-213_negative_00015_z40_y200_x176.npy,sub-213_negative_00015_z40_y200_x176.npy,0,40,200,176,0
sub-213,sub-213_negative_00016_z16_y232_x8.npy,sub-213_negative_00016_z16_y232_x8.npy,0,16,232,8,0
sub-213,sub-213_negative_00017_z96_y208_x112.npy,sub-213_negative_00017_z96_y208_x112.npy,0,96,208,112,0
sub-213,sub-213_negative_00018_z24_y64_x76.npy,sub-213_negative_00018_z24_y64_x76.npy,0,24,64,76,0
sub-213,sub-213_negative_00019_z64_y224_x104.npy,sub-213_negative_00019_z64_y224_x104.npy,0,64,224,104,0
sub-213,sub-213_negative_00020_z56_y184_x20.npy,sub-213_negative_00020_z56_y184_x20.npy,0,56,184,20,0
sub-213,sub-213_negative_00021_z112_y184_x80.npy,sub-213_negative_00021_z112_y184_x80.npy,0,112,184,80,0
sub-213,sub-213_negative_00022_z48_y152_x196.npy,sub-213_negative_00022_z48_y152_x196.npy,0,48,152,196,0
sub-213,sub-213_negative_00023_z96_y120_x136.npy,sub-213_negative_00023_z96_y120_x136.npy,0,96,120,136,0
sub-213,sub-213_negative_00024_z112_y232_x72.npy,sub-213_negative_00024_z112_y232_x72.npy,0,112,232,72,0
sub-213,sub-213_negative_00025_z24_y144_x112.npy,sub-213_negative_00025_z24_y144_x112.npy,0,24,144,112,0
sub-213,sub-213_negative_00026_z120_y224_x128.npy,sub-213_negative_00026_z120_y224_x128.npy,0,120,224,128,0
sub-213,sub-213_negative_00027_z136_y88_x216.npy,sub-213_negative_00027_z136_y88_x216.npy,0,136,88,216,0
sub-213,sub-213_negative_00028_z32_y16_x100.npy,sub-213_negative_00028_z32_y16_x100.npy,0,32,16,100,0
sub-213,sub-213_negative_00029_z128_y136_x140.npy,sub-213_negative_00029_z128_y136_x140.npy,0,128,136,140,0
sub-213,sub-213_negative_00030_z128_y8_x128.npy,sub-213_negative_00030_z128_y8_x128.npy,0,128,8,128,0
sub-213,sub-213_negative_00031_z16_y64_x240.npy,sub-213_negative_00031_z16_y64_x240.npy,0,16,64,240,0
sub-213,sub-213_negative_00032_z16_y208_x172.npy,sub-213_negative_00032_z16_y208_x172.npy,0,16,208,172,0
sub-213,sub-213_negative_00033_z120_y16_x88.npy,sub-213_negative_00033_z120_y16_x88.npy,0,120,16,88,0
sub-213,sub-213_negative_00034_z112_y72_x76.npy,sub-213_negative_00034_z112_y72_x76.npy,0,112,72,76,0
sub-213,sub-213_negative_00035_z24_y96_x48.npy,sub-213_negative_00035_z24_y96_x48.npy,0,24,96,48,0
sub-213,sub-213_negative_00036_z104_y152_x184.npy,sub-213_negative_00036_z104_y152_x184.npy,0,104,152,184,0
sub-213,sub-213_negative_00037_z16_y120_x108.npy,sub-213_negative_00037_z16_y120_x108.npy,0,16,120,108,0
sub-213,sub-213_negative_00038_z32_y72_x76.npy,sub-213_negative_00038_z32_y72_x76.npy,0,32,72,76,0
sub-213,sub-213_negative_00039_z72_y224_x224.npy,sub-213_negative_00039_z72_y224_x224.npy,0,72,224,224,0
sub-213,sub-213_negative_00040_z96_y144_x4.npy,sub-213_negative_00040_z96_y144_x4.npy,0,96,144,4,0
sub-213,sub-213_negative_00041_z72_y104_x144.npy,sub-213_negative_00041_z72_y104_x144.npy,0,72,104,144,0
sub-213,sub-213_negative_00042_z72_y184_x232.npy,sub-213_negative_00042_z72_y184_x232.npy,0,72,184,232,0
sub-213,sub-213_negative_00043_z40_y40_x156.npy,sub-213_negative_00043_z40_y40_x156.npy,0,40,40,156,0
sub-213,sub-213_negative_00044_z128_y64_x124.npy,sub-213_negative_00044_z128_y64_x124.npy,0,128,64,124,0
sub-213,sub-213_negative_00045_z112_y24_x100.npy,sub-213_negative_00045_z112_y24_x100.npy,0,112,24,100,0
sub-213,sub-213_negative_00046_z88_y128_x232.npy,sub-213_negative_00046_z88_y128_x232.npy,0,88,128,232,0
sub-213,sub-213_negative_00047_z104_y192_x128.npy,sub-213_negative_00047_z104_y192_x128.npy,0,104,192,128,0
sub-213,sub-213_negative_00048_z8_y152_x156.npy,sub-213_negative_00048_z8_y152_x156.npy,0,8,152,156,0
sub-213,sub-213_negative_00049_z120_y32_x104.npy,sub-213_negative_00049_z120_y32_x104.npy,0,120,32,104,0
sub-213,sub-213_negative_00050_z72_y192_x200.npy,sub-213_negative_00050_z72_y192_x200.npy,0,72,192,200,0
sub-213,sub-213_negative_00051_z48_y232_x36.npy,sub-213_negative_00051_z48_y232_x36.npy,0,48,232,36,0
sub-213,sub-213_negative_00052_z56_y224_x212.npy,sub-213_negative_00052_z56_y224_x212.npy,0,56,224,212,0
sub-213,sub-213_negative_00053_z64_y128_x168.npy,sub-213_negative_00053_z64_y128_x168.npy,0,64,128,168,0
sub-213,sub-213_negative_00054_z88_y72_x232.npy,sub-213_negative_00054_z88_y72_x232.npy,0,88,72,232,0
sub-213,sub-213_negative_00055_z8_y48_x148.npy,sub-213_negative_00055_z8_y48_x148.npy,0,8,48,148,0
sub-213,sub-213_negative_00056_z104_y152_x236.npy,sub-213_negative_00056_z104_y152_x236.npy,0,104,152,236,0
sub-213,sub-213_negative_00057_z136_y232_x152.npy,sub-213_negative_00057_z136_y232_x152.npy,0,136,232,152,0
sub-213,sub-213_negative_00058_z88_y176_x112.npy,sub-213_negative_00058_z88_y176_x112.npy,0,88,176,112,0
sub-213,sub-213_negative_00059_z128_y32_x220.npy,sub-213_negative_00059_z128_y32_x220.npy,0,128,32,220,0
sub-213,sub-213_negative_00060_z96_y64_x104.npy,sub-213_negative_00060_z96_y64_x104.npy,0,96,64,104,0
sub-213,sub-213_negative_00061_z48_y136_x172.npy,sub-213_negative_00061_z48_y136_x172.npy,0,48,136,172,0
sub-213,sub-213_negative_00062_z64_y0_x52.npy,sub-213_negative_00062_z64_y0_x52.npy,0,64,0,52,0
sub-213,sub-213_negative_00063_z64_y72_x192.npy,sub-213_negative_00063_z64_y72_x192.npy,0,64,72,192,0
sub-213,sub-213_negative_00064_z128_y152_x72.npy,sub-213_negative_00064_z128_y152_x72.npy,0,128,152,72,0
sub-213,sub-213_negative_00065_z72_y48_x104.npy,sub-213_negative_00065_z72_y48_x104.npy,0,72,48,104,0
sub-213,sub-213_negative_00066_z104_y48_x68.npy,sub-213_negative_00066_z104_y48_x68.npy,0,104,48,68,0
sub-213,sub-213_negative_00067_z104_y80_x232.npy,sub-213_negative_00067_z104_y80_x232.npy,0,104,80,232,0
sub-213,sub-213_negative_00068_z56_y48_x184.npy,sub-213_negative_00068_z56_y48_x184.npy,0,56,48,184,0
sub-213,sub-213_negative_00069_z48_y152_x172.npy,sub-213_negative_00069_z48_y152_x172.npy,0,48,152,172,0
sub-213,sub-213_negative_00070_z104_y208_x176.npy,sub-213_negative_00070_z104_y208_x176.npy,0,104,208,176,0
sub-213,sub-213_negative_00071_z8_y88_x40.npy,sub-213_negative_00071_z8_y88_x40.npy,0,8,88,40,0
sub-213,sub-213_negative_00072_z88_y104_x216.npy,sub-213_negative_00072_z88_y104_x216.npy,0,88,104,216,0
sub-213,sub-213_negative_00073_z96_y64_x136.npy,sub-213_negative_00073_z96_y64_x136.npy,0,96,64,136,0
sub-213,sub-213_negative_00074_z112_y208_x24.npy,sub-213_negative_00074_z112_y208_x24.npy,0,112,208,24,0
sub-213,sub-213_negative_00075_z8_y128_x64.npy,sub-213_negative_00075_z8_y128_x64.npy,0,8,128,64,0
sub-213,sub-213_negative_00076_z32_y232_x32.npy,sub-213_negative_00076_z32_y232_x32.npy,0,32,232,32,0
sub-213,sub-213_negative_00077_z8_y176_x112.npy,sub-213_negative_00077_z8_y176_x112.npy,0,8,176,112,0
sub-213,sub-213_negative_00078_z136_y104_x76.npy,sub-213_negative_00078_z136_y104_x76.npy,0,136,104,76,0
sub-213,sub-213_negative_00079_z104_y144_x164.npy,sub-213_negative_00079_z104_y144_x164.npy,0,104,144,164,0
sub-213,sub-213_negative_00080_z0_y184_x148.npy,sub-213_negative_00080_z0_y184_x148.npy,0,0,184,148,0
sub-213,sub-213_negative_00081_z120_y96_x80.npy,sub-213_negative_00081_z120_y96_x80.npy,0,120,96,80,0
sub-213,sub-213_negative_00082_z96_y136_x160.npy,sub-213_negative_00082_z96_y136_x160.npy,0,96,136,160,0
sub-213,sub-213_negative_00083_z56_y192_x216.npy,sub-213_negative_00083_z56_y192_x216.npy,0,56,192,216,0
sub-213,sub-213_negative_00084_z120_y96_x148.npy,sub-213_negative_00084_z120_y96_x148.npy,0,120,96,148,0
sub-213,sub-213_negative_00085_z24_y112_x224.npy,sub-213_negative_00085_z24_y112_x224.npy,0,24,112,224,0
sub-213,sub-213_negative_00086_z48_y128_x44.npy,sub-213_negative_00086_z48_y128_x44.npy,0,48,128,44,0
sub-213,sub-213_negative_00087_z8_y32_x92.npy,sub-213_negative_00087_z8_y32_x92.npy,0,8,32,92,0
sub-213,sub-213_negative_00088_z8_y160_x168.npy,sub-213_negative_00088_z8_y160_x168.npy,0,8,160,168,0
sub-213,sub-213_negative_00089_z64_y232_x132.npy,sub-213_negative_00089_z64_y232_x132.npy,0,64,232,132,0
sub-213,sub-213_negative_00090_z136_y120_x104.npy,sub-213_negative_00090_z136_y120_x104.npy,0,136,120,104,0
sub-213,sub-213_negative_00091_z56_y208_x60.npy,sub-213_negative_00091_z56_y208_x60.npy,0,56,208,60,0
sub-213,sub-213_negative_00092_z40_y144_x140.npy,sub-213_negative_00092_z40_y144_x140.npy,0,40,144,140,0
sub-213,sub-213_negative_00093_z112_y112_x120.npy,sub-213_negative_00093_z112_y112_x120.npy,0,112,112,120,0
sub-213,sub-213_negative_00094_z88_y80_x128.npy,sub-213_negative_00094_z88_y80_x128.npy,0,88,80,128,0
sub-213,sub-213_negative_00095_z96_y40_x132.npy,sub-213_negative_00095_z96_y40_x132.npy,0,96,40,132,0
sub-213,sub-213_negative_00096_z64_y104_x80.npy,sub-213_negative_00096_z64_y104_x80.npy,0,64,104,80,0
sub-213,sub-213_negative_00097_z112_y8_x24.npy,sub-213_negative_00097_z112_y8_x24.npy,0,112,8,24,0
sub-213,sub-213_negative_00098_z56_y88_x136.npy,sub-213_negative_00098_z56_y88_x136.npy,0,56,88,136,0
sub-213,sub-213_negative_00099_z48_y88_x16.npy,sub-213_negative_00099_z48_y88_x16.npy,0,48,88,16,0
sub-213,sub-213_negative_00100_z104_y88_x180.npy,sub-213_negative_00100_z104_y88_x180.npy,0,104,88,180,0
sub-213,sub-213_negative_00101_z16_y80_x20.npy,sub-213_negative_00101_z16_y80_x20.npy,0,16,80,20,0
sub-213,sub-213_negative_00102_z96_y80_x108.npy,sub-213_negative_00102_z96_y80_x108.npy,0,96,80,108,0
sub-213,sub-213_negative_00103_z40_y224_x32.npy,sub-213_negative_00103_z40_y224_x32.npy,0,40,224,32,0
sub-213,sub-213_negative_00104_z8_y144_x8.npy,sub-213_negative_00104_z8_y144_x8.npy,0,8,144,8,0
sub-213,sub-213_negative_00105_z80_y32_x168.npy,sub-213_negative_00105_z80_y32_x168.npy,0,80,32,168,0
sub-213,sub-213_negative_00106_z64_y16_x136.npy,sub-213_negative_00106_z64_y16_x136.npy,0,64,16,136,0
sub-213,sub-213_negative_00107_z112_y232_x108.npy,sub-213_negative_00107_z112_y232_x108.npy,0,112,232,108,0
sub-311,sub-311_positive_00000_z24_y120_x88.npy,sub-311_positive_00000_z24_y120_x88.npy,1,24,120,88,8
sub-311,sub-311_positive_00001_z24_y120_x92.npy,sub-311_positive_00001_z24_y120_x92.npy,1,24,120,92,24
sub-311,sub-311_positive_00002_z24_y120_x96.npy,sub-311_positive_00002_z24_y120_x96.npy,1,24,120,96,16
sub-311,sub-311_positive_00003_z24_y128_x88.npy,sub-311_positive_00003_z24_y128_x88.npy,1,24,128,88,8
sub-311,sub-311_positive_00004_z24_y128_x92.npy,sub-311_positive_00004_z24_y128_x92.npy,1,24,128,92,24
sub-311,sub-311_positive_00005_z24_y128_x96.npy,sub-311_positive_00005_z24_y128_x96.npy,1,24,128,96,16
sub-311,sub-311_positive_00006_z32_y120_x88.npy,sub-311_positive_00006_z32_y120_x88.npy,1,32,120,88,21
sub-311,sub-311_positive_00007_z32_y120_x92.npy,sub-311_positive_00007_z32_y120_x92.npy,1,32,120,92,87
sub-311,sub-311_positive_00008_z32_y120_x96.npy,sub-311_positive_00008_z32_y120_x96.npy,1,32,120,96,66
sub-311,sub-311_positive_00009_z32_y128_x88.npy,sub-311_positive_00009_z32_y128_x88.npy,1,32,128,88,21
sub-311,sub-311_positive_00010_z32_y128_x92.npy,sub-311_positive_00010_z32_y128_x92.npy,1,32,128,92,87
sub-311,sub-311_positive_00011_z32_y128_x96.npy,sub-311_positive_00011_z32_y128_x96.npy,1,32,128,96,66
sub-311,sub-311_positive_00012_z40_y120_x88.npy,sub-311_positive_00012_z40_y120_x88.npy,1,40,120,88,13
sub-311,sub-311_positive_00013_z40_y120_x92.npy,sub-311_positive_00013_z40_y120_x92.npy,1,40,120,92,63
sub-311,sub-311_positive_00014_z40_y120_x96.npy,sub-311_positive_00014_z40_y120_x96.npy,1,40,120,96,50
sub-311,sub-311_positive_00015_z40_y128_x88.npy,sub-311_positive_00015_z40_y128_x88.npy,1,40,128,88,13
sub-311,sub-311_positive_00016_z40_y128_x92.npy,sub-311_positive_00016_z40_y128_x92.npy,1,40,128,92,63
sub-311,sub-311_positive_00017_z40_y128_x96.npy,sub-311_positive_00017_z40_y128_x96.npy,1,40,128,96,50
sub-311,sub-311_negative_00018_z40_y168_x52.npy,sub-311_negative_00018_z40_y168_x52.npy,0,40,168,52,0
sub-311,sub-311_negative_00019_z96_y48_x168.npy,sub-311_negative_00019_z96_y48_x168.npy,0,96,48,168,0
sub-311,sub-311_negative_00020_z64_y168_x204.npy,sub-311_negative_00020_z64_y168_x204.npy,0,64,168,204,0
sub-311,sub-311_negative_00021_z48_y8_x224.npy,sub-311_negative_00021_z48_y8_x224.npy,0,48,8,224,0
sub-311,sub-311_negative_00022_z40_y208_x48.npy,sub-311_negative_00022_z40_y208_x48.npy,0,40,208,48,0
sub-311,sub-311_negative_00023_z80_y24_x32.npy,sub-311_negative_00023_z80_y24_x32.npy,0,80,24,32,0
sub-311,sub-311_negative_00024_z16_y0_x4.npy,sub-311_negative_00024_z16_y0_x4.npy,0,16,0,4,0
sub-311,sub-311_negative_00025_z32_y56_x32.npy,sub-311_negative_00025_z32_y56_x32.npy,0,32,56,32,0
sub-311,sub-311_negative_00026_z16_y32_x96.npy,sub-311_negative_00026_z16_y32_x96.npy,0,16,32,96,0
sub-311,sub-311_negative_00027_z72_y72_x64.npy,sub-311_negative_00027_z72_y72_x64.npy,0,72,72,64,0
sub-311,sub-311_negative_00028_z16_y88_x72.npy,sub-311_negative_00028_z16_y88_x72.npy,0,16,88,72,0
sub-311,sub-311_negative_00029_z48_y112_x100.npy,sub-311_negative_00029_z48_y112_x100.npy,0,48,112,100,0
sub-311,sub-311_negative_00030_z40_y152_x0.npy,sub-311_negative_00030_z40_y152_x0.npy,0,40,152,0,0
sub-311,sub-311_negative_00031_z80_y160_x172.npy,sub-311_negative_00031_z80_y160_x172.npy,0,80,160,172,0
sub-311,sub-311_negative_00032_z32_y200_x48.npy,sub-311_negative_00032_z32_y200_x48.npy,0,32,200,48,0
sub-311,sub-311_negative_00033_z72_y8_x24.npy,sub-311_negative_00033_z72_y8_x24.npy,0,72,8,24,0
sub-311,sub-311_negative_00034_z80_y200_x76.npy,sub-311_negative_00034_z80_y200_x76.npy,0,80,200,76,0
sub-311,sub-311_negative_00035_z16_y144_x212.npy,sub-311_negative_00035_z16_y144_x212.npy,0,16,144,212,0
sub-311,sub-311_negative_00036_z88_y120_x232.npy,sub-311_negative_00036_z88_y120_x232.npy,0,88,120,232,0
sub-311,sub-311_negative_00037_z96_y136_x88.npy,sub-311_negative_00037_z96_y136_x88.npy,0,96,136,88,0
sub-311,sub-311_negative_00038_z16_y232_x64.npy,sub-311_negative_00038_z16_y232_x64.npy,0,16,232,64,0
sub-311,sub-311_negative_00039_z88_y240_x56.npy,sub-311_negative_00039_z88_y240_x56.npy,0,88,240,56,0
sub-311,sub-311_negative_00040_z88_y144_x52.npy,sub-311_negative_00040_z88_y144_x52.npy,0,88,144,52,0
sub-311,sub-311_negative_00041_z8_y160_x104.npy,sub-311_negative_00041_z8_y160_x104.npy,0,8,160,104,0
sub-311,sub-311_negative_00042_z16_y16_x168.npy,sub-311_negative_00042_z16_y16_x168.npy,0,16,16,168,0
sub-311,sub-311_negative_00043_z80_y216_x96.npy,sub-311_negative_00043_z80_y216_x96.npy,0,80,216,96,0
sub-311,sub-311_negative_00044_z80_y80_x88.npy,sub-311_negative_00044_z80_y80_x88.npy,0,80,80,88,0
sub-311,sub-311_negative_00045_z16_y112_x52.npy,sub-311_negative_00045_z16_y112_x52.npy,0,16,112,52,0
sub-311,sub-311_negative_00046_z72_y208_x180.npy,sub-311_negative_00046_z72_y208_x180.npy,0,72,208,180,0
sub-311,sub-311_negative_00047_z8_y200_x68.npy,sub-311_negative_00047_z8_y200_x68.npy,0,8,200,68,0
sub-311,sub-311_negative_00048_z24_y24_x116.npy,sub-311_negative_00048_z24_y24_x116.npy,0,24,24,116,0
sub-311,sub-311_negative_00049_z56_y48_x8.npy,sub-311_negative_00049_z56_y48_x8.npy,0,56,48,8,0
sub-311,sub-311_negative_00050_z72_y24_x32.npy,sub-311_negative_00050_z72_y24_x32.npy,0,72,24,32,0
sub-311,sub-311_negative_00051_z48_y200_x140.npy,sub-311_negative_00051_z48_y200_x140.npy,0,48,200,140,0
sub-311,sub-311_negative_00052_z56_y16_x80.npy,sub-311_negative_00052_z56_y16_x80.npy,0,56,16,80,0
sub-311,sub-311_negative_00053_z24_y184_x48.npy,sub-311_negative_00053_z24_y184_x48.npy,0,24,184,48,0
sub-311,sub-311_negative_00054_z88_y184_x120.npy,sub-311_negative_00054_z88_y184_x120.npy,0,88,184,120,0
sub-311,sub-311_negative_00055_z80_y40_x200.npy,sub-311_negative_00055_z80_y40_x200.npy,0,80,40,200,0
sub-311,sub-311_negative_00056_z64_y80_x204.npy,sub-311_negative_00056_z64_y80_x204.npy,0,64,80,204,0
sub-311,sub-311_negative_00057_z72_y240_x92.npy,sub-311_negative_00057_z72_y240_x92.npy,0,72,240,92,0
sub-311,sub-311_negative_00058_z8_y48_x0.npy,sub-311_negative_00058_z8_y48_x0.npy,0,8,48,0,0
sub-311,sub-311_negative_00059_z80_y232_x36.npy,sub-311_negative_00059_z80_y232_x36.npy,0,80,232,36,0
sub-311,sub-311_negative_00060_z56_y24_x4.npy,sub-311_negative_00060_z56_y24_x4.npy,0,56,24,4,0
sub-311,sub-311_negative_00061_z40_y8_x48.npy,sub-311_negative_00061_z40_y8_x48.npy,0,40,8,48,0
sub-311,sub-311_negative_00062_z40_y184_x88.npy,sub-311_negative_00062_z40_y184_x88.npy,0,40,184,88,0
sub-311,sub-311_negative_00063_z48_y40_x168.npy,sub-311_negative_00063_z48_y40_x168.npy,0,48,40,168,0
sub-311,sub-311_negative_00064_z64_y40_x188.npy,sub-311_negative_00064_z64_y40_x188.npy,0,64,40,188,0
sub-311,sub-311_negative_00065_z0_y216_x72.npy,sub-311_negative_00065_z0_y216_x72.npy,0,0,216,72,0
sub-311,sub-311_negative_00066_z72_y208_x192.npy,sub-311_negative_00066_z72_y208_x192.npy,0,72,208,192,0
sub-311,sub-311_negative_00067_z16_y232_x72.npy,sub-311_negative_00067_z16_y232_x72.npy,0,16,232,72,0
sub-311,sub-311_negative_00068_z64_y112_x220.npy,sub-311_negative_00068_z64_y112_x220.npy,0,64,112,220,0
sub-311,sub-311_negative_00069_z88_y160_x220.npy,sub-311_negative_00069_z88_y160_x220.npy,0,88,160,220,0
sub-311,sub-311_negative_00070_z64_y208_x232.npy,sub-311_negative_00070_z64_y208_x232.npy,0,64,208,232,0
sub-311,sub-311_negative_00071_z32_y184_x156.npy,sub-311_negative_00071_z32_y184_x156.npy,0,32,184,156,0
sub-311,sub-311_negative_00072_z40_y192_x96.npy,sub-311_negative_00072_z40_y192_x96.npy,0,40,192,96,0
sub-311,sub-311_negative_00073_z48_y0_x128.npy,sub-311_negative_00073_z48_y0_x128.npy,0,48,0,128,0
sub-311,sub-311_negative_00074_z96_y0_x96.npy,sub-311_negative_00074_z96_y0_x96.npy,0,96,0,96,0
sub-311,sub-311_negative_00075_z48_y160_x72.npy,sub-311_negative_00075_z48_y160_x72.npy,0,48,160,72,0
sub-311,sub-311_negative_00076_z72_y128_x140.npy,sub-311_negative_00076_z72_y128_x140.npy,0,72,128,140,0
sub-311,sub-311_negative_00077_z72_y160_x40.npy,sub-311_negative_00077_z72_y160_x40.npy,0,72,160,40,0
sub-311,sub-311_negative_00078_z40_y48_x196.npy,sub-311_negative_00078_z40_y48_x196.npy,0,40,48,196,0
sub-311,sub-311_negative_00079_z32_y200_x12.npy,sub-311_negative_00079_z32_y200_x12.npy,0,32,200,12,0
sub-311,sub-311_negative_00080_z80_y0_x192.npy,sub-311_negative_00080_z80_y0_x192.npy,0,80,0,192,0
sub-311,sub-311_negative_00081_z0_y240_x176.npy,sub-311_negative_00081_z0_y240_x176.npy,0,0,240,176,0
sub-311,sub-311_negative_00082_z64_y64_x176.npy,sub-311_negative_00082_z64_y64_x176.npy,0,64,64,176,0
sub-311,sub-311_negative_00083_z64_y216_x28.npy,sub-311_negative_00083_z64_y216_x28.npy,0,64,216,28,0
sub-311,sub-311_negative_00084_z80_y176_x192.npy,sub-311_negative_00084_z80_y176_x192.npy,0,80,176,192,0
sub-311,sub-311_negative_00085_z8_y24_x120.npy,sub-311_negative_00085_z8_y24_x120.npy,0,8,24,120,0
sub-311,sub-311_negative_00086_z24_y144_x68.npy,sub-311_negative_00086_z24_y144_x68.npy,0,24,144,68,0
sub-311,sub-311_negative_00087_z8_y64_x32.npy,sub-311_negative_00087_z8_y64_x32.npy,0,8,64,32,0
sub-311,sub-311_negative_00088_z96_y144_x92.npy,sub-311_negative_00088_z96_y144_x92.npy,0,96,144,92,0
sub-311,sub-311_negative_00089_z72_y200_x220.npy,sub-311_negative_00089_z72_y200_x220.npy,0,72,200,220,0
sub-311,sub-311_negative_00090_z0_y136_x152.npy,sub-311_negative_00090_z0_y136_x152.npy,0,0,136,152,0
sub-311,sub-311_negative_00091_z88_y24_x192.npy,sub-311_negative_00091_z88_y24_x192.npy,0,88,24,192,0
sub-311,sub-311_negative_00092_z72_y16_x192.npy,sub-311_negative_00092_z72_y16_x192.npy,0,72,16,192,0
sub-311,sub-311_negative_00093_z40_y160_x120.npy,sub-311_negative_00093_z40_y160_x120.npy,0,40,160,120,0
sub-311,sub-311_negative_00094_z88_y32_x16.npy,sub-311_negative_00094_z88_y32_x16.npy,0,88,32,16,0
sub-311,sub-311_negative_00095_z16_y128_x56.npy,sub-311_negative_00095_z16_y128_x56.npy,0,16,128,56,0
sub-311,sub-311_negative_00096_z32_y176_x116.npy,sub-311_negative_00096_z32_y176_x116.npy,0,32,176,116,0
sub-311,sub-311_negative_00097_z0_y200_x160.npy,sub-311_negative_00097_z0_y200_x160.npy,0,0,200,160,0
sub-311,sub-311_negative_00098_z8_y48_x196.npy,sub-311_negative_00098_z8_y48_x196.npy,0,8,48,196,0
sub-311,sub-311_negative_00099_z48_y120_x36.npy,sub-311_negative_00099_z48_y120_x36.npy,0,48,120,36,0
sub-311,sub-311_negative_00100_z96_y152_x204.npy,sub-311_negative_00100_z96_y152_x204.npy,0,96,152,204,0
sub-311,sub-311_negative_00101_z40_y168_x88.npy,sub-311_negative_00101_z40_y168_x88.npy,0,40,168,88,0
sub-311,sub-311_negative_00102_z32_y8_x208.npy,sub-311_negative_00102_z32_y8_x208.npy,0,32,8,208,0
sub-311,sub-311_negative_00103_z80_y112_x68.npy,sub-311_negative_00103_z80_y112_x68.npy,0,80,112,68,0
sub-311,sub-311_negative_00104_z64_y48_x16.npy,sub-311_negative_00104_z64_y48_x16.npy,0,64,48,16,0
sub-311,sub-311_negative_00105_z64_y192_x184.npy,sub-311_negative_00105_z64_y192_x184.npy,0,64,192,184,0
sub-311,sub-311_negative_00106_z48_y24_x40.npy,sub-311_negative_00106_z48_y24_x40.npy,0,48,24,40,0
sub-311,sub-311_negative_00107_z80_y32_x24.npy,sub-311_negative_00107_z80_y32_x24.npy,0,80,32,24,0
sub-311,sub-311_negative_00108_z40_y80_x104.npy,sub-311_negative_00108_z40_y80_x104.npy,0,40,80,104,0
sub-311,sub-311_negative_00109_z32_y144_x160.npy,sub-311_negative_00109_z32_y144_x160.npy,0,32,144,160,0
sub-311,sub-311_negative_00110_z72_y160_x192.npy,sub-311_negative_00110_z72_y160_x192.npy,0,72,160,192,0
sub-311,sub-311_negative_00111_z8_y168_x64.npy,sub-311_negative_00111_z8_y168_x64.npy,0,8,168,64,0
sub-311,sub-311_negative_00112_z64_y224_x116.npy,sub-311_negative_00112_z64_y224_x116.npy,0,64,224,116,0
sub-311,sub-311_negative_00113_z32_y64_x236.npy,sub-311_negative_00113_z32_y64_x236.npy,0,32,64,236,0
sub-311,sub-311_negative_00114_z8_y32_x200.npy,sub-311_negative_00114_z8_y32_x200.npy,0,8,32,200,0
sub-311,sub-311_negative_00115_z56_y80_x108.npy,sub-311_negative_00115_z56_y80_x108.npy,0,56,80,108,0
sub-311,sub-311_negative_00116_z40_y208_x20.npy,sub-311_negative_00116_z40_y208_x20.npy,0,40,208,20,0
sub-311,sub-311_negative_00117_z80_y200_x100.npy,sub-311_negative_00117_z80_y200_x100.npy,0,80,200,100,0
sub-215,sub-215_positive_00000_z64_y96_x128.npy,sub-215_positive_00000_z64_y96_x128.npy,1,64,96,128,5
sub-215,sub-215_positive_00001_z64_y96_x132.npy,sub-215_positive_00001_z64_y96_x132.npy,1,64,96,132,5
sub-215,sub-215_positive_00002_z64_y104_x128.npy,sub-215_positive_00002_z64_y104_x128.npy,1,64,104,128,5
sub-215,sub-215_positive_00003_z64_y104_x132.npy,sub-215_positive_00003_z64_y104_x132.npy,1,64,104,132,5
sub-215,sub-215_positive_00004_z72_y96_x128.npy,sub-215_positive_00004_z72_y96_x128.npy,1,72,96,128,5
sub-215,sub-215_positive_00005_z72_y96_x132.npy,sub-215_positive_00005_z72_y96_x132.npy,1,72,96,132,5
sub-215,sub-215_positive_00006_z72_y104_x128.npy,sub-215_positive_00006_z72_y104_x128.npy,1,72,104,128,5
sub-215,sub-215_positive_00007_z72_y104_x132.npy,sub-215_positive_00007_z72_y104_x132.npy,1,72,104,132,5
sub-215,sub-215_negative_00008_z56_y200_x212.npy,sub-215_negative_00008_z56_y200_x212.npy,0,56,200,212,0
sub-215,sub-215_negative_00009_z128_y216_x116.npy,sub-215_negative_00009_z128_y216_x116.npy,0,128,216,116,0
sub-215,sub-215_negative_00010_z96_y8_x124.npy,sub-215_negative_00010_z96_y8_x124.npy,0,96,8,124,0
sub-215,sub-215_negative_00011_z64_y88_x148.npy,sub-215_negative_00011_z64_y88_x148.npy,0,64,88,148,0
sub-215,sub-215_negative_00012_z64_y16_x164.npy,sub-215_negative_00012_z64_y16_x164.npy,0,64,16,164,0
sub-215,sub-215_negative_00013_z104_y232_x172.npy,sub-215_negative_00013_z104_y232_x172.npy,0,104,232,172,0
sub-215,sub-215_negative_00014_z16_y184_x44.npy,sub-215_negative_00014_z16_y184_x44.npy,0,16,184,44,0
sub-215,sub-215_negative_00015_z40_y200_x176.npy,sub-215_negative_00015_z40_y200_x176.npy,0,40,200,176,0
sub-215,sub-215_negative_00016_z16_y232_x8.npy,sub-215_negative_00016_z16_y232_x8.npy,0,16,232,8,0
sub-215,sub-215_negative_00017_z96_y208_x112.npy,sub-215_negative_00017_z96_y208_x112.npy,0,96,208,112,0
sub-215,sub-215_negative_00018_z24_y64_x76.npy,sub-215_negative_00018_z24_y64_x76.npy,0,24,64,76,0
sub-215,sub-215_negative_00019_z64_y224_x104.npy,sub-215_negative_00019_z64_y224_x104.npy,0,64,224,104,0
sub-215,sub-215_negative_00020_z56_y184_x20.npy,sub-215_negative_00020_z56_y184_x20.npy,0,56,184,20,0
sub-215,sub-215_negative_00021_z112_y184_x80.npy,sub-215_negative_00021_z112_y184_x80.npy,0,112,184,80,0
sub-215,sub-215_negative_00022_z48_y152_x196.npy,sub-215_negative_00022_z48_y152_x196.npy,0,48,152,196,0
sub-215,sub-215_negative_00023_z96_y120_x136.npy,sub-215_negative_00023_z96_y120_x136.npy,0,96,120,136,0
sub-215,sub-215_negative_00024_z112_y232_x72.npy,sub-215_negative_00024_z112_y232_x72.npy,0,112,232,72,0
sub-215,sub-215_negative_00025_z24_y144_x112.npy,sub-215_negative_00025_z24_y144_x112.npy,0,24,144,112,0
sub-215,sub-215_negative_00026_z120_y224_x128.npy,sub-215_negative_00026_z120_y224_x128.npy,0,120,224,128,0
sub-215,sub-215_negative_00027_z136_y88_x216.npy,sub-215_negative_00027_z136_y88_x216.npy,0,136,88,216,0
sub-215,sub-215_negative_00028_z32_y16_x100.npy,sub-215_negative_00028_z32_y16_x100.npy,0,32,16,100,0
sub-215,sub-215_negative_00029_z128_y136_x140.npy,sub-215_negative_00029_z128_y136_x140.npy,0,128,136,140,0
sub-215,sub-215_negative_00030_z128_y8_x128.npy,sub-215_negative_00030_z128_y8_x128.npy,0,128,8,128,0
sub-215,sub-215_negative_00031_z16_y64_x240.npy,sub-215_negative_00031_z16_y64_x240.npy,0,16,64,240,0
sub-215,sub-215_negative_00032_z16_y208_x172.npy,sub-215_negative_00032_z16_y208_x172.npy,0,16,208,172,0
sub-215,sub-215_negative_00033_z120_y16_x88.npy,sub-215_negative_00033_z120_y16_x88.npy,0,120,16,88,0
sub-215,sub-215_negative_00034_z112_y72_x76.npy,sub-215_negative_00034_z112_y72_x76.npy,0,112,72,76,0
sub-215,sub-215_negative_00035_z24_y96_x48.npy,sub-215_negative_00035_z24_y96_x48.npy,0,24,96,48,0
sub-215,sub-215_negative_00036_z104_y152_x184.npy,sub-215_negative_00036_z104_y152_x184.npy,0,104,152,184,0
sub-215,sub-215_negative_00037_z16_y120_x108.npy,sub-215_negative_00037_z16_y120_x108.npy,0,16,120,108,0
sub-215,sub-215_negative_00038_z32_y72_x76.npy,sub-215_negative_00038_z32_y72_x76.npy,0,32,72,76,0
sub-215,sub-215_negative_00039_z72_y224_x224.npy,sub-215_negative_00039_z72_y224_x224.npy,0,72,224,224,0
sub-215,sub-215_negative_00040_z96_y144_x4.npy,sub-215_negative_00040_z96_y144_x4.npy,0,96,144,4,0
sub-215,sub-215_negative_00041_z72_y104_x144.npy,sub-215_negative_00041_z72_y104_x144.npy,0,72,104,144,0
sub-215,sub-215_negative_00042_z72_y184_x232.npy,sub-215_negative_00042_z72_y184_x232.npy,0,72,184,232,0
sub-215,sub-215_negative_00043_z40_y40_x156.npy,sub-215_negative_00043_z40_y40_x156.npy,0,40,40,156,0
sub-215,sub-215_negative_00044_z128_y64_x124.npy,sub-215_negative_00044_z128_y64_x124.npy,0,128,64,124,0
sub-215,sub-215_negative_00045_z112_y24_x100.npy,sub-215_negative_00045_z112_y24_x100.npy,0,112,24,100,0
sub-215,sub-215_negative_00046_z88_y128_x232.npy,sub-215_negative_00046_z88_y128_x232.npy,0,88,128,232,0
sub-215,sub-215_negative_00047_z104_y192_x128.npy,sub-215_negative_00047_z104_y192_x128.npy,0,104,192,128,0
sub-215,sub-215_negative_00048_z8_y152_x156.npy,sub-215_negative_00048_z8_y152_x156.npy,0,8,152,156,0
sub-215,sub-215_negative_00049_z120_y32_x104.npy,sub-215_negative_00049_z120_y32_x104.npy,0,120,32,104,0
sub-215,sub-215_negative_00050_z72_y192_x200.npy,sub-215_negative_00050_z72_y192_x200.npy,0,72,192,200,0
sub-215,sub-215_negative_00051_z48_y232_x36.npy,sub-215_negative_00051_z48_y232_x36.npy,0,48,232,36,0
sub-215,sub-215_negative_00052_z56_y224_x212.npy,sub-215_negative_00052_z56_y224_x212.npy,0,56,224,212,0
sub-215,sub-215_negative_00053_z64_y128_x168.npy,sub-215_negative_00053_z64_y128_x168.npy,0,64,128,168,0
sub-215,sub-215_negative_00054_z88_y72_x232.npy,sub-215_negative_00054_z88_y72_x232.npy,0,88,72,232,0
sub-215,sub-215_negative_00055_z8_y48_x148.npy,sub-215_negative_00055_z8_y48_x148.npy,0,8,48,148,0
sub-215,sub-215_negative_00056_z104_y152_x236.npy,sub-215_negative_00056_z104_y152_x236.npy,0,104,152,236,0
sub-215,sub-215_negative_00057_z136_y232_x152.npy,sub-215_negative_00057_z136_y232_x152.npy,0,136,232,152,0
sub-215,sub-215_negative_00058_z88_y176_x112.npy,sub-215_negative_00058_z88_y176_x112.npy,0,88,176,112,0
sub-215,sub-215_negative_00059_z128_y32_x220.npy,sub-215_negative_00059_z128_y32_x220.npy,0,128,32,220,0
sub-215,sub-215_negative_00060_z96_y64_x104.npy,sub-215_negative_00060_z96_y64_x104.npy,0,96,64,104,0
sub-215,sub-215_negative_00061_z48_y136_x172.npy,sub-215_negative_00061_z48_y136_x172.npy,0,48,136,172,0
sub-215,sub-215_negative_00062_z64_y0_x52.npy,sub-215_negative_00062_z64_y0_x52.npy,0,64,0,52,0
sub-215,sub-215_negative_00063_z64_y72_x176.npy,sub-215_negative_00063_z64_y72_x176.npy,0,64,72,176,0
sub-215,sub-215_negative_00064_z128_y152_x72.npy,sub-215_negative_00064_z128_y152_x72.npy,0,128,152,72,0
sub-215,sub-215_negative_00065_z72_y48_x104.npy,sub-215_negative_00065_z72_y48_x104.npy,0,72,48,104,0
sub-215,sub-215_negative_00066_z104_y48_x68.npy,sub-215_negative_00066_z104_y48_x68.npy,0,104,48,68,0
sub-215,sub-215_negative_00067_z104_y80_x232.npy,sub-215_negative_00067_z104_y80_x232.npy,0,104,80,232,0
sub-215,sub-215_negative_00068_z56_y48_x184.npy,sub-215_negative_00068_z56_y48_x184.npy,0,56,48,184,0
sub-215,sub-215_negative_00069_z48_y152_x172.npy,sub-215_negative_00069_z48_y152_x172.npy,0,48,152,172,0
sub-215,sub-215_negative_00070_z104_y208_x176.npy,sub-215_negative_00070_z104_y208_x176.npy,0,104,208,176,0
sub-215,sub-215_negative_00071_z8_y88_x40.npy,sub-215_negative_00071_z8_y88_x40.npy,0,8,88,40,0
sub-215,sub-215_negative_00072_z88_y104_x216.npy,sub-215_negative_00072_z88_y104_x216.npy,0,88,104,216,0
sub-215,sub-215_negative_00073_z96_y64_x136.npy,sub-215_negative_00073_z96_y64_x136.npy,0,96,64,136,0
sub-215,sub-215_negative_00074_z112_y208_x24.npy,sub-215_negative_00074_z112_y208_x24.npy,0,112,208,24,0
sub-215,sub-215_negative_00075_z8_y128_x64.npy,sub-215_negative_00075_z8_y128_x64.npy,0,8,128,64,0
sub-215,sub-215_negative_00076_z32_y232_x32.npy,sub-215_negative_00076_z32_y232_x32.npy,0,32,232,32,0
sub-215,sub-215_negative_00077_z8_y176_x112.npy,sub-215_negative_00077_z8_y176_x112.npy,0,8,176,112,0
sub-215,sub-215_negative_00078_z136_y104_x76.npy,sub-215_negative_00078_z136_y104_x76.npy,0,136,104,76,0
sub-215,sub-215_negative_00079_z104_y144_x164.npy,sub-215_negative_00079_z104_y144_x164.npy,0,104,144,164,0
sub-215,sub-215_negative_00080_z0_y184_x148.npy,sub-215_negative_00080_z0_y184_x148.npy,0,0,184,148,0
sub-215,sub-215_negative_00081_z120_y96_x80.npy,sub-215_negative_00081_z120_y96_x80.npy,0,120,96,80,0
sub-215,sub-215_negative_00082_z96_y136_x160.npy,sub-215_negative_00082_z96_y136_x160.npy,0,96,136,160,0
sub-215,sub-215_negative_00083_z56_y192_x216.npy,sub-215_negative_00083_z56_y192_x216.npy,0,56,192,216,0
sub-215,sub-215_negative_00084_z120_y96_x148.npy,sub-215_negative_00084_z120_y96_x148.npy,0,120,96,148,0
sub-215,sub-215_negative_00085_z24_y112_x224.npy,sub-215_negative_00085_z24_y112_x224.npy,0,24,112,224,0
sub-215,sub-215_negative_00086_z48_y128_x44.npy,sub-215_negative_00086_z48_y128_x44.npy,0,48,128,44,0
sub-215,sub-215_negative_00087_z8_y32_x92.npy,sub-215_negative_00087_z8_y32_x92.npy,0,8,32,92,0
sub-215,sub-215_negative_00088_z8_y160_x168.npy,sub-215_negative_00088_z8_y160_x168.npy,0,8,160,168,0
sub-215,sub-215_negative_00089_z64_y232_x132.npy,sub-215_negative_00089_z64_y232_x132.npy,0,64,232,132,0
sub-215,sub-215_negative_00090_z136_y120_x104.npy,sub-215_negative_00090_z136_y120_x104.npy,0,136,120,104,0
sub-215,sub-215_negative_00091_z56_y208_x60.npy,sub-215_negative_00091_z56_y208_x60.npy,0,56,208,60,0
sub-215,sub-215_negative_00092_z40_y144_x140.npy,sub-215_negative_00092_z40_y144_x140.npy,0,40,144,140,0
sub-215,sub-215_negative_00093_z112_y112_x120.npy,sub-215_negative_00093_z112_y112_x120.npy,0,112,112,120,0
sub-215,sub-215_negative_00094_z88_y80_x128.npy,sub-215_negative_00094_z88_y80_x128.npy,0,88,80,128,0
sub-215,sub-215_negative_00095_z96_y40_x132.npy,sub-215_negative_00095_z96_y40_x132.npy,0,96,40,132,0
sub-215,sub-215_negative_00096_z64_y104_x72.npy,sub-215_negative_00096_z64_y104_x72.npy,0,64,104,72,0
sub-215,sub-215_negative_00097_z112_y8_x24.npy,sub-215_negative_00097_z112_y8_x24.npy,0,112,8,24,0
sub-215,sub-215_negative_00098_z56_y88_x136.npy,sub-215_negative_00098_z56_y88_x136.npy,0,56,88,136,0
sub-215,sub-215_negative_00099_z48_y88_x16.npy,sub-215_negative_00099_z48_y88_x16.npy,0,48,88,16,0
sub-215,sub-215_negative_00100_z104_y88_x180.npy,sub-215_negative_00100_z104_y88_x180.npy,0,104,88,180,0
sub-215,sub-215_negative_00101_z16_y80_x20.npy,sub-215_negative_00101_z16_y80_x20.npy,0,16,80,20,0
sub-215,sub-215_negative_00102_z96_y80_x108.npy,sub-215_negative_00102_z96_y80_x108.npy,0,96,80,108,0
sub-215,sub-215_negative_00103_z40_y224_x32.npy,sub-215_negative_00103_z40_y224_x32.npy,0,40,224,32,0
sub-215,sub-215_negative_00104_z8_y144_x8.npy,sub-215_negative_00104_z8_y144_x8.npy,0,8,144,8,0
sub-215,sub-215_negative_00105_z80_y32_x168.npy,sub-215_negative_00105_z80_y32_x168.npy,0,80,32,168,0
sub-215,sub-215_negative_00106_z64_y16_x136.npy,sub-215_negative_00106_z64_y16_x136.npy,0,64,16,136,0
sub-215,sub-215_negative_00107_z112_y232_x108.npy,sub-215_negative_00107_z112_y232_x108.npy,0,112,232,108,0
sub-109,sub-109_negative_00000_z48_y208_x156.npy,sub-109_negative_00000_z48_y208_x156.npy,0,48,208,156,0
sub-109,sub-109_negative_00001_z120_y0_x200.npy,sub-109_negative_00001_z120_y0_x200.npy,0,120,0,200,0
sub-109,sub-109_negative_00002_z80_y152_x24.npy,sub-109_negative_00002_z80_y152_x24.npy,0,80,152,24,0
sub-109,sub-109_negative_00003_z56_y96_x52.npy,sub-109_negative_00003_z56_y96_x52.npy,0,56,96,52,0
sub-109,sub-109_negative_00004_z56_y40_x8.npy,sub-109_negative_00004_z56_y40_x8.npy,0,56,40,8,0
sub-109,sub-109_negative_00005_z96_y88_x124.npy,sub-109_negative_00005_z96_y88_x124.npy,0,96,88,124,0
sub-109,sub-109_negative_00006_z16_y96_x120.npy,sub-109_negative_00006_z16_y96_x120.npy,0,16,96,120,0
sub-109,sub-109_negative_00007_z40_y40_x124.npy,sub-109_negative_00007_z40_y40_x124.npy,0,40,40,124,0
sub-109,sub-109_negative_00008_z16_y136_x44.npy,sub-109_negative_00008_z16_y136_x44.npy,0,16,136,44,0
sub-109,sub-109_negative_00009_z88_y88_x192.npy,sub-109_negative_00009_z88_y88_x192.npy,0,88,88,192,0
sub-109,sub-109_negative_00010_z16_y192_x136.npy,sub-109_negative_00010_z16_y192_x136.npy,0,16,192,136,0
sub-109,sub-109_negative_00011_z56_y200_x144.npy,sub-109_negative_00011_z56_y200_x144.npy,0,56,200,144,0
sub-109,sub-109_negative_00012_z48_y192_x72.npy,sub-109_negative_00012_z48_y192_x72.npy,0,48,192,72,0
sub-109,sub-109_negative_00013_z104_y24_x84.npy,sub-109_negative_00013_z104_y24_x84.npy,0,104,24,84,0
sub-109,sub-109_negative_00014_z40_y192_x184.npy,sub-109_negative_00014_z40_y192_x184.npy,0,40,192,184,0
sub-109,sub-109_negative_00015_z88_y24_x24.npy,sub-109_negative_00015_z88_y24_x24.npy,0,88,24,24,0
sub-109,sub-109_negative_00016_z104_y64_x84.npy,sub-109_negative_00016_z104_y64_x84.npy,0,104,64,84,0
sub-109,sub-109_negative_00017_z24_y40_x156.npy,sub-109_negative_00017_z24_y40_x156.npy,0,24,40,156,0
sub-109,sub-109_negative_00018_z112_y32_x120.npy,sub-109_negative_00018_z112_y32_x120.npy,0,112,32,120,0
sub-109,sub-109_negative_00019_z120_y96_x76.npy,sub-109_negative_00019_z120_y96_x76.npy,0,120,96,76,0
sub-109,sub-109_negative_00020_z24_y128_x196.npy,sub-109_negative_00020_z24_y128_x196.npy,0,24,128,196,0
sub-109,sub-109_negative_00021_z112_y152_x196.npy,sub-109_negative_00021_z112_y152_x196.npy,0,112,152,196,0
sub-109,sub-109_negative_00022_z112_y48_x220.npy,sub-109_negative_00022_z112_y48_x220.npy,0,112,48,220,0
sub-109,sub-109_negative_00023_z16_y8_x32.npy,sub-109_negative_00023_z16_y8_x32.npy,0,16,8,32,0
sub-109,sub-109_negative_00024_z16_y120_x80.npy,sub-109_negative_00024_z16_y120_x80.npy,0,16,120,80,0
sub-109,sub-109_negative_00025_z104_y80_x124.npy,sub-109_negative_00025_z104_y80_x124.npy,0,104,80,124,0
sub-109,sub-109_negative_00026_z96_y152_x72.npy,sub-109_negative_00026_z96_y152_x72.npy,0,96,152,72,0
sub-109,sub-109_negative_00027_z24_y0_x168.npy,sub-109_negative_00027_z24_y0_x168.npy,0,24,0,168,0
sub-109,sub-109_negative_00028_z96_y24_x136.npy,sub-109_negative_00028_z96_y24_x136.npy,0,96,24,136,0
sub-109,sub-109_negative_00029_z16_y48_x80.npy,sub-109_negative_00029_z16_y48_x80.npy,0,16,48,80,0
sub-109,sub-109_negative_00030_z24_y176_x104.npy,sub-109_negative_00030_z24_y176_x104.npy,0,24,176,104,0
sub-109,sub-109_negative_00031_z64_y176_x204.npy,sub-109_negative_00031_z64_y176_x204.npy,0,64,176,204,0
sub-109,sub-109_negative_00032_z88_y40_x76.npy,sub-109_negative_00032_z88_y40_x76.npy,0,88,40,76,0
sub-109,sub-109_negative_00033_z64_y80_x132.npy,sub-109_negative_00033_z64_y80_x132.npy,0,64,80,132,0
sub-109,sub-109_negative_00034_z64_y144_x208.npy,sub-109_negative_00034_z64_y144_x208.npy,0,64,144,208,0
sub-109,sub-109_negative_00035_z32_y128_x120.npy,sub-109_negative_00035_z32_y128_x120.npy,0,32,128,120,0
sub-109,sub-109_negative_00036_z112_y96_x144.npy,sub-109_negative_00036_z112_y96_x144.npy,0,112,96,144,0
sub-109,sub-109_negative_00037_z96_y112_x88.npy,sub-109_negative_00037_z96_y112_x88.npy,0,96,112,88,0
sub-109,sub-109_negative_00038_z80_y56_x64.npy,sub-109_negative_00038_z80_y56_x64.npy,0,80,56,64,0
sub-109,sub-109_negative_00039_z96_y56_x124.npy,sub-109_negative_00039_z96_y56_x124.npy,0,96,56,124,0
sub-109,sub-109_negative_00040_z8_y96_x152.npy,sub-109_negative_00040_z8_y96_x152.npy,0,8,96,152,0
sub-109,sub-109_negative_00041_z104_y96_x112.npy,sub-109_negative_00041_z104_y96_x112.npy,0,104,96,112,0
sub-109,sub-109_negative_00042_z64_y152_x156.npy,sub-109_negative_00042_z64_y152_x156.npy,0,64,152,156,0
sub-109,sub-109_negative_00043_z48_y40_x76.npy,sub-109_negative_00043_z48_y40_x76.npy,0,48,40,76,0
sub-109,sub-109_negative_00044_z56_y16_x0.npy,sub-109_negative_00044_z56_y16_x0.npy,0,56,16,0,0
sub-109,sub-109_negative_00045_z56_y128_x64.npy,sub-109_negative_00045_z56_y128_x64.npy,0,56,128,64,0
sub-109,sub-109_negative_00046_z80_y8_x196.npy,sub-109_negative_00046_z80_y8_x196.npy,0,80,8,196,0
sub-109,sub-109_negative_00047_z8_y16_x60.npy,sub-109_negative_00047_z8_y16_x60.npy,0,8,16,60,0
sub-109,sub-109_negative_00048_z96_y24_x144.npy,sub-109_negative_00048_z96_y24_x144.npy,0,96,24,144,0
sub-109,sub-109_negative_00049_z24_y128_x208.npy,sub-109_negative_00049_z24_y128_x208.npy,0,24,128,208,0
sub-109,sub-109_negative_00050_z80_y88_x140.npy,sub-109_negative_00050_z80_y88_x140.npy,0,80,88,140,0
sub-109,sub-109_negative_00051_z112_y72_x200.npy,sub-109_negative_00051_z112_y72_x200.npy,0,112,72,200,0
sub-109,sub-109_negative_00052_z80_y192_x128.npy,sub-109_negative_00052_z80_y192_x128.npy,0,80,192,128,0
sub-109,sub-109_negative_00053_z40_y184_x32.npy,sub-109_negative_00053_z40_y184_x32.npy,0,40,184,32,0
sub-109,sub-109_negative_00054_z56_y24_x24.npy,sub-109_negative_00054_z56_y24_x24.npy,0,56,24,24,0
sub-109,sub-109_negative_00055_z56_y80_x168.npy,sub-109_negative_00055_z56_y80_x168.npy,0,56,80,168,0
sub-109,sub-109_negative_00056_z112_y168_x20.npy,sub-109_negative_00056_z112_y168_x20.npy,0,112,168,20,0
sub-109,sub-109_negative_00057_z64_y32_x212.npy,sub-109_negative_00057_z64_y32_x212.npy,0,64,32,212,0
sub-109,sub-109_negative_00058_z88_y152_x156.npy,sub-109_negative_00058_z88_y152_x156.npy,0,88,152,156,0
sub-109,sub-109_negative_00059_z88_y184_x132.npy,sub-109_negative_00059_z88_y184_x132.npy,0,88,184,132,0
sub-109,sub-109_negative_00060_z48_y88_x68.npy,sub-109_negative_00060_z48_y88_x68.npy,0,48,88,68,0
sub-109,sub-109_negative_00061_z40_y192_x148.npy,sub-109_negative_00061_z40_y192_x148.npy,0,40,192,148,0
sub-109,sub-109_negative_00062_z96_y64_x220.npy,sub-109_negative_00062_z96_y64_x220.npy,0,96,64,220,0
sub-109,sub-109_negative_00063_z8_y40_x208.npy,sub-109_negative_00063_z8_y40_x208.npy,0,8,40,208,0
sub-109,sub-109_negative_00064_z80_y40_x12.npy,sub-109_negative_00064_z80_y40_x12.npy,0,80,40,12,0
sub-109,sub-109_negative_00065_z80_y192_x180.npy,sub-109_negative_00065_z80_y192_x180.npy,0,80,192,180,0
sub-109,sub-109_negative_00066_z104_y40_x136.npy,sub-109_negative_00066_z104_y40_x136.npy,0,104,40,136,0
sub-109,sub-109_negative_00067_z8_y72_x220.npy,sub-109_negative_00067_z8_y72_x220.npy,0,8,72,220,0
sub-109,sub-109_negative_00068_z32_y88_x56.npy,sub-109_negative_00068_z32_y88_x56.npy,0,32,88,56,0
sub-109,sub-109_negative_00069_z8_y112_x216.npy,sub-109_negative_00069_z8_y112_x216.npy,0,8,112,216,0
sub-109,sub-109_negative_00070_z120_y104_x88.npy,sub-109_negative_00070_z120_y104_x88.npy,0,120,104,88,0
sub-109,sub-109_negative_00071_z96_y16_x156.npy,sub-109_negative_00071_z96_y16_x156.npy,0,96,16,156,0
sub-109,sub-109_negative_00072_z0_y144_x196.npy,sub-109_negative_00072_z0_y144_x196.npy,0,0,144,196,0
sub-109,sub-109_negative_00073_z104_y144_x104.npy,sub-109_negative_00073_z104_y144_x104.npy,0,104,144,104,0
sub-109,sub-109_negative_00074_z88_y32_x204.npy,sub-109_negative_00074_z88_y32_x204.npy,0,88,32,204,0
sub-109,sub-109_negative_00075_z48_y200_x208.npy,sub-109_negative_00075_z48_y200_x208.npy,0,48,200,208,0
sub-109,sub-109_negative_00076_z104_y144_x180.npy,sub-109_negative_00076_z104_y144_x180.npy,0,104,144,180,0
sub-109,sub-109_negative_00077_z24_y16_x204.npy,sub-109_negative_00077_z24_y16_x204.npy,0,24,16,204,0
sub-109,sub-109_negative_00078_z40_y168_x200.npy,sub-109_negative_00078_z40_y168_x200.npy,0,40,168,200,0
sub-109,sub-109_negative_00079_z8_y0_x108.npy,sub-109_negative_00079_z8_y0_x108.npy,0,8,0,108,0
sub-109,sub-109_negative_00080_z8_y104_x116.npy,sub-109_negative_00080_z8_y104_x116.npy,0,8,104,116,0
sub-109,sub-109_negative_00081_z56_y208_x96.npy,sub-109_negative_00081_z56_y208_x96.npy,0,56,208,96,0
sub-109,sub-109_negative_00082_z120_y112_x208.npy,sub-109_negative_00082_z120_y112_x208.npy,0,120,112,208,0
sub-109,sub-109_negative_00083_z48_y208_x188.npy,sub-109_negative_00083_z48_y208_x188.npy,0,48,208,188,0
sub-109,sub-109_negative_00084_z32_y208_x196.npy,sub-109_negative_00084_z32_y208_x196.npy,0,32,208,196,0
sub-109,sub-109_negative_00085_z96_y184_x120.npy,sub-109_negative_00085_z96_y184_x120.npy,0,96,184,120,0
sub-109,sub-109_negative_00086_z80_y16_x44.npy,sub-109_negative_00086_z80_y16_x44.npy,0,80,16,44,0
sub-109,sub-109_negative_00087_z80_y176_x52.npy,sub-109_negative_00087_z80_y176_x52.npy,0,80,176,52,0
sub-109,sub-109_negative_00088_z56_y104_x132.npy,sub-109_negative_00088_z56_y104_x132.npy,0,56,104,132,0
sub-109,sub-109_negative_00089_z96_y96_x132.npy,sub-109_negative_00089_z96_y96_x132.npy,0,96,96,132,0
sub-109,sub-109_negative_00090_z48_y120_x48.npy,sub-109_negative_00090_z48_y120_x48.npy,0,48,120,48,0
sub-109,sub-109_negative_00091_z40_y136_x176.npy,sub-109_negative_00091_z40_y136_x176.npy,0,40,136,176,0
sub-109,sub-109_negative_00092_z88_y192_x48.npy,sub-109_negative_00092_z88_y192_x48.npy,0,88,192,48,0
sub-109,sub-109_negative_00093_z16_y16_x12.npy,sub-109_negative_00093_z16_y16_x12.npy,0,16,16,12,0
sub-109,sub-109_negative_00094_z80_y208_x56.npy,sub-109_negative_00094_z80_y208_x56.npy,0,80,208,56,0
sub-109,sub-109_negative_00095_z40_y56_x112.npy,sub-109_negative_00095_z40_y56_x112.npy,0,40,56,112,0
sub-109,sub-109_negative_00096_z8_y88_x88.npy,sub-109_negative_00096_z8_y88_x88.npy,0,8,88,88,0
sub-109,sub-109_negative_00097_z72_y0_x144.npy,sub-109_negative_00097_z72_y0_x144.npy,0,72,0,144,0
sub-109,sub-109_negative_00098_z56_y32_x204.npy,sub-109_negative_00098_z56_y32_x204.npy,0,56,32,204,0
sub-109,sub-109_negative_00099_z104_y64_x104.npy,sub-109_negative_00099_z104_y64_x104.npy,0,104,64,104,0
sub-209,sub-209_negative_00000_z56_y200_x224.npy,sub-209_negative_00000_z56_y200_x224.npy,0,56,200,224,0
sub-209,sub-209_negative_00001_z128_y216_x112.npy,sub-209_negative_00001_z128_y216_x112.npy,0,128,216,112,0
sub-209,sub-209_negative_00002_z96_y8_x116.npy,sub-209_negative_00002_z96_y8_x116.npy,0,96,8,116,0
sub-209,sub-209_negative_00003_z64_y88_x164.npy,sub-209_negative_00003_z64_y88_x164.npy,0,64,88,164,0
sub-209,sub-209_negative_00004_z64_y16_x180.npy,sub-209_negative_00004_z64_y16_x180.npy,0,64,16,180,0
sub-209,sub-209_negative_00005_z104_y232_x168.npy,sub-209_negative_00005_z104_y232_x168.npy,0,104,232,168,0
sub-209,sub-209_negative_00006_z16_y184_x48.npy,sub-209_negative_00006_z16_y184_x48.npy,0,16,184,48,0
sub-209,sub-209_negative_00007_z40_y200_x184.npy,sub-209_negative_00007_z40_y200_x184.npy,0,40,200,184,0
sub-209,sub-209_negative_00008_z16_y232_x12.npy,sub-209_negative_00008_z16_y232_x12.npy,0,16,232,12,0
sub-209,sub-209_negative_00009_z96_y208_x104.npy,sub-209_negative_00009_z96_y208_x104.npy,0,96,208,104,0
sub-209,sub-209_negative_00010_z24_y64_x84.npy,sub-209_negative_00010_z24_y64_x84.npy,0,24,64,84,0
sub-209,sub-209_negative_00011_z64_y224_x104.npy,sub-209_negative_00011_z64_y224_x104.npy,0,64,224,104,0
sub-209,sub-209_negative_00012_z56_y184_x36.npy,sub-209_negative_00012_z56_y184_x36.npy,0,56,184,36,0
sub-209,sub-209_negative_00013_z112_y184_x76.npy,sub-209_negative_00013_z112_y184_x76.npy,0,112,184,76,0
sub-209,sub-209_negative_00014_z48_y152_x208.npy,sub-209_negative_00014_z48_y152_x208.npy,0,48,152,208,0
sub-209,sub-209_negative_00015_z96_y120_x128.npy,sub-209_negative_00015_z96_y120_x128.npy,0,96,120,128,0
sub-209,sub-209_negative_00016_z112_y232_x68.npy,sub-209_negative_00016_z112_y232_x68.npy,0,112,232,68,0
sub-209,sub-209_negative_00017_z24_y144_x120.npy,sub-209_negative_00017_z24_y144_x120.npy,0,24,144,120,0
sub-209,sub-209_negative_00018_z120_y224_x124.npy,sub-209_negative_00018_z120_y224_x124.npy,0,120,224,124,0
sub-209,sub-209_negative_00019_z136_y88_x212.npy,sub-209_negative_00019_z136_y88_x212.npy,0,136,88,212,0
sub-209,sub-209_negative_00020_z32_y16_x108.npy,sub-209_negative_00020_z32_y16_x108.npy,0,32,16,108,0
sub-209,sub-209_negative_00021_z128_y136_x140.npy,sub-209_negative_00021_z128_y136_x140.npy,0,128,136,140,0
sub-209,sub-209_negative_00022_z128_y8_x124.npy,sub-209_negative_00022_z128_y8_x124.npy,0,128,8,124,0
sub-209,sub-209_negative_00023_z16_y72_x0.npy,sub-209_negative_00023_z16_y72_x0.npy,0,16,72,0,0
sub-209,sub-209_negative_00024_z16_y208_x176.npy,sub-209_negative_00024_z16_y208_x176.npy,0,16,208,176,0
sub-209,sub-209_negative_00025_z120_y16_x84.npy,sub-209_negative_00025_z120_y16_x84.npy,0,120,16,84,0
sub-209,sub-209_negative_00026_z112_y72_x68.npy,sub-209_negative_00026_z112_y72_x68.npy,0,112,72,68,0
sub-209,sub-209_negative_00027_z24_y96_x52.npy,sub-209_negative_00027_z24_y96_x52.npy,0,24,96,52,0
sub-209,sub-209_negative_00028_z104_y152_x176.npy,sub-209_negative_00028_z104_y152_x176.npy,0,104,152,176,0
sub-209,sub-209_negative_00029_z16_y120_x112.npy,sub-209_negative_00029_z16_y120_x112.npy,0,16,120,112,0
sub-209,sub-209_negative_00030_z32_y72_x84.npy,sub-209_negative_00030_z32_y72_x84.npy,0,32,72,84,0
sub-209,sub-209_negative_00031_z72_y224_x212.npy,sub-209_negative_00031_z72_y224_x212.npy,0,72,224,212,0
sub-209,sub-209_negative_00032_z96_y136_x236.npy,sub-209_negative_00032_z96_y136_x236.npy,0,96,136,236,0
sub-209,sub-209_negative_00033_z72_y104_x128.npy,sub-209_negative_00033_z72_y104_x128.npy,0,72,104,128,0
sub-209,sub-209_negative_00034_z72_y184_x216.npy,sub-209_negative_00034_z72_y184_x216.npy,0,72,184,216,0
sub-209,sub-209_negative_00035_z40_y40_x164.npy,sub-209_negative_00035_z40_y40_x164.npy,0,40,40,164,0
sub-209,sub-209_negative_00036_z128_y64_x120.npy,sub-209_negative_00036_z128_y64_x120.npy,0,128,64,120,0
sub-209,sub-209_negative_00037_z112_y24_x92.npy,sub-209_negative_00037_z112_y24_x92.npy,0,112,24,92,0
sub-209,sub-209_negative_00038_z88_y128_x220.npy,sub-209_negative_00038_z88_y128_x220.npy,0,88,128,220,0
sub-209,sub-209_negative_00039_z104_y192_x120.npy,sub-209_negative_00039_z104_y192_x120.npy,0,104,192,120,0
sub-209,sub-209_negative_00040_z8_y152_x156.npy,sub-209_negative_00040_z8_y152_x156.npy,0,8,152,156,0
sub-209,sub-209_negative_00041_z120_y32_x100.npy,sub-209_negative_00041_z120_y32_x100.npy,0,120,32,100,0
sub-209,sub-209_negative_00042_z72_y192_x184.npy,sub-209_negative_00042_z72_y192_x184.npy,0,72,192,184,0
sub-209,sub-209_negative_00043_z48_y232_x48.npy,sub-209_negative_00043_z48_y232_x48.npy,0,48,232,48,0
sub-209,sub-209_negative_00044_z56_y224_x228.npy,sub-209_negative_00044_z56_y224_x228.npy,0,56,224,228,0
sub-209,sub-209_negative_00045_z64_y128_x168.npy,sub-209_negative_00045_z64_y128_x168.npy,0,64,128,168,0
sub-209,sub-209_negative_00046_z88_y72_x220.npy,sub-209_negative_00046_z88_y72_x220.npy,0,88,72,220,0
sub-209,sub-209_negative_00047_z8_y48_x148.npy,sub-209_negative_00047_z8_y48_x148.npy,0,8,48,148,0
sub-209,sub-209_negative_00048_z104_y152_x228.npy,sub-209_negative_00048_z104_y152_x228.npy,0,104,152,228,0
sub-209,sub-209_negative_00049_z136_y232_x152.npy,sub-209_negative_00049_z136_y232_x152.npy,0,136,232,152,0
sub-209,sub-209_negative_00050_z88_y176_x104.npy,sub-209_negative_00050_z88_y176_x104.npy,0,88,176,104,0
sub-209,sub-209_negative_00051_z128_y32_x216.npy,sub-209_negative_00051_z128_y32_x216.npy,0,128,32,216,0
sub-209,sub-209_negative_00052_z96_y64_x96.npy,sub-209_negative_00052_z96_y64_x96.npy,0,96,64,96,0
sub-209,sub-209_negative_00053_z48_y136_x184.npy,sub-209_negative_00053_z48_y136_x184.npy,0,48,136,184,0
sub-209,sub-209_negative_00054_z64_y0_x68.npy,sub-209_negative_00054_z64_y0_x68.npy,0,64,0,68,0
sub-209,sub-209_negative_00055_z64_y72_x188.npy,sub-209_negative_00055_z64_y72_x188.npy,0,64,72,188,0
sub-209,sub-209_negative_00056_z128_y152_x72.npy,sub-209_negative_00056_z128_y152_x72.npy,0,128,152,72,0
sub-209,sub-209_negative_00057_z72_y48_x108.npy,sub-209_negative_00057_z72_y48_x108.npy,0,72,48,108,0
sub-209,sub-209_negative_00058_z104_y48_x60.npy,sub-209_negative_00058_z104_y48_x60.npy,0,104,48,60,0
sub-209,sub-209_negative_00059_z104_y80_x224.npy,sub-209_negative_00059_z104_y80_x224.npy,0,104,80,224,0
sub-209,sub-209_negative_00060_z56_y48_x200.npy,sub-209_negative_00060_z56_y48_x200.npy,0,56,48,200,0
sub-209,sub-209_negative_00061_z48_y152_x184.npy,sub-209_negative_00061_z48_y152_x184.npy,0,48,152,184,0
sub-209,sub-209_negative_00062_z104_y208_x168.npy,sub-209_negative_00062_z104_y208_x168.npy,0,104,208,168,0
sub-209,sub-209_negative_00063_z8_y88_x44.npy,sub-209_negative_00063_z8_y88_x44.npy,0,8,88,44,0
sub-209,sub-209_negative_00064_z88_y104_x204.npy,sub-209_negative_00064_z88_y104_x204.npy,0,88,104,204,0
sub-209,sub-209_negative_00065_z96_y64_x128.npy,sub-209_negative_00065_z96_y64_x128.npy,0,96,64,128,0
sub-209,sub-209_negative_00066_z112_y208_x16.npy,sub-209_negative_00066_z112_y208_x16.npy,0,112,208,16,0
sub-209,sub-209_negative_00067_z8_y128_x68.npy,sub-209_negative_00067_z8_y128_x68.npy,0,8,128,68,0
sub-209,sub-209_negative_00068_z32_y232_x40.npy,sub-209_negative_00068_z32_y232_x40.npy,0,32,232,40,0
sub-209,sub-209_negative_00069_z8_y176_x116.npy,sub-209_negative_00069_z8_y176_x116.npy,0,8,176,116,0
sub-209,sub-209_negative_00070_z136_y104_x76.npy,sub-209_negative_00070_z136_y104_x76.npy,0,136,104,76,0
sub-209,sub-209_negative_00071_z104_y144_x156.npy,sub-209_negative_00071_z104_y144_x156.npy,0,104,144,156,0
sub-209,sub-209_negative_00072_z0_y184_x148.npy,sub-209_negative_00072_z0_y184_x148.npy,0,0,184,148,0
sub-209,sub-209_negative_00073_z120_y96_x76.npy,sub-209_negative_00073_z120_y96_x76.npy,0,120,96,76,0
sub-209,sub-209_negative_00074_z96_y136_x152.npy,sub-209_negative_00074_z96_y136_x152.npy,0,96,136,152,0
sub-209,sub-209_negative_00075_z56_y192_x232.npy,sub-209_negative_00075_z56_y192_x232.npy,0,56,192,232,0
sub-209,sub-209_negative_00076_z120_y96_x144.npy,sub-209_negative_00076_z120_y96_x144.npy,0,120,96,144,0
sub-209,sub-209_negative_00077_z24_y112_x232.npy,sub-209_negative_00077_z24_y112_x232.npy,0,24,112,232,0
sub-209,sub-209_negative_00078_z48_y128_x52.npy,sub-209_negative_00078_z48_y128_x52.npy,0,48,128,52,0
sub-209,sub-209_negative_00079_z8_y32_x96.npy,sub-209_negative_00079_z8_y32_x96.npy,0,8,32,96,0
sub-209,sub-209_negative_00080_z8_y160_x172.npy,sub-209_negative_00080_z8_y160_x172.npy,0,8,160,172,0
sub-209,sub-209_negative_00081_z64_y232_x132.npy,sub-209_negative_00081_z64_y232_x132.npy,0,64,232,132,0
sub-209,sub-209_negative_00082_z136_y120_x104.npy,sub-209_negative_00082_z136_y120_x104.npy,0,136,120,104,0
sub-209,sub-209_negative_00083_z56_y208_x72.npy,sub-209_negative_00083_z56_y208_x72.npy,0,56,208,72,0
sub-209,sub-209_negative_00084_z40_y144_x148.npy,sub-209_negative_00084_z40_y144_x148.npy,0,40,144,148,0
sub-209,sub-209_negative_00085_z112_y112_x112.npy,sub-209_negative_00085_z112_y112_x112.npy,0,112,112,112,0
sub-209,sub-209_negative_00086_z88_y80_x116.npy,sub-209_negative_00086_z88_y80_x116.npy,0,88,80,116,0
sub-209,sub-209_negative_00087_z96_y40_x124.npy,sub-209_negative_00087_z96_y40_x124.npy,0,96,40,124,0
sub-209,sub-209_negative_00088_z64_y104_x80.npy,sub-209_negative_00088_z64_y104_x80.npy,0,64,104,80,0
sub-209,sub-209_negative_00089_z112_y8_x20.npy,sub-209_negative_00089_z112_y8_x20.npy,0,112,8,20,0
sub-209,sub-209_negative_00090_z56_y88_x152.npy,sub-209_negative_00090_z56_y88_x152.npy,0,56,88,152,0
sub-209,sub-209_negative_00091_z48_y88_x28.npy,sub-209_negative_00091_z48_y88_x28.npy,0,48,88,28,0
sub-209,sub-209_negative_00092_z104_y88_x172.npy,sub-209_negative_00092_z104_y88_x172.npy,0,104,88,172,0
sub-209,sub-209_negative_00093_z16_y80_x24.npy,sub-209_negative_00093_z16_y80_x24.npy,0,16,80,24,0
sub-209,sub-209_negative_00094_z96_y80_x100.npy,sub-209_negative_00094_z96_y80_x100.npy,0,96,80,100,0
sub-209,sub-209_negative_00095_z40_y224_x44.npy,sub-209_negative_00095_z40_y224_x44.npy,0,40,224,44,0
sub-209,sub-209_negative_00096_z8_y144_x12.npy,sub-209_negative_00096_z8_y144_x12.npy,0,8,144,12,0
sub-209,sub-209_negative_00097_z80_y32_x152.npy,sub-209_negative_00097_z80_y32_x152.npy,0,80,32,152,0
sub-209,sub-209_negative_00098_z64_y16_x148.npy,sub-209_negative_00098_z64_y16_x148.npy,0,64,16,148,0
sub-209,sub-209_negative_00099_z112_y232_x104.npy,sub-209_negative_00099_z112_y232_x104.npy,0,112,232,104,0
sub-320,sub-320_positive_00000_z24_y128_x104.npy,sub-320_positive_00000_z24_y128_x104.npy,1,24,128,104,4
sub-320,sub-320_positive_00001_z24_y128_x108.npy,sub-320_positive_00001_z24_y128_x108.npy,1,24,128,108,10
sub-320,sub-320_positive_00002_z24_y128_x112.npy,sub-320_positive_00002_z24_y128_x112.npy,1,24,128,112,6
sub-320,sub-320_positive_00003_z24_y136_x104.npy,sub-320_positive_00003_z24_y136_x104.npy,1,24,136,104,4
sub-320,sub-320_positive_00004_z24_y136_x108.npy,sub-320_positive_00004_z24_y136_x108.npy,1,24,136,108,12
sub-320,sub-320_positive_00005_z24_y136_x112.npy,sub-320_positive_00005_z24_y136_x112.npy,1,24,136,112,8
sub-320,sub-320_positive_00006_z24_y144_x108.npy,sub-320_positive_00006_z24_y144_x108.npy,1,24,144,108,2
sub-320,sub-320_positive_00007_z24_y144_x112.npy,sub-320_positive_00007_z24_y144_x112.npy,1,24,144,112,2
sub-320,sub-320_positive_00008_z32_y128_x104.npy,sub-320_positive_00008_z32_y128_x104.npy,1,32,128,104,6
sub-320,sub-320_positive_00009_z32_y128_x108.npy,sub-320_positive_00009_z32_y128_x108.npy,1,32,128,108,15
sub-320,sub-320_positive_00010_z32_y128_x112.npy,sub-320_positive_00010_z32_y128_x112.npy,1,32,128,112,9
sub-320,sub-320_positive_00011_z32_y136_x104.npy,sub-320_positive_00011_z32_y136_x104.npy,1,32,136,104,6
sub-320,sub-320_positive_00012_z32_y136_x108.npy,sub-320_positive_00012_z32_y136_x108.npy,1,32,136,108,18
sub-320,sub-320_positive_00013_z32_y136_x112.npy,sub-320_positive_00013_z32_y136_x112.npy,1,32,136,112,12
sub-320,sub-320_positive_00014_z32_y144_x108.npy,sub-320_positive_00014_z32_y144_x108.npy,1,32,144,108,3
sub-320,sub-320_positive_00015_z32_y144_x112.npy,sub-320_positive_00015_z32_y144_x112.npy,1,32,144,112,3
sub-320,sub-320_positive_00016_z40_y80_x152.npy,sub-320_positive_00016_z40_y80_x152.npy,1,40,80,152,9
sub-320,sub-320_positive_00017_z40_y80_x156.npy,sub-320_positive_00017_z40_y80_x156.npy,1,40,80,156,9
sub-320,sub-320_positive_00018_z40_y88_x152.npy,sub-320_positive_00018_z40_y88_x152.npy,1,40,88,152,9
sub-320,sub-320_positive_00019_z40_y88_x156.npy,sub-320_positive_00019_z40_y88_x156.npy,1,40,88,156,9
sub-320,sub-320_positive_00020_z40_y128_x104.npy,sub-320_positive_00020_z40_y128_x104.npy,1,40,128,104,2
sub-320,sub-320_positive_00021_z40_y128_x108.npy,sub-320_positive_00021_z40_y128_x108.npy,1,40,128,108,5
sub-320,sub-320_positive_00022_z40_y128_x112.npy,sub-320_positive_00022_z40_y128_x112.npy,1,40,128,112,3
sub-320,sub-320_positive_00023_z40_y136_x104.npy,sub-320_positive_00023_z40_y136_x104.npy,1,40,136,104,2
sub-320,sub-320_positive_00024_z40_y136_x108.npy,sub-320_positive_00024_z40_y136_x108.npy,1,40,136,108,6
sub-320,sub-320_positive_00025_z40_y136_x112.npy,sub-320_positive_00025_z40_y136_x112.npy,1,40,136,112,4
sub-320,sub-320_positive_00026_z40_y144_x108.npy,sub-320_positive_00026_z40_y144_x108.npy,1,40,144,108,1
sub-320,sub-320_positive_00027_z40_y144_x112.npy,sub-320_positive_00027_z40_y144_x112.npy,1,40,144,112,1
sub-320,sub-320_positive_00028_z48_y80_x152.npy,sub-320_positive_00028_z48_y80_x152.npy,1,48,80,152,9
sub-320,sub-320_positive_00029_z48_y80_x156.npy,sub-320_positive_00029_z48_y80_x156.npy,1,48,80,156,9
sub-320,sub-320_positive_00030_z48_y88_x152.npy,sub-320_positive_00030_z48_y88_x152.npy,1,48,88,152,9
sub-320,sub-320_positive_00031_z48_y88_x156.npy,sub-320_positive_00031_z48_y88_x156.npy,1,48,88,156,9
sub-320,sub-320_negative_00032_z40_y168_x64.npy,sub-320_negative_00032_z40_y168_x64.npy,0,40,168,64,0
sub-320,sub-320_negative_00033_z96_y48_x172.npy,sub-320_negative_00033_z96_y48_x172.npy,0,96,48,172,0
sub-320,sub-320_negative_00034_z64_y168_x224.npy,sub-320_negative_00034_z64_y168_x224.npy,0,64,168,224,0
sub-320,sub-320_negative_00035_z48_y8_x240.npy,sub-320_negative_00035_z48_y8_x240.npy,0,48,8,240,0
sub-320,sub-320_negative_00036_z40_y208_x64.npy,sub-320_negative_00036_z40_y208_x64.npy,0,40,208,64,0
sub-320,sub-320_negative_00037_z80_y24_x44.npy,sub-320_negative_00037_z80_y24_x44.npy,0,80,24,44,0
sub-320,sub-320_negative_00038_z8_y240_x248.npy,sub-320_negative_00038_z8_y240_x248.npy,0,8,240,248,0
sub-320,sub-320_negative_00039_z32_y56_x20.npy,sub-320_negative_00039_z32_y56_x20.npy,0,32,56,20,0
sub-320,sub-320_negative_00040_z16_y32_x84.npy,sub-320_negative_00040_z16_y32_x84.npy,0,16,32,84,0
sub-320,sub-320_negative_00041_z72_y72_x80.npy,sub-320_negative_00041_z72_y72_x80.npy,0,72,72,80,0
sub-320,sub-320_negative_00042_z16_y88_x60.npy,sub-320_negative_00042_z16_y88_x60.npy,0,16,88,60,0
sub-320,sub-320_negative_00043_z48_y112_x128.npy,sub-320_negative_00043_z48_y112_x128.npy,0,48,112,128,0
sub-320,sub-320_negative_00044_z40_y152_x16.npy,sub-320_negative_00044_z40_y152_x16.npy,0,40,152,16,0
sub-320,sub-320_negative_00045_z80_y160_x180.npy,sub-320_negative_00045_z80_y160_x180.npy,0,80,160,180,0
sub-320,sub-320_negative_00046_z32_y200_x40.npy,sub-320_negative_00046_z32_y200_x40.npy,0,32,200,40,0
sub-320,sub-320_negative_00047_z72_y8_x44.npy,sub-320_negative_00047_z72_y8_x44.npy,0,72,8,44,0
sub-320,sub-320_negative_00048_z80_y200_x88.npy,sub-320_negative_00048_z80_y200_x88.npy,0,80,200,88,0
sub-320,sub-320_negative_00049_z16_y144_x200.npy,sub-320_negative_00049_z16_y144_x200.npy,0,16,144,200,0
sub-320,sub-320_negative_00050_z88_y120_x240.npy,sub-320_negative_00050_z88_y120_x240.npy,0,88,120,240,0
sub-320,sub-320_negative_00051_z96_y136_x92.npy,sub-320_negative_00051_z96_y136_x92.npy,0,96,136,92,0
sub-320,sub-320_negative_00052_z16_y232_x52.npy,sub-320_negative_00052_z16_y232_x52.npy,0,16,232,52,0
sub-320,sub-320_negative_00053_z88_y240_x60.npy,sub-320_negative_00053_z88_y240_x60.npy,0,88,240,60,0
sub-320,sub-320_negative_00054_z88_y144_x60.npy,sub-320_negative_00054_z88_y144_x60.npy,0,88,144,60,0
sub-320,sub-320_negative_00055_z8_y160_x100.npy,sub-320_negative_00055_z8_y160_x100.npy,0,8,160,100,0
sub-320,sub-320_negative_00056_z16_y16_x156.npy,sub-320_negative_00056_z16_y16_x156.npy,0,16,16,156,0
sub-320,sub-320_negative_00057_z80_y216_x104.npy,sub-320_negative_00057_z80_y216_x104.npy,0,80,216,104,0
sub-320,sub-320_negative_00058_z80_y80_x96.npy,sub-320_negative_00058_z80_y80_x96.npy,0,80,80,96,0
sub-320,sub-320_negative_00059_z16_y112_x44.npy,sub-320_negative_00059_z16_y112_x44.npy,0,16,112,44,0
sub-320,sub-320_negative_00060_z72_y208_x192.npy,sub-320_negative_00060_z72_y208_x192.npy,0,72,208,192,0
sub-320,sub-320_negative_00061_z8_y200_x60.npy,sub-320_negative_00061_z8_y200_x60.npy,0,8,200,60,0
sub-320,sub-320_negative_00062_z24_y24_x100.npy,sub-320_negative_00062_z24_y24_x100.npy,0,24,24,100,0
sub-320,sub-320_negative_00063_z56_y48_x36.npy,sub-320_negative_00063_z56_y48_x36.npy,0,56,48,36,0
sub-320,sub-320_negative_00064_z72_y24_x48.npy,sub-320_negative_00064_z72_y24_x48.npy,0,72,24,48,0
sub-320,sub-320_negative_00065_z48_y200_x168.npy,sub-320_negative_00065_z48_y200_x168.npy,0,48,200,168,0
sub-320,sub-320_negative_00066_z56_y16_x104.npy,sub-320_negative_00066_z56_y16_x104.npy,0,56,16,104,0
sub-320,sub-320_negative_00067_z24_y184_x36.npy,sub-320_negative_00067_z24_y184_x36.npy,0,24,184,36,0
sub-320,sub-320_negative_00068_z88_y184_x124.npy,sub-320_negative_00068_z88_y184_x124.npy,0,88,184,124,0
sub-320,sub-320_negative_00069_z80_y40_x212.npy,sub-320_negative_00069_z80_y40_x212.npy,0,80,40,212,0
sub-320,sub-320_negative_00070_z64_y80_x224.npy,sub-320_negative_00070_z64_y80_x224.npy,0,64,80,224,0
sub-320,sub-320_negative_00071_z72_y240_x104.npy,sub-320_negative_00071_z72_y240_x104.npy,0,72,240,104,0
sub-320,sub-320_negative_00072_z8_y40_x248.npy,sub-320_negative_00072_z8_y40_x248.npy,0,8,40,248,0
sub-320,sub-320_negative_00073_z80_y232_x44.npy,sub-320_negative_00073_z80_y232_x44.npy,0,80,232,44,0
sub-320,sub-320_negative_00074_z56_y24_x28.npy,sub-320_negative_00074_z56_y24_x28.npy,0,56,24,28,0
sub-320,sub-320_negative_00075_z40_y8_x40.npy,sub-320_negative_00075_z40_y8_x40.npy,0,40,8,40,0
sub-320,sub-320_negative_00076_z40_y184_x104.npy,sub-320_negative_00076_z40_y184_x104.npy,0,40,184,104,0
sub-320,sub-320_negative_00077_z48_y40_x184.npy,sub-320_negative_00077_z48_y40_x184.npy,0,48,40,184,0
sub-320,sub-320_negative_00078_z64_y40_x208.npy,sub-320_negative_00078_z64_y40_x208.npy,0,64,40,208,0
sub-320,sub-320_negative_00079_z0_y216_x68.npy,sub-320_negative_00079_z0_y216_x68.npy,0,0,216,68,0
sub-320,sub-320_negative_00080_z72_y208_x204.npy,sub-320_negative_00080_z72_y208_x204.npy,0,72,208,204,0
sub-320,sub-320_negative_00081_z16_y232_x60.npy,sub-320_negative_00081_z16_y232_x60.npy,0,16,232,60,0
sub-320,sub-320_negative_00082_z64_y112_x240.npy,sub-320_negative_00082_z64_y112_x240.npy,0,64,112,240,0
sub-320,sub-320_negative_00083_z88_y160_x228.npy,sub-320_negative_00083_z88_y160_x228.npy,0,88,160,228,0
sub-320,sub-320_negative_00084_z64_y208_x248.npy,sub-320_negative_00084_z64_y208_x248.npy,0,64,208,248,0
sub-320,sub-320_negative_00085_z32_y184_x152.npy,sub-320_negative_00085_z32_y184_x152.npy,0,32,184,152,0
sub-320,sub-320_negative_00086_z40_y192_x112.npy,sub-320_negative_00086_z40_y192_x112.npy,0,40,192,112,0
sub-320,sub-320_negative_00087_z48_y0_x144.npy,sub-320_negative_00087_z48_y0_x144.npy,0,48,0,144,0
sub-320,sub-320_negative_00088_z96_y0_x100.npy,sub-320_negative_00088_z96_y0_x100.npy,0,96,0,100,0
sub-320,sub-320_negative_00089_z48_y160_x100.npy,sub-320_negative_00089_z48_y160_x100.npy,0,48,160,100,0
sub-320,sub-320_negative_00090_z72_y128_x156.npy,sub-320_negative_00090_z72_y128_x156.npy,0,72,128,156,0
sub-320,sub-320_negative_00091_z72_y160_x56.npy,sub-320_negative_00091_z72_y160_x56.npy,0,72,160,56,0
sub-320,sub-320_negative_00092_z40_y48_x188.npy,sub-320_negative_00092_z40_y48_x188.npy,0,40,48,188,0
sub-320,sub-320_negative_00093_z32_y200_x8.npy,sub-320_negative_00093_z32_y200_x8.npy,0,32,200,8,0
sub-320,sub-320_negative_00094_z80_y0_x204.npy,sub-320_negative_00094_z80_y0_x204.npy,0,80,0,204,0
sub-320,sub-320_negative_00095_z0_y240_x172.npy,sub-320_negative_00095_z0_y240_x172.npy,0,0,240,172,0
sub-320,sub-320_negative_00096_z64_y64_x196.npy,sub-320_negative_00096_z64_y64_x196.npy,0,64,64,196,0
sub-320,sub-320_negative_00097_z64_y216_x44.npy,sub-320_negative_00097_z64_y216_x44.npy,0,64,216,44,0
sub-320,sub-320_negative_00098_z80_y176_x200.npy,sub-320_negative_00098_z80_y176_x200.npy,0,80,176,200,0
sub-320,sub-320_negative_00099_z8_y24_x116.npy,sub-320_negative_00099_z8_y24_x116.npy,0,8,24,116,0
sub-320,sub-320_negative_00100_z24_y144_x52.npy,sub-320_negative_00100_z24_y144_x52.npy,0,24,144,52,0
sub-320,sub-320_negative_00101_z8_y64_x28.npy,sub-320_negative_00101_z8_y64_x28.npy,0,8,64,28,0
sub-320,sub-320_negative_00102_z96_y144_x92.npy,sub-320_negative_00102_z96_y144_x92.npy,0,96,144,92,0
sub-320,sub-320_negative_00103_z72_y200_x232.npy,sub-320_negative_00103_z72_y200_x232.npy,0,72,200,232,0
sub-320,sub-320_negative_00104_z0_y136_x148.npy,sub-320_negative_00104_z0_y136_x148.npy,0,0,136,148,0
sub-320,sub-320_negative_00105_z88_y24_x200.npy,sub-320_negative_00105_z88_y24_x200.npy,0,88,24,200,0
sub-320,sub-320_negative_00106_z72_y16_x208.npy,sub-320_negative_00106_z72_y16_x208.npy,0,72,16,208,0
sub-320,sub-320_negative_00107_z40_y160_x136.npy,sub-320_negative_00107_z40_y160_x136.npy,0,40,160,136,0
sub-320,sub-320_negative_00108_z88_y32_x24.npy,sub-320_negative_00108_z88_y32_x24.npy,0,88,32,24,0
sub-320,sub-320_negative_00109_z16_y128_x48.npy,sub-320_negative_00109_z16_y128_x48.npy,0,16,128,48,0
sub-320,sub-320_negative_00110_z32_y176_x112.npy,sub-320_negative_00110_z32_y176_x112.npy,0,32,176,112,0
sub-320,sub-320_negative_00111_z0_y200_x156.npy,sub-320_negative_00111_z0_y200_x156.npy,0,0,200,156,0
sub-320,sub-320_negative_00112_z8_y48_x192.npy,sub-320_negative_00112_z8_y48_x192.npy,0,8,48,192,0
sub-320,sub-320_negative_00113_z48_y120_x64.npy,sub-320_negative_00113_z48_y120_x64.npy,0,48,120,64,0
sub-320,sub-320_negative_00114_z96_y152_x208.npy,sub-320_negative_00114_z96_y152_x208.npy,0,96,152,208,0
sub-320,sub-320_negative_00115_z40_y168_x104.npy,sub-320_negative_00115_z40_y168_x104.npy,0,40,168,104,0
sub-320,sub-320_negative_00116_z32_y8_x196.npy,sub-320_negative_00116_z32_y8_x196.npy,0,32,8,196,0
sub-320,sub-320_negative_00117_z80_y112_x76.npy,sub-320_negative_00117_z80_y112_x76.npy,0,80,112,76,0
sub-320,sub-320_negative_00118_z64_y48_x36.npy,sub-320_negative_00118_z64_y48_x36.npy,0,64,48,36,0
sub-320,sub-320_negative_00119_z64_y192_x204.npy,sub-320_negative_00119_z64_y192_x204.npy,0,64,192,204,0
sub-320,sub-320_negative_00120_z48_y24_x52.npy,sub-320_negative_00120_z48_y24_x52.npy,0,48,24,52,0
sub-320,sub-320_negative_00121_z80_y32_x36.npy,sub-320_negative_00121_z80_y32_x36.npy,0,80,32,36,0
sub-320,sub-320_negative_00122_z40_y80_x96.npy,sub-320_negative_00122_z40_y80_x96.npy,0,40,80,96,0
sub-320,sub-320_negative_00123_z32_y144_x156.npy,sub-320_negative_00123_z32_y144_x156.npy,0,32,144,156,0
sub-320,sub-320_negative_00124_z72_y160_x204.npy,sub-320_negative_00124_z72_y160_x204.npy,0,72,160,204,0
sub-320,sub-320_negative_00125_z8_y168_x60.npy,sub-320_negative_00125_z8_y168_x60.npy,0,8,168,60,0
sub-320,sub-320_negative_00126_z64_y224_x132.npy,sub-320_negative_00126_z64_y224_x132.npy,0,64,224,132,0
sub-320,sub-320_negative_00127_z32_y64_x228.npy,sub-320_negative_00127_z32_y64_x228.npy,0,32,64,228,0
sub-320,sub-320_negative_00128_z8_y32_x196.npy,sub-320_negative_00128_z8_y32_x196.npy,0,8,32,196,0
sub-320,sub-320_negative_00129_z56_y80_x132.npy,sub-320_negative_00129_z56_y80_x132.npy,0,56,80,132,0
sub-320,sub-320_negative_00130_z40_y208_x36.npy,sub-320_negative_00130_z40_y208_x36.npy,0,40,208,36,0
sub-320,sub-320_negative_00131_z80_y200_x108.npy,sub-320_negative_00131_z80_y200_x108.npy,0,80,200,108,0
sub-307,sub-307_positive_00000_z48_y120_x108.npy,sub-307_positive_00000_z48_y120_x108.npy,1,48,120,108,12
sub-307,sub-307_positive_00001_z48_y120_x112.npy,sub-307_positive_00001_z48_y120_x112.npy,1,48,120,112,12
sub-307,sub-307_positive_00002_z48_y128_x108.npy,sub-307_positive_00002_z48_y128_x108.npy,1,48,128,108,12
sub-307,sub-307_positive_00003_z48_y128_x112.npy,sub-307_positive_00003_z48_y128_x112.npy,1,48,128,112,12
sub-307,sub-307_positive_00004_z56_y120_x108.npy,sub-307_positive_00004_z56_y120_x108.npy,1,56,120,108,12
sub-307,sub-307_positive_00005_z56_y120_x112.npy,sub-307_positive_00005_z56_y120_x112.npy,1,56,120,112,12
sub-307,sub-307_positive_00006_z56_y128_x108.npy,sub-307_positive_00006_z56_y128_x108.npy,1,56,128,108,12
sub-307,sub-307_positive_00007_z56_y128_x112.npy,sub-307_positive_00007_z56_y128_x112.npy,1,56,128,112,12
sub-307,sub-307_negative_00008_z40_y160_x248.npy,sub-307_negative_00008_z40_y160_x248.npy,0,40,160,248,0
sub-307,sub-307_negative_00009_z96_y48_x168.npy,sub-307_negative_00009_z96_y48_x168.npy,0,96,48,168,0
sub-307,sub-307_negative_00010_z64_y168_x192.npy,sub-307_negative_00010_z64_y168_x192.npy,0,64,168,192,0
sub-307,sub-307_negative_00011_z48_y8_x172.npy,sub-307_negative_00011_z48_y8_x172.npy,0,48,8,172,0
sub-307,sub-307_negative_00012_z40_y200_x248.npy,sub-307_negative_00012_z40_y200_x248.npy,0,40,200,248,0
sub-307,sub-307_negative_00013_z80_y24_x24.npy,sub-307_negative_00013_z80_y24_x24.npy,0,80,24,24,0
sub-307,sub-307_negative_00014_z16_y0_x12.npy,sub-307_negative_00014_z16_y0_x12.npy,0,16,0,12,0
sub-307,sub-307_negative_00015_z32_y56_x20.npy,sub-307_negative_00015_z32_y56_x20.npy,0,32,56,20,0
sub-307,sub-307_negative_00016_z16_y32_x100.npy,sub-307_negative_00016_z16_y32_x100.npy,0,16,32,100,0
sub-307,sub-307_negative_00017_z72_y72_x52.npy,sub-307_negative_00017_z72_y72_x52.npy,0,72,72,52,0
sub-307,sub-307_negative_00018_z16_y88_x80.npy,sub-307_negative_00018_z16_y88_x80.npy,0,16,88,80,0
sub-307,sub-307_negative_00019_z48_y112_x48.npy,sub-307_negative_00019_z48_y112_x48.npy,0,48,112,48,0
sub-307,sub-307_negative_00020_z40_y144_x200.npy,sub-307_negative_00020_z40_y144_x200.npy,0,40,144,200,0
sub-307,sub-307_negative_00021_z80_y160_x164.npy,sub-307_negative_00021_z80_y160_x164.npy,0,80,160,164,0
sub-307,sub-307_negative_00022_z32_y200_x12.npy,sub-307_negative_00022_z32_y200_x12.npy,0,32,200,12,0
sub-307,sub-307_negative_00023_z72_y8_x12.npy,sub-307_negative_00023_z72_y8_x12.npy,0,72,8,12,0
sub-307,sub-307_negative_00024_z80_y200_x72.npy,sub-307_negative_00024_z80_y200_x72.npy,0,80,200,72,0
sub-307,sub-307_negative_00025_z16_y144_x220.npy,sub-307_negative_00025_z16_y144_x220.npy,0,16,144,220,0
sub-307,sub-307_negative_00026_z88_y120_x228.npy,sub-307_negative_00026_z88_y120_x228.npy,0,88,120,228,0
sub-307,sub-307_negative_00027_z96_y136_x88.npy,sub-307_negative_00027_z96_y136_x88.npy,0,96,136,88,0
sub-307,sub-307_negative_00028_z16_y232_x76.npy,sub-307_negative_00028_z16_y232_x76.npy,0,16,232,76,0
sub-307,sub-307_negative_00029_z88_y240_x52.npy,sub-307_negative_00029_z88_y240_x52.npy,0,88,240,52,0
sub-307,sub-307_negative_00030_z88_y144_x48.npy,sub-307_negative_00030_z88_y144_x48.npy,0,88,144,48,0
sub-307,sub-307_negative_00031_z8_y160_x112.npy,sub-307_negative_00031_z8_y160_x112.npy,0,8,160,112,0
sub-307,sub-307_negative_00032_z16_y16_x172.npy,sub-307_negative_00032_z16_y16_x172.npy,0,16,16,172,0
sub-307,sub-307_negative_00033_z80_y216_x88.npy,sub-307_negative_00033_z80_y216_x88.npy,0,80,216,88,0
sub-307,sub-307_negative_00034_z80_y80_x80.npy,sub-307_negative_00034_z80_y80_x80.npy,0,80,80,80,0
sub-307,sub-307_negative_00035_z16_y112_x60.npy,sub-307_negative_00035_z16_y112_x60.npy,0,16,112,60,0
sub-307,sub-307_negative_00036_z72_y208_x168.npy,sub-307_negative_00036_z72_y208_x168.npy,0,72,208,168,0
sub-307,sub-307_negative_00037_z8_y200_x76.npy,sub-307_negative_00037_z8_y200_x76.npy,0,8,200,76,0
sub-307,sub-307_negative_00038_z24_y24_x124.npy,sub-307_negative_00038_z24_y24_x124.npy,0,24,24,124,0
sub-307,sub-307_negative_00039_z56_y40_x228.npy,sub-307_negative_00039_z56_y40_x228.npy,0,56,40,228,0
sub-307,sub-307_negative_00040_z72_y24_x20.npy,sub-307_negative_00040_z72_y24_x20.npy,0,72,24,20,0
sub-307,sub-307_negative_00041_z48_y200_x104.npy,sub-307_negative_00041_z48_y200_x104.npy,0,48,200,104,0
sub-307,sub-307_negative_00042_z56_y16_x44.npy,sub-307_negative_00042_z56_y16_x44.npy,0,56,16,44,0
sub-307,sub-307_negative_00043_z24_y184_x32.npy,sub-307_negative_00043_z24_y184_x32.npy,0,24,184,32,0
sub-307,sub-307_negative_00044_z88_y184_x116.npy,sub-307_negative_00044_z88_y184_x116.npy,0,88,184,116,0
sub-307,sub-307_negative_00045_z80_y40_x192.npy,sub-307_negative_00045_z80_y40_x192.npy,0,80,40,192,0
sub-307,sub-307_negative_00046_z64_y80_x192.npy,sub-307_negative_00046_z64_y80_x192.npy,0,64,80,192,0
sub-307,sub-307_negative_00047_z72_y240_x84.npy,sub-307_negative_00047_z72_y240_x84.npy,0,72,240,84,0
sub-307,sub-307_negative_00048_z8_y48_x4.npy,sub-307_negative_00048_z8_y48_x4.npy,0,8,48,4,0
sub-307,sub-307_negative_00049_z80_y232_x32.npy,sub-307_negative_00049_z80_y232_x32.npy,0,80,232,32,0
sub-307,sub-307_negative_00050_z56_y16_x220.npy,sub-307_negative_00050_z56_y16_x220.npy,0,56,16,220,0
sub-307,sub-307_negative_00051_z40_y8_x16.npy,sub-307_negative_00051_z40_y8_x16.npy,0,40,8,16,0
sub-307,sub-307_negative_00052_z40_y184_x36.npy,sub-307_negative_00052_z40_y184_x36.npy,0,40,184,36,0
sub-307,sub-307_negative_00053_z48_y40_x116.npy,sub-307_negative_00053_z48_y40_x116.npy,0,48,40,116,0
sub-307,sub-307_negative_00054_z64_y40_x172.npy,sub-307_negative_00054_z64_y40_x172.npy,0,64,40,172,0
sub-307,sub-307_negative_00055_z0_y216_x76.npy,sub-307_negative_00055_z0_y216_x76.npy,0,0,216,76,0
sub-307,sub-307_negative_00056_z72_y208_x184.npy,sub-307_negative_00056_z72_y208_x184.npy,0,72,208,184,0
sub-307,sub-307_negative_00057_z16_y232_x84.npy,sub-307_negative_00057_z16_y232_x84.npy,0,16,232,84,0
sub-307,sub-307_negative_00058_z64_y112_x208.npy,sub-307_negative_00058_z64_y112_x208.npy,0,64,112,208,0
sub-307,sub-307_negative_00059_z88_y160_x216.npy,sub-307_negative_00059_z88_y160_x216.npy,0,88,160,216,0
sub-307,sub-307_negative_00060_z64_y208_x220.npy,sub-307_negative_00060_z64_y208_x220.npy,0,64,208,220,0
sub-307,sub-307_negative_00061_z32_y184_x124.npy,sub-307_negative_00061_z32_y184_x124.npy,0,32,184,124,0
sub-307,sub-307_negative_00062_z40_y192_x44.npy,sub-307_negative_00062_z40_y192_x44.npy,0,40,192,44,0
sub-307,sub-307_negative_00063_z48_y0_x76.npy,sub-307_negative_00063_z48_y0_x76.npy,0,48,0,76,0
sub-307,sub-307_negative_00064_z96_y0_x92.npy,sub-307_negative_00064_z96_y0_x92.npy,0,96,0,92,0
sub-307,sub-307_negative_00065_z48_y160_x36.npy,sub-307_negative_00065_z48_y160_x36.npy,0,48,160,36,0
sub-307,sub-307_negative_00066_z72_y128_x132.npy,sub-307_negative_00066_z72_y128_x132.npy,0,72,128,132,0
sub-307,sub-307_negative_00067_z72_y160_x32.npy,sub-307_negative_00067_z72_y160_x32.npy,0,72,160,32,0
sub-307,sub-307_negative_00068_z40_y48_x164.npy,sub-307_negative_00068_z40_y48_x164.npy,0,40,48,164,0
sub-307,sub-307_negative_00069_z32_y192_x232.npy,sub-307_negative_00069_z32_y192_x232.npy,0,32,192,232,0
sub-307,sub-307_negative_00070_z80_y0_x180.npy,sub-307_negative_00070_z80_y0_x180.npy,0,80,0,180,0
sub-307,sub-307_negative_00071_z0_y240_x180.npy,sub-307_negative_00071_z0_y240_x180.npy,0,0,240,180,0
sub-307,sub-307_negative_00072_z64_y64_x164.npy,sub-307_negative_00072_z64_y64_x164.npy,0,64,64,164,0
sub-307,sub-307_negative_00073_z64_y216_x16.npy,sub-307_negative_00073_z64_y216_x16.npy,0,64,216,16,0
sub-307,sub-307_negative_00074_z80_y176_x184.npy,sub-307_negative_00074_z80_y176_x184.npy,0,80,176,184,0
sub-307,sub-307_negative_00075_z8_y24_x124.npy,sub-307_negative_00075_z8_y24_x124.npy,0,8,24,124,0
sub-307,sub-307_negative_00076_z24_y144_x56.npy,sub-307_negative_00076_z24_y144_x56.npy,0,24,144,56,0
sub-307,sub-307_negative_00077_z8_y64_x36.npy,sub-307_negative_00077_z8_y64_x36.npy,0,8,64,36,0
sub-307,sub-307_negative_00078_z96_y144_x88.npy,sub-307_negative_00078_z96_y144_x88.npy,0,96,144,88,0
sub-307,sub-307_negative_00079_z72_y200_x212.npy,sub-307_negative_00079_z72_y200_x212.npy,0,72,200,212,0
sub-307,sub-307_negative_00080_z0_y136_x152.npy,sub-307_negative_00080_z0_y136_x152.npy,0,0,136,152,0
sub-307,sub-307_negative_00081_z88_y24_x188.npy,sub-307_negative_00081_z88_y24_x188.npy,0,88,24,188,0
sub-307,sub-307_negative_00082_z72_y16_x180.npy,sub-307_negative_00082_z72_y16_x180.npy,0,72,16,180,0
sub-307,sub-307_negative_00083_z40_y160_x68.npy,sub-307_negative_00083_z40_y160_x68.npy,0,40,160,68,0
sub-307,sub-307_negative_00084_z88_y32_x12.npy,sub-307_negative_00084_z88_y32_x12.npy,0,88,32,12,0
sub-307,sub-307_negative_00085_z16_y128_x64.npy,sub-307_negative_00085_z16_y128_x64.npy,0,16,128,64,0
sub-307,sub-307_negative_00086_z32_y176_x84.npy,sub-307_negative_00086_z32_y176_x84.npy,0,32,176,84,0
sub-307,sub-307_negative_00087_z0_y200_x160.npy,sub-307_negative_00087_z0_y200_x160.npy,0,0,200,160,0
sub-307,sub-307_negative_00088_z8_y48_x200.npy,sub-307_negative_00088_z8_y48_x200.npy,0,8,48,200,0
sub-307,sub-307_negative_00089_z48_y112_x236.npy,sub-307_negative_00089_z48_y112_x236.npy,0,48,112,236,0
sub-307,sub-307_negative_00090_z96_y152_x204.npy,sub-307_negative_00090_z96_y152_x204.npy,0,96,152,204,0
sub-307,sub-307_negative_00091_z40_y168_x36.npy,sub-307_negative_00091_z40_y168_x36.npy,0,40,168,36,0
sub-307,sub-307_negative_00092_z32_y8_x196.npy,sub-307_negative_00092_z32_y8_x196.npy,0,32,8,196,0
sub-307,sub-307_negative_00093_z80_y112_x60.npy,sub-307_negative_00093_z80_y112_x60.npy,0,80,112,60,0
sub-307,sub-307_negative_00094_z64_y48_x0.npy,sub-307_negative_00094_z64_y48_x0.npy,0,64,48,0,0
sub-307,sub-307_negative_00095_z64_y192_x172.npy,sub-307_negative_00095_z64_y192_x172.npy,0,64,192,172,0
sub-307,sub-307_negative_00096_z48_y16_x236.npy,sub-307_negative_00096_z48_y16_x236.npy,0,48,16,236,0
sub-307,sub-307_negative_00097_z80_y32_x16.npy,sub-307_negative_00097_z80_y32_x16.npy,0,80,32,16,0
sub-307,sub-307_negative_00098_z40_y80_x72.npy,sub-307_negative_00098_z40_y80_x72.npy,0,40,80,72,0
sub-307,sub-307_negative_00099_z32_y144_x128.npy,sub-307_negative_00099_z32_y144_x128.npy,0,32,144,128,0
sub-307,sub-307_negative_00100_z72_y160_x180.npy,sub-307_negative_00100_z72_y160_x180.npy,0,72,160,180,0
sub-307,sub-307_negative_00101_z8_y168_x72.npy,sub-307_negative_00101_z8_y168_x72.npy,0,8,168,72,0
sub-307,sub-307_negative_00102_z64_y224_x104.npy,sub-307_negative_00102_z64_y224_x104.npy,0,64,224,104,0
sub-307,sub-307_negative_00103_z32_y64_x228.npy,sub-307_negative_00103_z32_y64_x228.npy,0,32,64,228,0
sub-307,sub-307_negative_00104_z8_y32_x204.npy,sub-307_negative_00104_z8_y32_x204.npy,0,8,32,204,0
sub-307,sub-307_negative_00105_z56_y80_x72.npy,sub-307_negative_00105_z56_y80_x72.npy,0,56,80,72,0
sub-307,sub-307_negative_00106_z40_y200_x220.npy,sub-307_negative_00106_z40_y200_x220.npy,0,40,200,220,0
sub-307,sub-307_negative_00107_z80_y200_x92.npy,sub-307_negative_00107_z80_y200_x92.npy,0,80,200,92,0
sub-212,sub-212_positive_00000_z88_y160_x128.npy,sub-212_positive_00000_z88_y160_x128.npy,1,88,160,128,5
sub-212,sub-212_positive_00001_z88_y160_x132.npy,sub-212_positive_00001_z88_y160_x132.npy,1,88,160,132,5
sub-212,sub-212_positive_00002_z88_y168_x128.npy,sub-212_positive_00002_z88_y168_x128.npy,1,88,168,128,5
sub-212,sub-212_positive_00003_z88_y168_x132.npy,sub-212_positive_00003_z88_y168_x132.npy,1,88,168,132,5
sub-212,sub-212_positive_00004_z96_y160_x128.npy,sub-212_positive_00004_z96_y160_x128.npy,1,96,160,128,5
sub-212,sub-212_positive_00005_z96_y160_x132.npy,sub-212_positive_00005_z96_y160_x132.npy,1,96,160,132,5
sub-212,sub-212_positive_00006_z96_y168_x128.npy,sub-212_positive_00006_z96_y168_x128.npy,1,96,168,128,5
sub-212,sub-212_positive_00007_z96_y168_x132.npy,sub-212_positive_00007_z96_y168_x132.npy,1,96,168,132,5
sub-212,sub-212_negative_00008_z56_y200_x212.npy,sub-212_negative_00008_z56_y200_x212.npy,0,56,200,212,0
sub-212,sub-212_negative_00009_z128_y216_x116.npy,sub-212_negative_00009_z128_y216_x116.npy,0,128,216,116,0
sub-212,sub-212_negative_00010_z96_y8_x108.npy,sub-212_negative_00010_z96_y8_x108.npy,0,96,8,108,0
sub-212,sub-212_negative_00011_z64_y88_x148.npy,sub-212_negative_00011_z64_y88_x148.npy,0,64,88,148,0
sub-212,sub-212_negative_00012_z64_y16_x164.npy,sub-212_negative_00012_z64_y16_x164.npy,0,64,16,164,0
sub-212,sub-212_negative_00013_z104_y232_x172.npy,sub-212_negative_00013_z104_y232_x172.npy,0,104,232,172,0
sub-212,sub-212_negative_00014_z16_y184_x44.npy,sub-212_negative_00014_z16_y184_x44.npy,0,16,184,44,0
sub-212,sub-212_negative_00015_z40_y200_x176.npy,sub-212_negative_00015_z40_y200_x176.npy,0,40,200,176,0
sub-212,sub-212_negative_00016_z16_y232_x8.npy,sub-212_negative_00016_z16_y232_x8.npy,0,16,232,8,0
sub-212,sub-212_negative_00017_z96_y208_x112.npy,sub-212_negative_00017_z96_y208_x112.npy,0,96,208,112,0
sub-212,sub-212_negative_00018_z24_y64_x76.npy,sub-212_negative_00018_z24_y64_x76.npy,0,24,64,76,0
sub-212,sub-212_negative_00019_z64_y224_x88.npy,sub-212_negative_00019_z64_y224_x88.npy,0,64,224,88,0
sub-212,sub-212_negative_00020_z56_y184_x20.npy,sub-212_negative_00020_z56_y184_x20.npy,0,56,184,20,0
sub-212,sub-212_negative_00021_z112_y184_x80.npy,sub-212_negative_00021_z112_y184_x80.npy,0,112,184,80,0
sub-212,sub-212_negative_00022_z48_y152_x196.npy,sub-212_negative_00022_z48_y152_x196.npy,0,48,152,196,0
sub-212,sub-212_negative_00023_z96_y120_x120.npy,sub-212_negative_00023_z96_y120_x120.npy,0,96,120,120,0
sub-212,sub-212_negative_00024_z112_y232_x72.npy,sub-212_negative_00024_z112_y232_x72.npy,0,112,232,72,0
sub-212,sub-212_negative_00025_z24_y144_x112.npy,sub-212_negative_00025_z24_y144_x112.npy,0,24,144,112,0
sub-212,sub-212_negative_00026_z120_y224_x128.npy,sub-212_negative_00026_z120_y224_x128.npy,0,120,224,128,0
sub-212,sub-212_negative_00027_z136_y88_x216.npy,sub-212_negative_00027_z136_y88_x216.npy,0,136,88,216,0
sub-212,sub-212_negative_00028_z32_y16_x100.npy,sub-212_negative_00028_z32_y16_x100.npy,0,32,16,100,0
sub-212,sub-212_negative_00029_z128_y136_x140.npy,sub-212_negative_00029_z128_y136_x140.npy,0,128,136,140,0
sub-212,sub-212_negative_00030_z128_y8_x128.npy,sub-212_negative_00030_z128_y8_x128.npy,0,128,8,128,0
sub-212,sub-212_negative_00031_z16_y64_x240.npy,sub-212_negative_00031_z16_y64_x240.npy,0,16,64,240,0
sub-212,sub-212_negative_00032_z16_y208_x172.npy,sub-212_negative_00032_z16_y208_x172.npy,0,16,208,172,0
sub-212,sub-212_negative_00033_z120_y16_x88.npy,sub-212_negative_00033_z120_y16_x88.npy,0,120,16,88,0
sub-212,sub-212_negative_00034_z112_y72_x76.npy,sub-212_negative_00034_z112_y72_x76.npy,0,112,72,76,0
sub-212,sub-212_negative_00035_z24_y96_x48.npy,sub-212_negative_00035_z24_y96_x48.npy,0,24,96,48,0
sub-212,sub-212_negative_00036_z104_y152_x184.npy,sub-212_negative_00036_z104_y152_x184.npy,0,104,152,184,0
sub-212,sub-212_negative_00037_z16_y120_x108.npy,sub-212_negative_00037_z16_y120_x108.npy,0,16,120,108,0
sub-212,sub-212_negative_00038_z32_y72_x76.npy,sub-212_negative_00038_z32_y72_x76.npy,0,32,72,76,0
sub-212,sub-212_negative_00039_z72_y224_x192.npy,sub-212_negative_00039_z72_y224_x192.npy,0,72,224,192,0
sub-212,sub-212_negative_00040_z96_y136_x232.npy,sub-212_negative_00040_z96_y136_x232.npy,0,96,136,232,0
sub-212,sub-212_negative_00041_z72_y104_x112.npy,sub-212_negative_00041_z72_y104_x112.npy,0,72,104,112,0
sub-212,sub-212_negative_00042_z72_y184_x200.npy,sub-212_negative_00042_z72_y184_x200.npy,0,72,184,200,0
sub-212,sub-212_negative_00043_z40_y40_x156.npy,sub-212_negative_00043_z40_y40_x156.npy,0,40,40,156,0
sub-212,sub-212_negative_00044_z128_y64_x124.npy,sub-212_negative_00044_z128_y64_x124.npy,0,128,64,124,0
sub-212,sub-212_negative_00045_z112_y24_x100.npy,sub-212_negative_00045_z112_y24_x100.npy,0,112,24,100,0
sub-212,sub-212_negative_00046_z88_y128_x200.npy,sub-212_negative_00046_z88_y128_x200.npy,0,88,128,200,0
sub-212,sub-212_negative_00047_z104_y192_x128.npy,sub-212_negative_00047_z104_y192_x128.npy,0,104,192,128,0
sub-212,sub-212_negative_00048_z8_y152_x156.npy,sub-212_negative_00048_z8_y152_x156.npy,0,8,152,156,0
sub-212,sub-212_negative_00049_z120_y32_x104.npy,sub-212_negative_00049_z120_y32_x104.npy,0,120,32,104,0
sub-212,sub-212_negative_00050_z72_y192_x168.npy,sub-212_negative_00050_z72_y192_x168.npy,0,72,192,168,0
sub-212,sub-212_negative_00051_z48_y232_x36.npy,sub-212_negative_00051_z48_y232_x36.npy,0,48,232,36,0
sub-212,sub-212_negative_00052_z56_y224_x212.npy,sub-212_negative_00052_z56_y224_x212.npy,0,56,224,212,0
sub-212,sub-212_negative_00053_z64_y128_x152.npy,sub-212_negative_00053_z64_y128_x152.npy,0,64,128,152,0
sub-212,sub-212_negative_00054_z88_y72_x200.npy,sub-212_negative_00054_z88_y72_x200.npy,0,88,72,200,0
sub-212,sub-212_negative_00055_z8_y48_x148.npy,sub-212_negative_00055_z8_y48_x148.npy,0,8,48,148,0
sub-212,sub-212_negative_00056_z104_y152_x236.npy,sub-212_negative_00056_z104_y152_x236.npy,0,104,152,236,0
sub-212,sub-212_negative_00057_z136_y232_x152.npy,sub-212_negative_00057_z136_y232_x152.npy,0,136,232,152,0
sub-212,sub-212_negative_00058_z88_y176_x96.npy,sub-212_negative_00058_z88_y176_x96.npy,0,88,176,96,0
sub-212,sub-212_negative_00059_z128_y32_x220.npy,sub-212_negative_00059_z128_y32_x220.npy,0,128,32,220,0
sub-212,sub-212_negative_00060_z96_y64_x88.npy,sub-212_negative_00060_z96_y64_x88.npy,0,96,64,88,0
sub-212,sub-212_negative_00061_z48_y136_x172.npy,sub-212_negative_00061_z48_y136_x172.npy,0,48,136,172,0
sub-212,sub-212_negative_00062_z64_y0_x52.npy,sub-212_negative_00062_z64_y0_x52.npy,0,64,0,52,0
sub-212,sub-212_negative_00063_z64_y72_x176.npy,sub-212_negative_00063_z64_y72_x176.npy,0,64,72,176,0
sub-212,sub-212_negative_00064_z128_y152_x72.npy,sub-212_negative_00064_z128_y152_x72.npy,0,128,152,72,0
sub-212,sub-212_negative_00065_z72_y48_x88.npy,sub-212_negative_00065_z72_y48_x88.npy,0,72,48,88,0
sub-212,sub-212_negative_00066_z104_y48_x68.npy,sub-212_negative_00066_z104_y48_x68.npy,0,104,48,68,0
sub-212,sub-212_negative_00067_z104_y80_x232.npy,sub-212_negative_00067_z104_y80_x232.npy,0,104,80,232,0
sub-212,sub-212_negative_00068_z56_y48_x184.npy,sub-212_negative_00068_z56_y48_x184.npy,0,56,48,184,0
sub-212,sub-212_negative_00069_z48_y152_x172.npy,sub-212_negative_00069_z48_y152_x172.npy,0,48,152,172,0
sub-212,sub-212_negative_00070_z104_y208_x176.npy,sub-212_negative_00070_z104_y208_x176.npy,0,104,208,176,0
sub-212,sub-212_negative_00071_z8_y88_x40.npy,sub-212_negative_00071_z8_y88_x40.npy,0,8,88,40,0
sub-212,sub-212_negative_00072_z88_y104_x184.npy,sub-212_negative_00072_z88_y104_x184.npy,0,88,104,184,0
sub-212,sub-212_negative_00073_z96_y64_x120.npy,sub-212_negative_00073_z96_y64_x120.npy,0,96,64,120,0
sub-212,sub-212_negative_00074_z112_y208_x24.npy,sub-212_negative_00074_z112_y208_x24.npy,0,112,208,24,0
sub-212,sub-212_negative_00075_z8_y128_x64.npy,sub-212_negative_00075_z8_y128_x64.npy,0,8,128,64,0
sub-212,sub-212_negative_00076_z32_y232_x32.npy,sub-212_negative_00076_z32_y232_x32.npy,0,32,232,32,0
sub-212,sub-212_negative_00077_z8_y176_x112.npy,sub-212_negative_00077_z8_y176_x112.npy,0,8,176,112,0
sub-212,sub-212_negative_00078_z136_y104_x76.npy,sub-212_negative_00078_z136_y104_x76.npy,0,136,104,76,0
sub-212,sub-212_negative_00079_z104_y144_x164.npy,sub-212_negative_00079_z104_y144_x164.npy,0,104,144,164,0
sub-212,sub-212_negative_00080_z0_y184_x148.npy,sub-212_negative_00080_z0_y184_x148.npy,0,0,184,148,0
sub-212,sub-212_negative_00081_z120_y96_x80.npy,sub-212_negative_00081_z120_y96_x80.npy,0,120,96,80,0
sub-212,sub-212_negative_00082_z96_y136_x144.npy,sub-212_negative_00082_z96_y136_x144.npy,0,96,136,144,0
sub-212,sub-212_negative_00083_z56_y192_x216.npy,sub-212_negative_00083_z56_y192_x216.npy,0,56,192,216,0
sub-212,sub-212_negative_00084_z120_y96_x148.npy,sub-212_negative_00084_z120_y96_x148.npy,0,120,96,148,0
sub-212,sub-212_negative_00085_z24_y112_x224.npy,sub-212_negative_00085_z24_y112_x224.npy,0,24,112,224,0
sub-212,sub-212_negative_00086_z48_y128_x44.npy,sub-212_negative_00086_z48_y128_x44.npy,0,48,128,44,0
sub-212,sub-212_negative_00087_z8_y32_x92.npy,sub-212_negative_00087_z8_y32_x92.npy,0,8,32,92,0
sub-212,sub-212_negative_00088_z8_y160_x168.npy,sub-212_negative_00088_z8_y160_x168.npy,0,8,160,168,0
sub-212,sub-212_negative_00089_z64_y232_x116.npy,sub-212_negative_00089_z64_y232_x116.npy,0,64,232,116,0
sub-212,sub-212_negative_00090_z136_y120_x104.npy,sub-212_negative_00090_z136_y120_x104.npy,0,136,120,104,0
sub-212,sub-212_negative_00091_z56_y208_x60.npy,sub-212_negative_00091_z56_y208_x60.npy,0,56,208,60,0
sub-212,sub-212_negative_00092_z40_y144_x140.npy,sub-212_negative_00092_z40_y144_x140.npy,0,40,144,140,0
sub-212,sub-212_negative_00093_z112_y112_x120.npy,sub-212_negative_00093_z112_y112_x120.npy,0,112,112,120,0
sub-212,sub-212_negative_00094_z88_y80_x96.npy,sub-212_negative_00094_z88_y80_x96.npy,0,88,80,96,0
sub-212,sub-212_negative_00095_z96_y40_x116.npy,sub-212_negative_00095_z96_y40_x116.npy,0,96,40,116,0
sub-212,sub-212_negative_00096_z64_y104_x64.npy,sub-212_negative_00096_z64_y104_x64.npy,0,64,104,64,0
sub-212,sub-212_negative_00097_z112_y8_x24.npy,sub-212_negative_00097_z112_y8_x24.npy,0,112,8,24,0
sub-212,sub-212_negative_00098_z56_y88_x136.npy,sub-212_negative_00098_z56_y88_x136.npy,0,56,88,136,0
sub-212,sub-212_negative_00099_z48_y88_x16.npy,sub-212_negative_00099_z48_y88_x16.npy,0,48,88,16,0
sub-212,sub-212_negative_00100_z104_y88_x180.npy,sub-212_negative_00100_z104_y88_x180.npy,0,104,88,180,0
sub-212,sub-212_negative_00101_z16_y80_x20.npy,sub-212_negative_00101_z16_y80_x20.npy,0,16,80,20,0
sub-212,sub-212_negative_00102_z96_y80_x92.npy,sub-212_negative_00102_z96_y80_x92.npy,0,96,80,92,0
sub-212,sub-212_negative_00103_z40_y224_x32.npy,sub-212_negative_00103_z40_y224_x32.npy,0,40,224,32,0
sub-212,sub-212_negative_00104_z8_y144_x8.npy,sub-212_negative_00104_z8_y144_x8.npy,0,8,144,8,0
sub-212,sub-212_negative_00105_z80_y32_x136.npy,sub-212_negative_00105_z80_y32_x136.npy,0,80,32,136,0
sub-212,sub-212_negative_00106_z64_y16_x136.npy,sub-212_negative_00106_z64_y16_x136.npy,0,64,16,136,0
sub-212,sub-212_negative_00107_z112_y232_x108.npy,sub-212_negative_00107_z112_y232_x108.npy,0,112,232,108,0
sub-319,sub-319_positive_00000_z0_y72_x124.npy,sub-319_positive_00000_z0_y72_x124.npy,1,0,72,124,24
sub-319,sub-319_positive_00001_z0_y72_x128.npy,sub-319_positive_00001_z0_y72_x128.npy,1,0,72,128,24
sub-319,sub-319_positive_00002_z0_y80_x124.npy,sub-319_positive_00002_z0_y80_x124.npy,1,0,80,124,30
sub-319,sub-319_positive_00003_z0_y80_x128.npy,sub-319_positive_00003_z0_y80_x128.npy,1,0,80,128,30
sub-319,sub-319_positive_00004_z0_y88_x124.npy,sub-319_positive_00004_z0_y88_x124.npy,1,0,88,124,6
sub-319,sub-319_positive_00005_z0_y88_x128.npy,sub-319_positive_00005_z0_y88_x128.npy,1,0,88,128,6
sub-319,sub-319_negative_00006_z40_y168_x24.npy,sub-319_negative_00006_z40_y168_x24.npy,0,40,168,24,0
sub-319,sub-319_negative_00007_z96_y48_x164.npy,sub-319_negative_00007_z96_y48_x164.npy,0,96,48,164,0
sub-319,sub-319_negative_00008_z64_y168_x188.npy,sub-319_negative_00008_z64_y168_x188.npy,0,64,168,188,0
sub-319,sub-319_negative_00009_z48_y8_x200.npy,sub-319_negative_00009_z48_y8_x200.npy,0,48,8,200,0
sub-319,sub-319_negative_00010_z40_y208_x20.npy,sub-319_negative_00010_z40_y208_x20.npy,0,40,208,20,0
sub-319,sub-319_negative_00011_z80_y24_x20.npy,sub-319_negative_00011_z80_y24_x20.npy,0,80,24,20,0
sub-319,sub-319_negative_00012_z16_y0_x36.npy,sub-319_negative_00012_z16_y0_x36.npy,0,16,0,36,0
sub-319,sub-319_negative_00013_z32_y56_x48.npy,sub-319_negative_00013_z32_y56_x48.npy,0,32,56,48,0
sub-319,sub-319_negative_00014_z16_y32_x128.npy,sub-319_negative_00014_z16_y32_x128.npy,0,16,32,128,0
sub-319,sub-319_negative_00015_z72_y72_x48.npy,sub-319_negative_00015_z72_y72_x48.npy,0,72,72,48,0
sub-319,sub-319_negative_00016_z16_y88_x104.npy,sub-319_negative_00016_z16_y88_x104.npy,0,16,88,104,0
sub-319,sub-319_negative_00017_z48_y112_x76.npy,sub-319_negative_00017_z48_y112_x76.npy,0,48,112,76,0
sub-319,sub-319_negative_00018_z40_y144_x228.npy,sub-319_negative_00018_z40_y144_x228.npy,0,40,144,228,0
sub-319,sub-319_negative_00019_z80_y160_x160.npy,sub-319_negative_00019_z80_y160_x160.npy,0,80,160,160,0
sub-319,sub-319_negative_00020_z32_y200_x40.npy,sub-319_negative_00020_z32_y200_x40.npy,0,32,200,40,0
sub-319,sub-319_negative_00021_z72_y8_x12.npy,sub-319_negative_00021_z72_y8_x12.npy,0,72,8,12,0
sub-319,sub-319_negative_00022_z80_y200_x68.npy,sub-319_negative_00022_z80_y200_x68.npy,0,80,200,68,0
sub-319,sub-319_negative_00023_z16_y144_x244.npy,sub-319_negative_00023_z16_y144_x244.npy,0,16,144,244,0
sub-319,sub-319_negative_00024_z88_y120_x228.npy,sub-319_negative_00024_z88_y120_x228.npy,0,88,120,228,0
sub-319,sub-319_negative_00025_z96_y136_x88.npy,sub-319_negative_00025_z96_y136_x88.npy,0,96,136,88,0
sub-319,sub-319_negative_00026_z16_y232_x100.npy,sub-319_negative_00026_z16_y232_x100.npy,0,16,232,100,0
sub-319,sub-319_negative_00027_z88_y240_x52.npy,sub-319_negative_00027_z88_y240_x52.npy,0,88,240,52,0
sub-319,sub-319_negative_00028_z88_y144_x48.npy,sub-319_negative_00028_z88_y144_x48.npy,0,88,144,48,0
sub-319,sub-319_negative_00029_z8_y160_x136.npy,sub-319_negative_00029_z8_y160_x136.npy,0,8,160,136,0
sub-319,sub-319_negative_00030_z16_y16_x200.npy,sub-319_negative_00030_z16_y16_x200.npy,0,16,16,200,0
sub-319,sub-319_negative_00031_z80_y216_x88.npy,sub-319_negative_00031_z80_y216_x88.npy,0,80,216,88,0
sub-319,sub-319_negative_00032_z80_y80_x76.npy,sub-319_negative_00032_z80_y80_x76.npy,0,80,80,76,0
sub-319,sub-319_negative_00033_z16_y112_x88.npy,sub-319_negative_00033_z16_y112_x88.npy,0,16,112,88,0
sub-319,sub-319_negative_00034_z72_y208_x168.npy,sub-319_negative_00034_z72_y208_x168.npy,0,72,208,168,0
sub-319,sub-319_negative_00035_z8_y200_x100.npy,sub-319_negative_00035_z8_y200_x100.npy,0,8,200,100,0
sub-319,sub-319_negative_00036_z24_y24_x148.npy,sub-319_negative_00036_z24_y24_x148.npy,0,24,24,148,0
sub-319,sub-319_negative_00037_z56_y40_x240.npy,sub-319_negative_00037_z56_y40_x240.npy,0,56,40,240,0
sub-319,sub-319_negative_00038_z72_y24_x20.npy,sub-319_negative_00038_z72_y24_x20.npy,0,72,24,20,0
sub-319,sub-319_negative_00039_z48_y200_x116.npy,sub-319_negative_00039_z48_y200_x116.npy,0,48,200,116,0
sub-319,sub-319_negative_00040_z56_y16_x56.npy,sub-319_negative_00040_z56_y16_x56.npy,0,56,16,56,0
sub-319,sub-319_negative_00041_z24_y184_x60.npy,sub-319_negative_00041_z24_y184_x60.npy,0,24,184,60,0
sub-319,sub-319_negative_00042_z88_y184_x116.npy,sub-319_negative_00042_z88_y184_x116.npy,0,88,184,116,0
sub-319,sub-319_negative_00043_z80_y40_x188.npy,sub-319_negative_00043_z80_y40_x188.npy,0,80,40,188,0
sub-319,sub-319_negative_00044_z64_y80_x188.npy,sub-319_negative_00044_z64_y80_x188.npy,0,64,80,188,0
sub-319,sub-319_negative_00045_z72_y240_x80.npy,sub-319_negative_00045_z72_y240_x80.npy,0,72,240,80,0
sub-319,sub-319_negative_00046_z8_y48_x28.npy,sub-319_negative_00046_z8_y48_x28.npy,0,8,48,28,0
sub-319,sub-319_negative_00047_z80_y232_x28.npy,sub-319_negative_00047_z80_y232_x28.npy,0,80,232,28,0
sub-319,sub-319_negative_00048_z56_y16_x236.npy,sub-319_negative_00048_z56_y16_x236.npy,0,56,16,236,0
sub-319,sub-319_negative_00049_z40_y8_x44.npy,sub-319_negative_00049_z40_y8_x44.npy,0,40,8,44,0
sub-319,sub-319_negative_00050_z40_y184_x64.npy,sub-319_negative_00050_z40_y184_x64.npy,0,40,184,64,0
sub-319,sub-319_negative_00051_z48_y40_x144.npy,sub-319_negative_00051_z48_y40_x144.npy,0,48,40,144,0
sub-319,sub-319_negative_00052_z64_y40_x168.npy,sub-319_negative_00052_z64_y40_x168.npy,0,64,40,168,0
sub-319,sub-319_negative_00053_z0_y216_x100.npy,sub-319_negative_00053_z0_y216_x100.npy,0,0,216,100,0
sub-319,sub-319_negative_00054_z72_y208_x180.npy,sub-319_negative_00054_z72_y208_x180.npy,0,72,208,180,0
sub-319,sub-319_negative_00055_z16_y232_x108.npy,sub-319_negative_00055_z16_y232_x108.npy,0,16,232,108,0
sub-319,sub-319_negative_00056_z64_y112_x204.npy,sub-319_negative_00056_z64_y112_x204.npy,0,64,112,204,0
sub-319,sub-319_negative_00057_z88_y160_x216.npy,sub-319_negative_00057_z88_y160_x216.npy,0,88,160,216,0
sub-319,sub-319_negative_00058_z64_y208_x216.npy,sub-319_negative_00058_z64_y208_x216.npy,0,64,208,216,0
sub-319,sub-319_negative_00059_z32_y184_x148.npy,sub-319_negative_00059_z32_y184_x148.npy,0,32,184,148,0
sub-319,sub-319_negative_00060_z40_y192_x72.npy,sub-319_negative_00060_z40_y192_x72.npy,0,40,192,72,0
sub-319,sub-319_negative_00061_z48_y0_x104.npy,sub-319_negative_00061_z48_y0_x104.npy,0,48,0,104,0
sub-319,sub-319_negative_00062_z96_y0_x92.npy,sub-319_negative_00062_z96_y0_x92.npy,0,96,0,92,0
sub-319,sub-319_negative_00063_z48_y160_x48.npy,sub-319_negative_00063_z48_y160_x48.npy,0,48,160,48,0
sub-319,sub-319_negative_00064_z72_y128_x128.npy,sub-319_negative_00064_z72_y128_x128.npy,0,72,128,128,0
sub-319,sub-319_negative_00065_z72_y160_x28.npy,sub-319_negative_00065_z72_y160_x28.npy,0,72,160,28,0
sub-319,sub-319_negative_00066_z40_y48_x192.npy,sub-319_negative_00066_z40_y48_x192.npy,0,40,48,192,0
sub-319,sub-319_negative_00067_z32_y200_x8.npy,sub-319_negative_00067_z32_y200_x8.npy,0,32,200,8,0
sub-319,sub-319_negative_00068_z80_y0_x180.npy,sub-319_negative_00068_z80_y0_x180.npy,0,80,0,180,0
sub-319,sub-319_negative_00069_z0_y240_x204.npy,sub-319_negative_00069_z0_y240_x204.npy,0,0,240,204,0
sub-319,sub-319_negative_00070_z64_y64_x160.npy,sub-319_negative_00070_z64_y64_x160.npy,0,64,64,160,0
sub-319,sub-319_negative_00071_z64_y216_x12.npy,sub-319_negative_00071_z64_y216_x12.npy,0,64,216,12,0
sub-319,sub-319_negative_00072_z80_y176_x184.npy,sub-319_negative_00072_z80_y176_x184.npy,0,80,176,184,0
sub-319,sub-319_negative_00073_z8_y24_x148.npy,sub-319_negative_00073_z8_y24_x148.npy,0,8,24,148,0
sub-319,sub-319_negative_00074_z24_y144_x84.npy,sub-319_negative_00074_z24_y144_x84.npy,0,24,144,84,0
sub-319,sub-319_negative_00075_z8_y64_x60.npy,sub-319_negative_00075_z8_y64_x60.npy,0,8,64,60,0
sub-319,sub-319_negative_00076_z96_y144_x88.npy,sub-319_negative_00076_z96_y144_x88.npy,0,96,144,88,0
sub-319,sub-319_negative_00077_z72_y200_x208.npy,sub-319_negative_00077_z72_y200_x208.npy,0,72,200,208,0
sub-319,sub-319_negative_00078_z0_y136_x176.npy,sub-319_negative_00078_z0_y136_x176.npy,0,0,136,176,0
sub-319,sub-319_negative_00079_z88_y24_x188.npy,sub-319_negative_00079_z88_y24_x188.npy,0,88,24,188,0
sub-319,sub-319_negative_00080_z72_y16_x176.npy,sub-319_negative_00080_z72_y16_x176.npy,0,72,16,176,0
sub-319,sub-319_negative_00081_z40_y160_x96.npy,sub-319_negative_00081_z40_y160_x96.npy,0,40,160,96,0
sub-319,sub-319_negative_00082_z88_y32_x8.npy,sub-319_negative_00082_z88_y32_x8.npy,0,88,32,8,0
sub-319,sub-319_negative_00083_z16_y128_x92.npy,sub-319_negative_00083_z16_y128_x92.npy,0,16,128,92,0
sub-319,sub-319_negative_00084_z32_y176_x108.npy,sub-319_negative_00084_z32_y176_x108.npy,0,32,176,108,0
sub-319,sub-319_negative_00085_z0_y200_x184.npy,sub-319_negative_00085_z0_y200_x184.npy,0,0,200,184,0
sub-319,sub-319_negative_00086_z8_y48_x228.npy,sub-319_negative_00086_z8_y48_x228.npy,0,8,48,228,0
sub-319,sub-319_negative_00087_z48_y120_x12.npy,sub-319_negative_00087_z48_y120_x12.npy,0,48,120,12,0
sub-319,sub-319_negative_00088_z96_y152_x204.npy,sub-319_negative_00088_z96_y152_x204.npy,0,96,152,204,0
sub-319,sub-319_negative_00089_z40_y168_x60.npy,sub-319_negative_00089_z40_y168_x60.npy,0,40,168,60,0
sub-319,sub-319_negative_00090_z32_y8_x224.npy,sub-319_negative_00090_z32_y8_x224.npy,0,32,8,224,0
sub-319,sub-319_negative_00091_z80_y112_x56.npy,sub-319_negative_00091_z80_y112_x56.npy,0,80,112,56,0
sub-319,sub-319_negative_00092_z64_y40_x248.npy,sub-319_negative_00092_z64_y40_x248.npy,0,64,40,248,0
sub-319,sub-319_negative_00093_z64_y192_x172.npy,sub-319_negative_00093_z64_y192_x172.npy,0,64,192,172,0
sub-319,sub-319_negative_00094_z48_y24_x12.npy,sub-319_negative_00094_z48_y24_x12.npy,0,48,24,12,0
sub-319,sub-319_negative_00095_z80_y32_x12.npy,sub-319_negative_00095_z80_y32_x12.npy,0,80,32,12,0
sub-319,sub-319_negative_00096_z40_y80_x100.npy,sub-319_negative_00096_z40_y80_x100.npy,0,40,80,100,0
sub-319,sub-319_negative_00097_z32_y144_x156.npy,sub-319_negative_00097_z32_y144_x156.npy,0,32,144,156,0
sub-319,sub-319_negative_00098_z72_y160_x176.npy,sub-319_negative_00098_z72_y160_x176.npy,0,72,160,176,0
sub-319,sub-319_negative_00099_z8_y168_x96.npy,sub-319_negative_00099_z8_y168_x96.npy,0,8,168,96,0
sub-319,sub-319_negative_00100_z64_y224_x100.npy,sub-319_negative_00100_z64_y224_x100.npy,0,64,224,100,0
sub-319,sub-319_negative_00101_z32_y72_x0.npy,sub-319_negative_00101_z32_y72_x0.npy,0,32,72,0,0
sub-319,sub-319_negative_00102_z8_y32_x228.npy,sub-319_negative_00102_z8_y32_x228.npy,0,8,32,228,0
sub-319,sub-319_negative_00103_z56_y80_x84.npy,sub-319_negative_00103_z56_y80_x84.npy,0,56,80,84,0
sub-319,sub-319_negative_00104_z40_y200_x248.npy,sub-319_negative_00104_z40_y200_x248.npy,0,40,200,248,0
sub-319,sub-319_negative_00105_z80_y200_x92.npy,sub-319_negative_00105_z80_y200_x92.npy,0,80,200,92,0
sub-214,sub-214_negative_00000_z56_y200_x224.npy,sub-214_negative_00000_z56_y200_x224.npy,0,56,200,224,0
sub-214,sub-214_negative_00001_z128_y216_x112.npy,sub-214_negative_00001_z128_y216_x112.npy,0,128,216,112,0
sub-214,sub-214_negative_00002_z96_y8_x116.npy,sub-214_negative_00002_z96_y8_x116.npy,0,96,8,116,0
sub-214,sub-214_negative_00003_z64_y88_x164.npy,sub-214_negative_00003_z64_y88_x164.npy,0,64,88,164,0
sub-214,sub-214_negative_00004_z64_y16_x180.npy,sub-214_negative_00004_z64_y16_x180.npy,0,64,16,180,0
sub-214,sub-214_negative_00005_z104_y232_x168.npy,sub-214_negative_00005_z104_y232_x168.npy,0,104,232,168,0
sub-214,sub-214_negative_00006_z16_y184_x48.npy,sub-214_negative_00006_z16_y184_x48.npy,0,16,184,48,0
sub-214,sub-214_negative_00007_z40_y200_x184.npy,sub-214_negative_00007_z40_y200_x184.npy,0,40,200,184,0
sub-214,sub-214_negative_00008_z16_y232_x12.npy,sub-214_negative_00008_z16_y232_x12.npy,0,16,232,12,0
sub-214,sub-214_negative_00009_z96_y208_x104.npy,sub-214_negative_00009_z96_y208_x104.npy,0,96,208,104,0
sub-214,sub-214_negative_00010_z24_y64_x84.npy,sub-214_negative_00010_z24_y64_x84.npy,0,24,64,84,0
sub-214,sub-214_negative_00011_z64_y224_x104.npy,sub-214_negative_00011_z64_y224_x104.npy,0,64,224,104,0
sub-214,sub-214_negative_00012_z56_y184_x36.npy,sub-214_negative_00012_z56_y184_x36.npy,0,56,184,36,0
sub-214,sub-214_negative_00013_z112_y184_x76.npy,sub-214_negative_00013_z112_y184_x76.npy,0,112,184,76,0
sub-214,sub-214_negative_00014_z48_y152_x208.npy,sub-214_negative_00014_z48_y152_x208.npy,0,48,152,208,0
sub-214,sub-214_negative_00015_z96_y120_x128.npy,sub-214_negative_00015_z96_y120_x128.npy,0,96,120,128,0
sub-214,sub-214_negative_00016_z112_y232_x68.npy,sub-214_negative_00016_z112_y232_x68.npy,0,112,232,68,0
sub-214,sub-214_negative_00017_z24_y144_x120.npy,sub-214_negative_00017_z24_y144_x120.npy,0,24,144,120,0
sub-214,sub-214_negative_00018_z120_y224_x124.npy,sub-214_negative_00018_z120_y224_x124.npy,0,120,224,124,0
sub-214,sub-214_negative_00019_z136_y88_x212.npy,sub-214_negative_00019_z136_y88_x212.npy,0,136,88,212,0
sub-214,sub-214_negative_00020_z32_y16_x108.npy,sub-214_negative_00020_z32_y16_x108.npy,0,32,16,108,0
sub-214,sub-214_negative_00021_z128_y136_x140.npy,sub-214_negative_00021_z128_y136_x140.npy,0,128,136,140,0
sub-214,sub-214_negative_00022_z128_y8_x124.npy,sub-214_negative_00022_z128_y8_x124.npy,0,128,8,124,0
sub-214,sub-214_negative_00023_z16_y72_x0.npy,sub-214_negative_00023_z16_y72_x0.npy,0,16,72,0,0
sub-214,sub-214_negative_00024_z16_y208_x176.npy,sub-214_negative_00024_z16_y208_x176.npy,0,16,208,176,0
sub-214,sub-214_negative_00025_z120_y16_x84.npy,sub-214_negative_00025_z120_y16_x84.npy,0,120,16,84,0
sub-214,sub-214_negative_00026_z112_y72_x68.npy,sub-214_negative_00026_z112_y72_x68.npy,0,112,72,68,0
sub-214,sub-214_negative_00027_z24_y96_x52.npy,sub-214_negative_00027_z24_y96_x52.npy,0,24,96,52,0
sub-214,sub-214_negative_00028_z104_y152_x176.npy,sub-214_negative_00028_z104_y152_x176.npy,0,104,152,176,0
sub-214,sub-214_negative_00029_z16_y120_x112.npy,sub-214_negative_00029_z16_y120_x112.npy,0,16,120,112,0
sub-214,sub-214_negative_00030_z32_y72_x84.npy,sub-214_negative_00030_z32_y72_x84.npy,0,32,72,84,0
sub-214,sub-214_negative_00031_z72_y224_x212.npy,sub-214_negative_00031_z72_y224_x212.npy,0,72,224,212,0
sub-214,sub-214_negative_00032_z96_y136_x236.npy,sub-214_negative_00032_z96_y136_x236.npy,0,96,136,236,0
sub-214,sub-214_negative_00033_z72_y104_x128.npy,sub-214_negative_00033_z72_y104_x128.npy,0,72,104,128,0
sub-214,sub-214_negative_00034_z72_y184_x216.npy,sub-214_negative_00034_z72_y184_x216.npy,0,72,184,216,0
sub-214,sub-214_negative_00035_z40_y40_x164.npy,sub-214_negative_00035_z40_y40_x164.npy,0,40,40,164,0
sub-214,sub-214_negative_00036_z128_y64_x120.npy,sub-214_negative_00036_z128_y64_x120.npy,0,128,64,120,0
sub-214,sub-214_negative_00037_z112_y24_x92.npy,sub-214_negative_00037_z112_y24_x92.npy,0,112,24,92,0
sub-214,sub-214_negative_00038_z88_y128_x220.npy,sub-214_negative_00038_z88_y128_x220.npy,0,88,128,220,0
sub-214,sub-214_negative_00039_z104_y192_x120.npy,sub-214_negative_00039_z104_y192_x120.npy,0,104,192,120,0
sub-214,sub-214_negative_00040_z8_y152_x156.npy,sub-214_negative_00040_z8_y152_x156.npy,0,8,152,156,0
sub-214,sub-214_negative_00041_z120_y32_x100.npy,sub-214_negative_00041_z120_y32_x100.npy,0,120,32,100,0
sub-214,sub-214_negative_00042_z72_y192_x184.npy,sub-214_negative_00042_z72_y192_x184.npy,0,72,192,184,0
sub-214,sub-214_negative_00043_z48_y232_x48.npy,sub-214_negative_00043_z48_y232_x48.npy,0,48,232,48,0
sub-214,sub-214_negative_00044_z56_y224_x228.npy,sub-214_negative_00044_z56_y224_x228.npy,0,56,224,228,0
sub-214,sub-214_negative_00045_z64_y128_x168.npy,sub-214_negative_00045_z64_y128_x168.npy,0,64,128,168,0
sub-214,sub-214_negative_00046_z88_y72_x220.npy,sub-214_negative_00046_z88_y72_x220.npy,0,88,72,220,0
sub-214,sub-214_negative_00047_z8_y48_x148.npy,sub-214_negative_00047_z8_y48_x148.npy,0,8,48,148,0
sub-214,sub-214_negative_00048_z104_y152_x228.npy,sub-214_negative_00048_z104_y152_x228.npy,0,104,152,228,0
sub-214,sub-214_negative_00049_z136_y232_x152.npy,sub-214_negative_00049_z136_y232_x152.npy,0,136,232,152,0
sub-214,sub-214_negative_00050_z88_y176_x104.npy,sub-214_negative_00050_z88_y176_x104.npy,0,88,176,104,0
sub-214,sub-214_negative_00051_z128_y32_x216.npy,sub-214_negative_00051_z128_y32_x216.npy,0,128,32,216,0
sub-214,sub-214_negative_00052_z96_y64_x96.npy,sub-214_negative_00052_z96_y64_x96.npy,0,96,64,96,0
sub-214,sub-214_negative_00053_z48_y136_x184.npy,sub-214_negative_00053_z48_y136_x184.npy,0,48,136,184,0
sub-214,sub-214_negative_00054_z64_y0_x68.npy,sub-214_negative_00054_z64_y0_x68.npy,0,64,0,68,0
sub-214,sub-214_negative_00055_z64_y72_x188.npy,sub-214_negative_00055_z64_y72_x188.npy,0,64,72,188,0
sub-214,sub-214_negative_00056_z128_y152_x72.npy,sub-214_negative_00056_z128_y152_x72.npy,0,128,152,72,0
sub-214,sub-214_negative_00057_z72_y48_x108.npy,sub-214_negative_00057_z72_y48_x108.npy,0,72,48,108,0
sub-214,sub-214_negative_00058_z104_y48_x60.npy,sub-214_negative_00058_z104_y48_x60.npy,0,104,48,60,0
sub-214,sub-214_negative_00059_z104_y80_x224.npy,sub-214_negative_00059_z104_y80_x224.npy,0,104,80,224,0
sub-214,sub-214_negative_00060_z56_y48_x200.npy,sub-214_negative_00060_z56_y48_x200.npy,0,56,48,200,0
sub-214,sub-214_negative_00061_z48_y152_x184.npy,sub-214_negative_00061_z48_y152_x184.npy,0,48,152,184,0
sub-214,sub-214_negative_00062_z104_y208_x168.npy,sub-214_negative_00062_z104_y208_x168.npy,0,104,208,168,0
sub-214,sub-214_negative_00063_z8_y88_x44.npy,sub-214_negative_00063_z8_y88_x44.npy,0,8,88,44,0
sub-214,sub-214_negative_00064_z88_y104_x204.npy,sub-214_negative_00064_z88_y104_x204.npy,0,88,104,204,0
sub-214,sub-214_negative_00065_z96_y64_x128.npy,sub-214_negative_00065_z96_y64_x128.npy,0,96,64,128,0
sub-214,sub-214_negative_00066_z112_y208_x16.npy,sub-214_negative_00066_z112_y208_x16.npy,0,112,208,16,0
sub-214,sub-214_negative_00067_z8_y128_x68.npy,sub-214_negative_00067_z8_y128_x68.npy,0,8,128,68,0
sub-214,sub-214_negative_00068_z32_y232_x40.npy,sub-214_negative_00068_z32_y232_x40.npy,0,32,232,40,0
sub-214,sub-214_negative_00069_z8_y176_x116.npy,sub-214_negative_00069_z8_y176_x116.npy,0,8,176,116,0
sub-214,sub-214_negative_00070_z136_y104_x76.npy,sub-214_negative_00070_z136_y104_x76.npy,0,136,104,76,0
sub-214,sub-214_negative_00071_z104_y144_x156.npy,sub-214_negative_00071_z104_y144_x156.npy,0,104,144,156,0
sub-214,sub-214_negative_00072_z0_y184_x148.npy,sub-214_negative_00072_z0_y184_x148.npy,0,0,184,148,0
sub-214,sub-214_negative_00073_z120_y96_x76.npy,sub-214_negative_00073_z120_y96_x76.npy,0,120,96,76,0
sub-214,sub-214_negative_00074_z96_y136_x152.npy,sub-214_negative_00074_z96_y136_x152.npy,0,96,136,152,0
sub-214,sub-214_negative_00075_z56_y192_x232.npy,sub-214_negative_00075_z56_y192_x232.npy,0,56,192,232,0
sub-214,sub-214_negative_00076_z120_y96_x144.npy,sub-214_negative_00076_z120_y96_x144.npy,0,120,96,144,0
sub-214,sub-214_negative_00077_z24_y112_x232.npy,sub-214_negative_00077_z24_y112_x232.npy,0,24,112,232,0
sub-214,sub-214_negative_00078_z48_y128_x52.npy,sub-214_negative_00078_z48_y128_x52.npy,0,48,128,52,0
sub-214,sub-214_negative_00079_z8_y32_x96.npy,sub-214_negative_00079_z8_y32_x96.npy,0,8,32,96,0
sub-214,sub-214_negative_00080_z8_y160_x172.npy,sub-214_negative_00080_z8_y160_x172.npy,0,8,160,172,0
sub-214,sub-214_negative_00081_z64_y232_x132.npy,sub-214_negative_00081_z64_y232_x132.npy,0,64,232,132,0
sub-214,sub-214_negative_00082_z136_y120_x104.npy,sub-214_negative_00082_z136_y120_x104.npy,0,136,120,104,0
sub-214,sub-214_negative_00083_z56_y208_x72.npy,sub-214_negative_00083_z56_y208_x72.npy,0,56,208,72,0
sub-214,sub-214_negative_00084_z40_y144_x148.npy,sub-214_negative_00084_z40_y144_x148.npy,0,40,144,148,0
sub-214,sub-214_negative_00085_z112_y112_x112.npy,sub-214_negative_00085_z112_y112_x112.npy,0,112,112,112,0
sub-214,sub-214_negative_00086_z88_y80_x116.npy,sub-214_negative_00086_z88_y80_x116.npy,0,88,80,116,0
sub-214,sub-214_negative_00087_z96_y40_x124.npy,sub-214_negative_00087_z96_y40_x124.npy,0,96,40,124,0
sub-214,sub-214_negative_00088_z64_y104_x80.npy,sub-214_negative_00088_z64_y104_x80.npy,0,64,104,80,0
sub-214,sub-214_negative_00089_z112_y8_x20.npy,sub-214_negative_00089_z112_y8_x20.npy,0,112,8,20,0
sub-214,sub-214_negative_00090_z56_y88_x152.npy,sub-214_negative_00090_z56_y88_x152.npy,0,56,88,152,0
sub-214,sub-214_negative_00091_z48_y88_x28.npy,sub-214_negative_00091_z48_y88_x28.npy,0,48,88,28,0
sub-214,sub-214_negative_00092_z104_y88_x172.npy,sub-214_negative_00092_z104_y88_x172.npy,0,104,88,172,0
sub-214,sub-214_negative_00093_z16_y80_x24.npy,sub-214_negative_00093_z16_y80_x24.npy,0,16,80,24,0
sub-214,sub-214_negative_00094_z96_y80_x100.npy,sub-214_negative_00094_z96_y80_x100.npy,0,96,80,100,0
sub-214,sub-214_negative_00095_z40_y224_x44.npy,sub-214_negative_00095_z40_y224_x44.npy,0,40,224,44,0
sub-214,sub-214_negative_00096_z8_y144_x12.npy,sub-214_negative_00096_z8_y144_x12.npy,0,8,144,12,0
sub-214,sub-214_negative_00097_z80_y32_x152.npy,sub-214_negative_00097_z80_y32_x152.npy,0,80,32,152,0
sub-214,sub-214_negative_00098_z64_y16_x148.npy,sub-214_negative_00098_z64_y16_x148.npy,0,64,16,148,0
sub-214,sub-214_negative_00099_z112_y232_x104.npy,sub-214_negative_00099_z112_y232_x104.npy,0,112,232,104,0
sub-316,sub-316_positive_00000_z48_y104_x144.npy,sub-316_positive_00000_z48_y104_x144.npy,1,48,104,144,4
sub-316,sub-316_positive_00001_z48_y104_x148.npy,sub-316_positive_00001_z48_y104_x148.npy,1,48,104,148,4
sub-316,sub-316_positive_00002_z48_y112_x144.npy,sub-316_positive_00002_z48_y112_x144.npy,1,48,112,144,16
sub-316,sub-316_positive_00003_z48_y112_x148.npy,sub-316_positive_00003_z48_y112_x148.npy,1,48,112,148,16
sub-316,sub-316_positive_00004_z48_y120_x144.npy,sub-316_positive_00004_z48_y120_x144.npy,1,48,120,144,12
sub-316,sub-316_positive_00005_z48_y120_x148.npy,sub-316_positive_00005_z48_y120_x148.npy,1,48,120,148,12
sub-316,sub-316_positive_00006_z56_y104_x144.npy,sub-316_positive_00006_z56_y104_x144.npy,1,56,104,144,4
sub-316,sub-316_positive_00007_z56_y104_x148.npy,sub-316_positive_00007_z56_y104_x148.npy,1,56,104,148,4
sub-316,sub-316_positive_00008_z56_y112_x144.npy,sub-316_positive_00008_z56_y112_x144.npy,1,56,112,144,16
sub-316,sub-316_positive_00009_z56_y112_x148.npy,sub-316_positive_00009_z56_y112_x148.npy,1,56,112,148,16
sub-316,sub-316_positive_00010_z56_y120_x144.npy,sub-316_positive_00010_z56_y120_x144.npy,1,56,120,144,12
sub-316,sub-316_positive_00011_z56_y120_x148.npy,sub-316_positive_00011_z56_y120_x148.npy,1,56,120,148,12
sub-316,sub-316_positive_00012_z64_y64_x156.npy,sub-316_positive_00012_z64_y64_x156.npy,1,64,64,156,16
sub-316,sub-316_positive_00013_z64_y64_x160.npy,sub-316_positive_00013_z64_y64_x160.npy,1,64,64,160,16
sub-316,sub-316_positive_00014_z64_y72_x156.npy,sub-316_positive_00014_z64_y72_x156.npy,1,64,72,156,16
sub-316,sub-316_positive_00015_z64_y72_x160.npy,sub-316_positive_00015_z64_y72_x160.npy,1,64,72,160,16
sub-316,sub-316_positive_00016_z72_y64_x156.npy,sub-316_positive_00016_z72_y64_x156.npy,1,72,64,156,16
sub-316,sub-316_positive_00017_z72_y64_x160.npy,sub-316_positive_00017_z72_y64_x160.npy,1,72,64,160,16
sub-316,sub-316_positive_00018_z72_y72_x156.npy,sub-316_positive_00018_z72_y72_x156.npy,1,72,72,156,16
sub-316,sub-316_positive_00019_z72_y72_x160.npy,sub-316_positive_00019_z72_y72_x160.npy,1,72,72,160,16
sub-316,sub-316_negative_00020_z56_y208_x216.npy,sub-316_negative_00020_z56_y208_x216.npy,0,56,208,216,0
sub-316,sub-316_negative_00021_z128_y224_x104.npy,sub-316_negative_00021_z128_y224_x104.npy,0,128,224,104,0
sub-316,sub-316_negative_00022_z96_y8_x160.npy,sub-316_negative_00022_z96_y8_x160.npy,0,96,8,160,0
sub-316,sub-316_negative_00023_z64_y96_x48.npy,sub-316_negative_00023_z64_y96_x48.npy,0,64,96,48,0
sub-316,sub-316_negative_00024_z64_y16_x228.npy,sub-316_negative_00024_z64_y16_x228.npy,0,64,16,228,0
sub-316,sub-316_negative_00025_z104_y240_x196.npy,sub-316_negative_00025_z104_y240_x196.npy,0,104,240,196,0
sub-316,sub-316_negative_00026_z16_y184_x236.npy,sub-316_negative_00026_z16_y184_x236.npy,0,16,184,236,0
sub-316,sub-316_negative_00027_z40_y208_x132.npy,sub-316_negative_00027_z40_y208_x132.npy,0,40,208,132,0
sub-316,sub-316_negative_00028_z16_y232_x248.npy,sub-316_negative_00028_z16_y232_x248.npy,0,16,232,248,0
sub-316,sub-316_negative_00029_z96_y216_x116.npy,sub-316_negative_00029_z96_y216_x116.npy,0,96,216,116,0
sub-316,sub-316_negative_00030_z24_y64_x144.npy,sub-316_negative_00030_z24_y64_x144.npy,0,24,64,144,0
sub-316,sub-316_negative_00031_z64_y232_x128.npy,sub-316_negative_00031_z64_y232_x128.npy,0,64,232,128,0
sub-316,sub-316_negative_00032_z56_y192_x4.npy,sub-316_negative_00032_z56_y192_x4.npy,0,56,192,4,0
sub-316,sub-316_negative_00033_z112_y192_x52.npy,sub-316_negative_00033_z112_y192_x52.npy,0,112,192,52,0
sub-316,sub-316_negative_00034_z48_y160_x124.npy,sub-316_negative_00034_z48_y160_x124.npy,0,48,160,124,0
sub-316,sub-316_negative_00035_z96_y128_x52.npy,sub-316_negative_00035_z96_y128_x52.npy,0,96,128,52,0
sub-316,sub-316_negative_00036_z112_y240_x80.npy,sub-316_negative_00036_z112_y240_x80.npy,0,112,240,80,0
sub-316,sub-316_negative_00037_z24_y152_x16.npy,sub-316_negative_00037_z24_y152_x16.npy,0,24,152,16,0
sub-316,sub-316_negative_00038_z120_y232_x140.npy,sub-316_negative_00038_z120_y232_x140.npy,0,120,232,140,0
sub-316,sub-316_negative_00039_z136_y96_x80.npy,sub-316_negative_00039_z136_y96_x80.npy,0,136,96,80,0
sub-316,sub-316_negative_00040_z32_y16_x120.npy,sub-316_negative_00040_z32_y16_x120.npy,0,32,16,120,0
sub-316,sub-316_negative_00041_z128_y144_x56.npy,sub-316_negative_00041_z128_y144_x56.npy,0,128,144,56,0
sub-316,sub-316_negative_00042_z128_y8_x164.npy,sub-316_negative_00042_z128_y8_x164.npy,0,128,8,164,0
sub-316,sub-316_negative_00043_z16_y72_x68.npy,sub-316_negative_00043_z16_y72_x68.npy,0,16,72,68,0
sub-316,sub-316_negative_00044_z16_y216_x140.npy,sub-316_negative_00044_z16_y216_x140.npy,0,16,216,140,0
sub-316,sub-316_negative_00045_z120_y16_x136.npy,sub-316_negative_00045_z120_y16_x136.npy,0,120,16,136,0
sub-316,sub-316_negative_00046_z112_y72_x172.npy,sub-316_negative_00046_z112_y72_x172.npy,0,112,72,172,0
sub-316,sub-316_negative_00047_z24_y96_x144.npy,sub-316_negative_00047_z24_y96_x144.npy,0,24,96,144,0
sub-316,sub-316_negative_00048_z104_y160_x128.npy,sub-316_negative_00048_z104_y160_x128.npy,0,104,160,128,0
sub-316,sub-316_negative_00049_z16_y120_x236.npy,sub-316_negative_00049_z16_y120_x236.npy,0,16,120,236,0
sub-316,sub-316_negative_00050_z32_y72_x144.npy,sub-316_negative_00050_z32_y72_x144.npy,0,32,72,144,0
sub-316,sub-316_negative_00051_z72_y240_x4.npy,sub-316_negative_00051_z72_y240_x4.npy,0,72,240,4,0
sub-316,sub-316_negative_00052_z96_y144_x172.npy,sub-316_negative_00052_z96_y144_x172.npy,0,96,144,172,0
sub-316,sub-316_negative_00053_z72_y112_x44.npy,sub-316_negative_00053_z72_y112_x44.npy,0,72,112,44,0
sub-316,sub-316_negative_00054_z72_y192_x220.npy,sub-316_negative_00054_z72_y192_x220.npy,0,72,192,220,0
sub-316,sub-316_negative_00055_z40_y40_x192.npy,sub-316_negative_00055_z40_y40_x192.npy,0,40,40,192,0
sub-316,sub-316_negative_00056_z128_y64_x212.npy,sub-316_negative_00056_z128_y64_x212.npy,0,128,64,212,0
sub-316,sub-316_negative_00057_z112_y24_x160.npy,sub-316_negative_00057_z112_y24_x160.npy,0,112,24,160,0
sub-316,sub-316_negative_00058_z88_y136_x156.npy,sub-316_negative_00058_z88_y136_x156.npy,0,88,136,156,0
sub-316,sub-316_negative_00059_z104_y200_x96.npy,sub-316_negative_00059_z104_y200_x96.npy,0,104,200,96,0
sub-316,sub-316_negative_00060_z8_y160_x68.npy,sub-316_negative_00060_z8_y160_x68.npy,0,8,160,68,0
sub-316,sub-316_negative_00061_z120_y32_x156.npy,sub-316_negative_00061_z120_y32_x156.npy,0,120,32,156,0
sub-316,sub-316_negative_00062_z72_y200_x188.npy,sub-316_negative_00062_z72_y200_x188.npy,0,72,200,188,0
sub-316,sub-316_negative_00063_z48_y240_x36.npy,sub-316_negative_00063_z48_y240_x36.npy,0,48,240,36,0
sub-316,sub-316_negative_00064_z56_y232_x244.npy,sub-316_negative_00064_z56_y232_x244.npy,0,56,232,244,0
sub-316,sub-316_negative_00065_z64_y136_x88.npy,sub-316_negative_00065_z64_y136_x88.npy,0,64,136,88,0
sub-316,sub-316_negative_00066_z88_y80_x92.npy,sub-316_negative_00066_z88_y80_x92.npy,0,88,80,92,0
sub-316,sub-316_negative_00067_z8_y48_x204.npy,sub-316_negative_00067_z8_y48_x204.npy,0,8,48,204,0
sub-316,sub-316_negative_00068_z104_y160_x188.npy,sub-316_negative_00068_z104_y160_x188.npy,0,104,160,188,0
sub-316,sub-316_negative_00069_z32_y16_x116.npy,sub-316_negative_00069_z32_y16_x116.npy,0,32,16,116,0
sub-316,sub-316_negative_00070_z88_y184_x88.npy,sub-316_negative_00070_z88_y184_x88.npy,0,88,184,88,0
sub-316,sub-316_negative_00071_z128_y40_x20.npy,sub-316_negative_00071_z128_y40_x20.npy,0,128,40,20,0
sub-316,sub-316_negative_00072_z96_y64_x200.npy,sub-316_negative_00072_z96_y64_x200.npy,0,96,64,200,0
sub-316,sub-316_negative_00073_z48_y144_x88.npy,sub-316_negative_00073_z48_y144_x88.npy,0,48,144,88,0
sub-316,sub-316_negative_00074_z64_y0_x92.npy,sub-316_negative_00074_z64_y0_x92.npy,0,64,0,92,0
sub-316,sub-316_negative_00075_z64_y80_x56.npy,sub-316_negative_00075_z64_y80_x56.npy,0,64,80,56,0
sub-316,sub-316_negative_00076_z128_y160_x8.npy,sub-316_negative_00076_z128_y160_x8.npy,0,128,160,8,0
sub-316,sub-316_negative_00077_z72_y48_x200.npy,sub-316_negative_00077_z72_y48_x200.npy,0,72,48,200,0
sub-316,sub-316_negative_00078_z104_y48_x152.npy,sub-316_negative_00078_z104_y48_x152.npy,0,104,48,152,0
sub-316,sub-316_negative_00079_z104_y88_x100.npy,sub-316_negative_00079_z104_y88_x100.npy,0,104,88,100,0
sub-316,sub-316_negative_00080_z56_y56_x12.npy,sub-316_negative_00080_z56_y56_x12.npy,0,56,56,12,0
sub-316,sub-316_negative_00081_z48_y160_x104.npy,sub-316_negative_00081_z48_y160_x104.npy,0,48,160,104,0
sub-316,sub-316_negative_00082_z104_y216_x184.npy,sub-316_negative_00082_z104_y216_x184.npy,0,104,216,184,0
sub-316,sub-316_negative_00083_z8_y88_x132.npy,sub-316_negative_00083_z8_y88_x132.npy,0,8,88,132,0
sub-316,sub-316_negative_00084_z88_y112_x104.npy,sub-316_negative_00084_z88_y112_x104.npy,0,88,112,104,0
sub-316,sub-316_negative_00085_z96_y64_x228.npy,sub-316_negative_00085_z96_y64_x228.npy,0,96,64,228,0
sub-316,sub-316_negative_00086_z112_y216_x12.npy,sub-316_negative_00086_z112_y216_x12.npy,0,112,216,12,0
sub-316,sub-316_negative_00087_z8_y128_x200.npy,sub-316_negative_00087_z8_y128_x200.npy,0,8,128,200,0
sub-316,sub-316_negative_00088_z32_y240_x16.npy,sub-316_negative_00088_z32_y240_x16.npy,0,32,240,16,0
sub-316,sub-316_negative_00089_z8_y184_x48.npy,sub-316_negative_00089_z8_y184_x48.npy,0,8,184,48,0
sub-316,sub-316_negative_00090_z136_y104_x208.npy,sub-316_negative_00090_z136_y104_x208.npy,0,136,104,208,0
sub-316,sub-316_negative_00091_z104_y152_x96.npy,sub-316_negative_00091_z104_y152_x96.npy,0,104,152,96,0
sub-316,sub-316_negative_00092_z0_y192_x100.npy,sub-316_negative_00092_z0_y192_x100.npy,0,0,192,100,0
sub-316,sub-316_negative_00093_z120_y96_x216.npy,sub-316_negative_00093_z120_y96_x216.npy,0,120,96,216,0
sub-316,sub-316_negative_00094_z96_y144_x88.npy,sub-316_negative_00094_z96_y144_x88.npy,0,96,144,88,0
sub-316,sub-316_negative_00095_z56_y200_x208.npy,sub-316_negative_00095_z56_y200_x208.npy,0,56,200,208,0
sub-316,sub-316_negative_00096_z120_y104_x28.npy,sub-316_negative_00096_z120_y104_x28.npy,0,120,104,28,0
sub-316,sub-316_negative_00097_z24_y120_x100.npy,sub-316_negative_00097_z24_y120_x100.npy,0,24,120,100,0
sub-316,sub-316_negative_00098_z48_y128_x192.npy,sub-316_negative_00098_z48_y128_x192.npy,0,48,128,192,0
sub-316,sub-316_negative_00099_z8_y32_x132.npy,sub-316_negative_00099_z8_y32_x132.npy,0,8,32,132,0
sub-316,sub-316_negative_00100_z8_y168_x96.npy,sub-316_negative_00100_z8_y168_x96.npy,0,8,168,96,0
sub-316,sub-316_negative_00101_z64_y240_x164.npy,sub-316_negative_00101_z64_y240_x164.npy,0,64,240,164,0
sub-316,sub-316_negative_00102_z136_y128_x8.npy,sub-316_negative_00102_z136_y128_x8.npy,0,136,128,8,0
sub-316,sub-316_negative_00103_z56_y216_x68.npy,sub-316_negative_00103_z56_y216_x68.npy,0,56,216,68,0
sub-316,sub-316_negative_00104_z40_y152_x32.npy,sub-316_negative_00104_z40_y152_x32.npy,0,40,152,32,0
sub-316,sub-316_negative_00105_z112_y120_x4.npy,sub-316_negative_00105_z112_y120_x4.npy,0,112,120,4,0
sub-316,sub-316_negative_00106_z88_y80_x244.npy,sub-316_negative_00106_z88_y80_x244.npy,0,88,80,244,0
sub-316,sub-316_negative_00107_z96_y40_x208.npy,sub-316_negative_00107_z96_y40_x208.npy,0,96,40,208,0
sub-316,sub-316_negative_00108_z64_y104_x224.npy,sub-316_negative_00108_z64_y104_x224.npy,0,64,104,224,0
sub-316,sub-316_negative_00109_z112_y8_x60.npy,sub-316_negative_00109_z112_y8_x60.npy,0,112,8,60,0
sub-316,sub-316_negative_00110_z56_y88_x248.npy,sub-316_negative_00110_z56_y88_x248.npy,0,56,88,248,0
sub-316,sub-316_negative_00111_z48_y88_x100.npy,sub-316_negative_00111_z48_y88_x100.npy,0,48,88,100,0
sub-316,sub-316_negative_00112_z104_y96_x52.npy,sub-316_negative_00112_z104_y96_x52.npy,0,104,96,52,0
sub-316,sub-316_negative_00113_z16_y80_x100.npy,sub-316_negative_00113_z16_y80_x100.npy,0,16,80,100,0
sub-316,sub-316_negative_00114_z96_y80_x220.npy,sub-316_negative_00114_z96_y80_x220.npy,0,96,80,220,0
sub-316,sub-316_negative_00115_z40_y232_x4.npy,sub-316_negative_00115_z40_y232_x4.npy,0,40,232,4,0
sub-316,sub-316_negative_00116_z8_y144_x156.npy,sub-316_negative_00116_z8_y144_x156.npy,0,8,144,156,0
sub-316,sub-316_negative_00117_z80_y32_x236.npy,sub-316_negative_00117_z80_y32_x236.npy,0,80,32,236,0
sub-316,sub-316_negative_00118_z64_y16_x196.npy,sub-316_negative_00118_z64_y16_x196.npy,0,64,16,196,0
sub-316,sub-316_negative_00119_z112_y240_x116.npy,sub-316_negative_00119_z112_y240_x116.npy,0,112,240,116,0
sub-107,sub-107_positive_00000_z40_y56_x88.npy,sub-107_positive_00000_z40_y56_x88.npy,1,40,56,88,16
sub-107,sub-107_positive_00001_z40_y56_x92.npy,sub-107_positive_00001_z40_y56_x92.npy,1,40,56,92,16
sub-107,sub-107_positive_00002_z40_y64_x88.npy,sub-107_positive_00002_z40_y64_x88.npy,1,40,64,88,16
sub-107,sub-107_positive_00003_z40_y64_x92.npy,sub-107_positive_00003_z40_y64_x92.npy,1,40,64,92,16
sub-107,sub-107_positive_00004_z48_y56_x88.npy,sub-107_positive_00004_z48_y56_x88.npy,1,48,56,88,16
sub-107,sub-107_positive_00005_z48_y56_x92.npy,sub-107_positive_00005_z48_y56_x92.npy,1,48,56,92,16
sub-107,sub-107_positive_00006_z48_y64_x88.npy,sub-107_positive_00006_z48_y64_x88.npy,1,48,64,88,16
sub-107,sub-107_positive_00007_z48_y64_x92.npy,sub-107_positive_00007_z48_y64_x92.npy,1,48,64,92,16
sub-107,sub-107_positive_00008_z80_y64_x72.npy,sub-107_positive_00008_z80_y64_x72.npy,1,80,64,72,16
sub-107,sub-107_positive_00009_z80_y64_x76.npy,sub-107_positive_00009_z80_y64_x76.npy,1,80,64,76,16
sub-107,sub-107_positive_00010_z80_y72_x72.npy,sub-107_positive_00010_z80_y72_x72.npy,1,80,72,72,16
sub-107,sub-107_positive_00011_z80_y72_x76.npy,sub-107_positive_00011_z80_y72_x76.npy,1,80,72,76,16
sub-107,sub-107_positive_00012_z88_y64_x72.npy,sub-107_positive_00012_z88_y64_x72.npy,1,88,64,72,16
sub-107,sub-107_positive_00013_z88_y64_x76.npy,sub-107_positive_00013_z88_y64_x76.npy,1,88,64,76,16
sub-107,sub-107_positive_00014_z88_y72_x72.npy,sub-107_positive_00014_z88_y72_x72.npy,1,88,72,72,16
sub-107,sub-107_positive_00015_z88_y72_x76.npy,sub-107_positive_00015_z88_y72_x76.npy,1,88,72,76,16
sub-107,sub-107_negative_00016_z48_y208_x160.npy,sub-107_negative_00016_z48_y208_x160.npy,0,48,208,160,0
sub-107,sub-107_negative_00017_z120_y0_x200.npy,sub-107_negative_00017_z120_y0_x200.npy,0,120,0,200,0
sub-107,sub-107_negative_00018_z80_y152_x32.npy,sub-107_negative_00018_z80_y152_x32.npy,0,80,152,32,0
sub-107,sub-107_negative_00019_z56_y96_x52.npy,sub-107_negative_00019_z56_y96_x52.npy,0,56,96,52,0
sub-107,sub-107_negative_00020_z56_y40_x12.npy,sub-107_negative_00020_z56_y40_x12.npy,0,56,40,12,0
sub-107,sub-107_negative_00021_z96_y88_x140.npy,sub-107_negative_00021_z96_y88_x140.npy,0,96,88,140,0
sub-107,sub-107_negative_00022_z16_y96_x108.npy,sub-107_negative_00022_z16_y96_x108.npy,0,16,96,108,0
sub-107,sub-107_negative_00023_z40_y40_x104.npy,sub-107_negative_00023_z40_y40_x104.npy,0,40,40,104,0
sub-107,sub-107_negative_00024_z16_y136_x32.npy,sub-107_negative_00024_z16_y136_x32.npy,0,16,136,32,0
sub-107,sub-107_negative_00025_z88_y88_x208.npy,sub-107_negative_00025_z88_y88_x208.npy,0,88,88,208,0
sub-107,sub-107_negative_00026_z16_y192_x124.npy,sub-107_negative_00026_z16_y192_x124.npy,0,16,192,124,0
sub-107,sub-107_negative_00027_z56_y200_x144.npy,sub-107_negative_00027_z56_y200_x144.npy,0,56,200,144,0
sub-107,sub-107_negative_00028_z48_y192_x76.npy,sub-107_negative_00028_z48_y192_x76.npy,0,48,192,76,0
sub-107,sub-107_negative_00029_z104_y24_x92.npy,sub-107_negative_00029_z104_y24_x92.npy,0,104,24,92,0
sub-107,sub-107_negative_00030_z40_y192_x176.npy,sub-107_negative_00030_z40_y192_x176.npy,0,40,192,176,0
sub-107,sub-107_negative_00031_z88_y24_x28.npy,sub-107_negative_00031_z88_y24_x28.npy,0,88,24,28,0
sub-107,sub-107_negative_00032_z104_y64_x96.npy,sub-107_negative_00032_z104_y64_x96.npy,0,104,64,96,0
sub-107,sub-107_negative_00033_z24_y40_x144.npy,sub-107_negative_00033_z24_y40_x144.npy,0,24,40,144,0
sub-107,sub-107_negative_00034_z112_y32_x124.npy,sub-107_negative_00034_z112_y32_x124.npy,0,112,32,124,0
sub-107,sub-107_negative_00035_z120_y96_x76.npy,sub-107_negative_00035_z120_y96_x76.npy,0,120,96,76,0
sub-107,sub-107_negative_00036_z24_y128_x184.npy,sub-107_negative_00036_z24_y128_x184.npy,0,24,128,184,0
sub-107,sub-107_negative_00037_z112_y152_x204.npy,sub-107_negative_00037_z112_y152_x204.npy,0,112,152,204,0
sub-107,sub-107_negative_00038_z112_y56_x4.npy,sub-107_negative_00038_z112_y56_x4.npy,0,112,56,4,0
sub-107,sub-107_negative_00039_z16_y8_x24.npy,sub-107_negative_00039_z16_y8_x24.npy,0,16,8,24,0
sub-107,sub-107_negative_00040_z16_y120_x72.npy,sub-107_negative_00040_z16_y120_x72.npy,0,16,120,72,0
sub-107,sub-107_negative_00041_z104_y80_x132.npy,sub-107_negative_00041_z104_y80_x132.npy,0,104,80,132,0
sub-107,sub-107_negative_00042_z96_y152_x84.npy,sub-107_negative_00042_z96_y152_x84.npy,0,96,152,84,0
sub-107,sub-107_negative_00043_z24_y0_x156.npy,sub-107_negative_00043_z24_y0_x156.npy,0,24,0,156,0
sub-107,sub-107_negative_00044_z96_y24_x152.npy,sub-107_negative_00044_z96_y24_x152.npy,0,96,24,152,0
sub-107,sub-107_negative_00045_z16_y48_x72.npy,sub-107_negative_00045_z16_y48_x72.npy,0,16,48,72,0
sub-107,sub-107_negative_00046_z24_y176_x88.npy,sub-107_negative_00046_z24_y176_x88.npy,0,24,176,88,0
sub-107,sub-107_negative_00047_z64_y176_x204.npy,sub-107_negative_00047_z64_y176_x204.npy,0,64,176,204,0
sub-107,sub-107_negative_00048_z88_y40_x76.npy,sub-107_negative_00048_z88_y40_x76.npy,0,88,40,76,0
sub-107,sub-107_negative_00049_z64_y80_x132.npy,sub-107_negative_00049_z64_y80_x132.npy,0,64,80,132,0
sub-107,sub-107_negative_00050_z64_y144_x204.npy,sub-107_negative_00050_z64_y144_x204.npy,0,64,144,204,0
sub-107,sub-107_negative_00051_z32_y128_x100.npy,sub-107_negative_00051_z32_y128_x100.npy,0,32,128,100,0
sub-107,sub-107_negative_00052_z112_y96_x152.npy,sub-107_negative_00052_z112_y96_x152.npy,0,112,96,152,0
sub-107,sub-107_negative_00053_z96_y112_x100.npy,sub-107_negative_00053_z96_y112_x100.npy,0,96,112,100,0
sub-107,sub-107_negative_00054_z80_y56_x56.npy,sub-107_negative_00054_z80_y56_x56.npy,0,80,56,56,0
sub-107,sub-107_negative_00055_z96_y56_x136.npy,sub-107_negative_00055_z96_y56_x136.npy,0,96,56,136,0
sub-107,sub-107_negative_00056_z8_y96_x148.npy,sub-107_negative_00056_z8_y96_x148.npy,0,8,96,148,0
sub-107,sub-107_negative_00057_z104_y96_x120.npy,sub-107_negative_00057_z104_y96_x120.npy,0,104,96,120,0
sub-107,sub-107_negative_00058_z64_y152_x152.npy,sub-107_negative_00058_z64_y152_x152.npy,0,64,152,152,0
sub-107,sub-107_negative_00059_z48_y40_x68.npy,sub-107_negative_00059_z48_y40_x68.npy,0,48,40,68,0
sub-107,sub-107_negative_00060_z56_y16_x0.npy,sub-107_negative_00060_z56_y16_x0.npy,0,56,16,0,0
sub-107,sub-107_negative_00061_z56_y128_x68.npy,sub-107_negative_00061_z56_y128_x68.npy,0,56,128,68,0
sub-107,sub-107_negative_00062_z80_y8_x188.npy,sub-107_negative_00062_z80_y8_x188.npy,0,80,8,188,0
sub-107,sub-107_negative_00063_z8_y16_x56.npy,sub-107_negative_00063_z8_y16_x56.npy,0,8,16,56,0
sub-107,sub-107_negative_00064_z96_y24_x156.npy,sub-107_negative_00064_z96_y24_x156.npy,0,96,24,156,0
sub-107,sub-107_negative_00065_z24_y128_x192.npy,sub-107_negative_00065_z24_y128_x192.npy,0,24,128,192,0
sub-107,sub-107_negative_00066_z80_y88_x148.npy,sub-107_negative_00066_z80_y88_x148.npy,0,80,88,148,0
sub-107,sub-107_negative_00067_z112_y72_x204.npy,sub-107_negative_00067_z112_y72_x204.npy,0,112,72,204,0
sub-107,sub-107_negative_00068_z80_y192_x136.npy,sub-107_negative_00068_z80_y192_x136.npy,0,80,192,136,0
sub-107,sub-107_negative_00069_z40_y184_x24.npy,sub-107_negative_00069_z40_y184_x24.npy,0,40,184,24,0
sub-107,sub-107_negative_00070_z56_y24_x28.npy,sub-107_negative_00070_z56_y24_x28.npy,0,56,24,28,0
sub-107,sub-107_negative_00071_z56_y80_x172.npy,sub-107_negative_00071_z56_y80_x172.npy,0,56,80,172,0
sub-107,sub-107_negative_00072_z112_y168_x28.npy,sub-107_negative_00072_z112_y168_x28.npy,0,112,168,28,0
sub-107,sub-107_negative_00073_z64_y32_x212.npy,sub-107_negative_00073_z64_y32_x212.npy,0,64,32,212,0
sub-107,sub-107_negative_00074_z88_y152_x172.npy,sub-107_negative_00074_z88_y152_x172.npy,0,88,152,172,0
sub-107,sub-107_negative_00075_z88_y184_x148.npy,sub-107_negative_00075_z88_y184_x148.npy,0,88,184,148,0
sub-107,sub-107_negative_00076_z48_y88_x76.npy,sub-107_negative_00076_z48_y88_x76.npy,0,48,88,76,0
sub-107,sub-107_negative_00077_z40_y192_x140.npy,sub-107_negative_00077_z40_y192_x140.npy,0,40,192,140,0
sub-107,sub-107_negative_00078_z96_y72_x12.npy,sub-107_negative_00078_z96_y72_x12.npy,0,96,72,12,0
sub-107,sub-107_negative_00079_z8_y40_x204.npy,sub-107_negative_00079_z8_y40_x204.npy,0,8,40,204,0
sub-107,sub-107_negative_00080_z80_y40_x4.npy,sub-107_negative_00080_z80_y40_x4.npy,0,80,40,4,0
sub-107,sub-107_negative_00081_z80_y192_x184.npy,sub-107_negative_00081_z80_y192_x184.npy,0,80,192,184,0
sub-107,sub-107_negative_00082_z104_y40_x148.npy,sub-107_negative_00082_z104_y40_x148.npy,0,104,40,148,0
sub-107,sub-107_negative_00083_z8_y72_x212.npy,sub-107_negative_00083_z8_y72_x212.npy,0,8,72,212,0
sub-107,sub-107_negative_00084_z32_y88_x40.npy,sub-107_negative_00084_z32_y88_x40.npy,0,32,88,40,0
sub-107,sub-107_negative_00085_z8_y112_x212.npy,sub-107_negative_00085_z8_y112_x212.npy,0,8,112,212,0
sub-107,sub-107_negative_00086_z120_y104_x92.npy,sub-107_negative_00086_z120_y104_x92.npy,0,120,104,92,0
sub-107,sub-107_negative_00087_z96_y16_x172.npy,sub-107_negative_00087_z96_y16_x172.npy,0,96,16,172,0
sub-107,sub-107_negative_00088_z0_y144_x196.npy,sub-107_negative_00088_z0_y144_x196.npy,0,0,144,196,0
sub-107,sub-107_negative_00089_z104_y144_x112.npy,sub-107_negative_00089_z104_y144_x112.npy,0,104,144,112,0
sub-107,sub-107_negative_00090_z88_y32_x204.npy,sub-107_negative_00090_z88_y32_x204.npy,0,88,32,204,0
sub-107,sub-107_negative_00091_z48_y200_x212.npy,sub-107_negative_00091_z48_y200_x212.npy,0,48,200,212,0
sub-107,sub-107_negative_00092_z104_y144_x188.npy,sub-107_negative_00092_z104_y144_x188.npy,0,104,144,188,0
sub-107,sub-107_negative_00093_z24_y16_x192.npy,sub-107_negative_00093_z24_y16_x192.npy,0,24,16,192,0
sub-107,sub-107_negative_00094_z40_y168_x192.npy,sub-107_negative_00094_z40_y168_x192.npy,0,40,168,192,0
sub-107,sub-107_negative_00095_z8_y0_x104.npy,sub-107_negative_00095_z8_y0_x104.npy,0,8,0,104,0
sub-107,sub-107_negative_00096_z8_y104_x112.npy,sub-107_negative_00096_z8_y104_x112.npy,0,8,104,112,0
sub-107,sub-107_negative_00097_z56_y208_x96.npy,sub-107_negative_00097_z56_y208_x96.npy,0,56,208,96,0
sub-107,sub-107_negative_00098_z120_y112_x208.npy,sub-107_negative_00098_z120_y112_x208.npy,0,120,112,208,0
sub-107,sub-107_negative_00099_z48_y208_x192.npy,sub-107_negative_00099_z48_y208_x192.npy,0,48,208,192,0
sub-107,sub-107_negative_00100_z32_y208_x176.npy,sub-107_negative_00100_z32_y208_x176.npy,0,32,208,176,0
sub-107,sub-107_negative_00101_z96_y184_x132.npy,sub-107_negative_00101_z96_y184_x132.npy,0,96,184,132,0
sub-107,sub-107_negative_00102_z80_y16_x36.npy,sub-107_negative_00102_z80_y16_x36.npy,0,80,16,36,0
sub-107,sub-107_negative_00103_z80_y176_x56.npy,sub-107_negative_00103_z80_y176_x56.npy,0,80,176,56,0
sub-107,sub-107_negative_00104_z56_y104_x132.npy,sub-107_negative_00104_z56_y104_x132.npy,0,56,104,132,0
sub-107,sub-107_negative_00105_z96_y96_x144.npy,sub-107_negative_00105_z96_y96_x144.npy,0,96,96,144,0
sub-107,sub-107_negative_00106_z48_y120_x56.npy,sub-107_negative_00106_z48_y120_x56.npy,0,48,120,56,0
sub-107,sub-107_negative_00107_z40_y136_x172.npy,sub-107_negative_00107_z40_y136_x172.npy,0,40,136,172,0
sub-107,sub-107_negative_00108_z88_y192_x68.npy,sub-107_negative_00108_z88_y192_x68.npy,0,88,192,68,0
sub-107,sub-107_negative_00109_z16_y16_x4.npy,sub-107_negative_00109_z16_y16_x4.npy,0,16,16,4,0
sub-107,sub-107_negative_00110_z80_y208_x60.npy,sub-107_negative_00110_z80_y208_x60.npy,0,80,208,60,0
sub-107,sub-107_negative_00111_z40_y56_x100.npy,sub-107_negative_00111_z40_y56_x100.npy,0,40,56,100,0
sub-107,sub-107_negative_00112_z8_y88_x80.npy,sub-107_negative_00112_z8_y88_x80.npy,0,8,88,80,0
sub-107,sub-107_negative_00113_z72_y0_x140.npy,sub-107_negative_00113_z72_y0_x140.npy,0,72,0,140,0
sub-107,sub-107_negative_00114_z56_y32_x208.npy,sub-107_negative_00114_z56_y32_x208.npy,0,56,32,208,0
sub-107,sub-107_negative_00115_z104_y64_x116.npy,sub-107_negative_00115_z104_y64_x116.npy,0,104,64,116,0
sub-230,sub-230_negative_00000_z56_y200_x224.npy,sub-230_negative_00000_z56_y200_x224.npy,0,56,200,224,0
sub-230,sub-230_negative_00001_z128_y216_x112.npy,sub-230_negative_00001_z128_y216_x112.npy,0,128,216,112,0
sub-230,sub-230_negative_00002_z96_y8_x116.npy,sub-230_negative_00002_z96_y8_x116.npy,0,96,8,116,0
sub-230,sub-230_negative_00003_z64_y88_x164.npy,sub-230_negative_00003_z64_y88_x164.npy,0,64,88,164,0
sub-230,sub-230_negative_00004_z64_y16_x180.npy,sub-230_negative_00004_z64_y16_x180.npy,0,64,16,180,0
sub-230,sub-230_negative_00005_z104_y232_x168.npy,sub-230_negative_00005_z104_y232_x168.npy,0,104,232,168,0
sub-230,sub-230_negative_00006_z16_y184_x48.npy,sub-230_negative_00006_z16_y184_x48.npy,0,16,184,48,0
sub-230,sub-230_negative_00007_z40_y200_x184.npy,sub-230_negative_00007_z40_y200_x184.npy,0,40,200,184,0
sub-230,sub-230_negative_00008_z16_y232_x12.npy,sub-230_negative_00008_z16_y232_x12.npy,0,16,232,12,0
sub-230,sub-230_negative_00009_z96_y208_x104.npy,sub-230_negative_00009_z96_y208_x104.npy,0,96,208,104,0
sub-230,sub-230_negative_00010_z24_y64_x84.npy,sub-230_negative_00010_z24_y64_x84.npy,0,24,64,84,0
sub-230,sub-230_negative_00011_z64_y224_x104.npy,sub-230_negative_00011_z64_y224_x104.npy,0,64,224,104,0
sub-230,sub-230_negative_00012_z56_y184_x36.npy,sub-230_negative_00012_z56_y184_x36.npy,0,56,184,36,0
sub-230,sub-230_negative_00013_z112_y184_x76.npy,sub-230_negative_00013_z112_y184_x76.npy,0,112,184,76,0
sub-230,sub-230_negative_00014_z48_y152_x208.npy,sub-230_negative_00014_z48_y152_x208.npy,0,48,152,208,0
sub-230,sub-230_negative_00015_z96_y120_x128.npy,sub-230_negative_00015_z96_y120_x128.npy,0,96,120,128,0
sub-230,sub-230_negative_00016_z112_y232_x68.npy,sub-230_negative_00016_z112_y232_x68.npy,0,112,232,68,0
sub-230,sub-230_negative_00017_z24_y144_x120.npy,sub-230_negative_00017_z24_y144_x120.npy,0,24,144,120,0
sub-230,sub-230_negative_00018_z120_y224_x124.npy,sub-230_negative_00018_z120_y224_x124.npy,0,120,224,124,0
sub-230,sub-230_negative_00019_z136_y88_x212.npy,sub-230_negative_00019_z136_y88_x212.npy,0,136,88,212,0
sub-230,sub-230_negative_00020_z32_y16_x108.npy,sub-230_negative_00020_z32_y16_x108.npy,0,32,16,108,0
sub-230,sub-230_negative_00021_z128_y136_x140.npy,sub-230_negative_00021_z128_y136_x140.npy,0,128,136,140,0
sub-230,sub-230_negative_00022_z128_y8_x124.npy,sub-230_negative_00022_z128_y8_x124.npy,0,128,8,124,0
sub-230,sub-230_negative_00023_z16_y72_x0.npy,sub-230_negative_00023_z16_y72_x0.npy,0,16,72,0,0
sub-230,sub-230_negative_00024_z16_y208_x176.npy,sub-230_negative_00024_z16_y208_x176.npy,0,16,208,176,0
sub-230,sub-230_negative_00025_z120_y16_x84.npy,sub-230_negative_00025_z120_y16_x84.npy,0,120,16,84,0
sub-230,sub-230_negative_00026_z112_y72_x68.npy,sub-230_negative_00026_z112_y72_x68.npy,0,112,72,68,0
sub-230,sub-230_negative_00027_z24_y96_x52.npy,sub-230_negative_00027_z24_y96_x52.npy,0,24,96,52,0
sub-230,sub-230_negative_00028_z104_y152_x176.npy,sub-230_negative_00028_z104_y152_x176.npy,0,104,152,176,0
sub-230,sub-230_negative_00029_z16_y120_x112.npy,sub-230_negative_00029_z16_y120_x112.npy,0,16,120,112,0
sub-230,sub-230_negative_00030_z32_y72_x84.npy,sub-230_negative_00030_z32_y72_x84.npy,0,32,72,84,0
sub-230,sub-230_negative_00031_z72_y224_x212.npy,sub-230_negative_00031_z72_y224_x212.npy,0,72,224,212,0
sub-230,sub-230_negative_00032_z96_y136_x236.npy,sub-230_negative_00032_z96_y136_x236.npy,0,96,136,236,0
sub-230,sub-230_negative_00033_z72_y104_x128.npy,sub-230_negative_00033_z72_y104_x128.npy,0,72,104,128,0
sub-230,sub-230_negative_00034_z72_y184_x216.npy,sub-230_negative_00034_z72_y184_x216.npy,0,72,184,216,0
sub-230,sub-230_negative_00035_z40_y40_x164.npy,sub-230_negative_00035_z40_y40_x164.npy,0,40,40,164,0
sub-230,sub-230_negative_00036_z128_y64_x120.npy,sub-230_negative_00036_z128_y64_x120.npy,0,128,64,120,0
sub-230,sub-230_negative_00037_z112_y24_x92.npy,sub-230_negative_00037_z112_y24_x92.npy,0,112,24,92,0
sub-230,sub-230_negative_00038_z88_y128_x220.npy,sub-230_negative_00038_z88_y128_x220.npy,0,88,128,220,0
sub-230,sub-230_negative_00039_z104_y192_x120.npy,sub-230_negative_00039_z104_y192_x120.npy,0,104,192,120,0
sub-230,sub-230_negative_00040_z8_y152_x156.npy,sub-230_negative_00040_z8_y152_x156.npy,0,8,152,156,0
sub-230,sub-230_negative_00041_z120_y32_x100.npy,sub-230_negative_00041_z120_y32_x100.npy,0,120,32,100,0
sub-230,sub-230_negative_00042_z72_y192_x184.npy,sub-230_negative_00042_z72_y192_x184.npy,0,72,192,184,0
sub-230,sub-230_negative_00043_z48_y232_x48.npy,sub-230_negative_00043_z48_y232_x48.npy,0,48,232,48,0
sub-230,sub-230_negative_00044_z56_y224_x228.npy,sub-230_negative_00044_z56_y224_x228.npy,0,56,224,228,0
sub-230,sub-230_negative_00045_z64_y128_x168.npy,sub-230_negative_00045_z64_y128_x168.npy,0,64,128,168,0
sub-230,sub-230_negative_00046_z88_y72_x220.npy,sub-230_negative_00046_z88_y72_x220.npy,0,88,72,220,0
sub-230,sub-230_negative_00047_z8_y48_x148.npy,sub-230_negative_00047_z8_y48_x148.npy,0,8,48,148,0
sub-230,sub-230_negative_00048_z104_y152_x228.npy,sub-230_negative_00048_z104_y152_x228.npy,0,104,152,228,0
sub-230,sub-230_negative_00049_z136_y232_x152.npy,sub-230_negative_00049_z136_y232_x152.npy,0,136,232,152,0
sub-230,sub-230_negative_00050_z88_y176_x104.npy,sub-230_negative_00050_z88_y176_x104.npy,0,88,176,104,0
sub-230,sub-230_negative_00051_z128_y32_x216.npy,sub-230_negative_00051_z128_y32_x216.npy,0,128,32,216,0
sub-230,sub-230_negative_00052_z96_y64_x96.npy,sub-230_negative_00052_z96_y64_x96.npy,0,96,64,96,0
sub-230,sub-230_negative_00053_z48_y136_x184.npy,sub-230_negative_00053_z48_y136_x184.npy,0,48,136,184,0
sub-230,sub-230_negative_00054_z64_y0_x68.npy,sub-230_negative_00054_z64_y0_x68.npy,0,64,0,68,0
sub-230,sub-230_negative_00055_z64_y72_x188.npy,sub-230_negative_00055_z64_y72_x188.npy,0,64,72,188,0
sub-230,sub-230_negative_00056_z128_y152_x72.npy,sub-230_negative_00056_z128_y152_x72.npy,0,128,152,72,0
sub-230,sub-230_negative_00057_z72_y48_x108.npy,sub-230_negative_00057_z72_y48_x108.npy,0,72,48,108,0
sub-230,sub-230_negative_00058_z104_y48_x60.npy,sub-230_negative_00058_z104_y48_x60.npy,0,104,48,60,0
sub-230,sub-230_negative_00059_z104_y80_x224.npy,sub-230_negative_00059_z104_y80_x224.npy,0,104,80,224,0
sub-230,sub-230_negative_00060_z56_y48_x200.npy,sub-230_negative_00060_z56_y48_x200.npy,0,56,48,200,0
sub-230,sub-230_negative_00061_z48_y152_x184.npy,sub-230_negative_00061_z48_y152_x184.npy,0,48,152,184,0
sub-230,sub-230_negative_00062_z104_y208_x168.npy,sub-230_negative_00062_z104_y208_x168.npy,0,104,208,168,0
sub-230,sub-230_negative_00063_z8_y88_x44.npy,sub-230_negative_00063_z8_y88_x44.npy,0,8,88,44,0
sub-230,sub-230_negative_00064_z88_y104_x204.npy,sub-230_negative_00064_z88_y104_x204.npy,0,88,104,204,0
sub-230,sub-230_negative_00065_z96_y64_x128.npy,sub-230_negative_00065_z96_y64_x128.npy,0,96,64,128,0
sub-230,sub-230_negative_00066_z112_y208_x16.npy,sub-230_negative_00066_z112_y208_x16.npy,0,112,208,16,0
sub-230,sub-230_negative_00067_z8_y128_x68.npy,sub-230_negative_00067_z8_y128_x68.npy,0,8,128,68,0
sub-230,sub-230_negative_00068_z32_y232_x40.npy,sub-230_negative_00068_z32_y232_x40.npy,0,32,232,40,0
sub-230,sub-230_negative_00069_z8_y176_x116.npy,sub-230_negative_00069_z8_y176_x116.npy,0,8,176,116,0
sub-230,sub-230_negative_00070_z136_y104_x76.npy,sub-230_negative_00070_z136_y104_x76.npy,0,136,104,76,0
sub-230,sub-230_negative_00071_z104_y144_x156.npy,sub-230_negative_00071_z104_y144_x156.npy,0,104,144,156,0
sub-230,sub-230_negative_00072_z0_y184_x148.npy,sub-230_negative_00072_z0_y184_x148.npy,0,0,184,148,0
sub-230,sub-230_negative_00073_z120_y96_x76.npy,sub-230_negative_00073_z120_y96_x76.npy,0,120,96,76,0
sub-230,sub-230_negative_00074_z96_y136_x152.npy,sub-230_negative_00074_z96_y136_x152.npy,0,96,136,152,0
sub-230,sub-230_negative_00075_z56_y192_x232.npy,sub-230_negative_00075_z56_y192_x232.npy,0,56,192,232,0
sub-230,sub-230_negative_00076_z120_y96_x144.npy,sub-230_negative_00076_z120_y96_x144.npy,0,120,96,144,0
sub-230,sub-230_negative_00077_z24_y112_x232.npy,sub-230_negative_00077_z24_y112_x232.npy,0,24,112,232,0
sub-230,sub-230_negative_00078_z48_y128_x52.npy,sub-230_negative_00078_z48_y128_x52.npy,0,48,128,52,0
sub-230,sub-230_negative_00079_z8_y32_x96.npy,sub-230_negative_00079_z8_y32_x96.npy,0,8,32,96,0
sub-230,sub-230_negative_00080_z8_y160_x172.npy,sub-230_negative_00080_z8_y160_x172.npy,0,8,160,172,0
sub-230,sub-230_negative_00081_z64_y232_x132.npy,sub-230_negative_00081_z64_y232_x132.npy,0,64,232,132,0
sub-230,sub-230_negative_00082_z136_y120_x104.npy,sub-230_negative_00082_z136_y120_x104.npy,0,136,120,104,0
sub-230,sub-230_negative_00083_z56_y208_x72.npy,sub-230_negative_00083_z56_y208_x72.npy,0,56,208,72,0
sub-230,sub-230_negative_00084_z40_y144_x148.npy,sub-230_negative_00084_z40_y144_x148.npy,0,40,144,148,0
sub-230,sub-230_negative_00085_z112_y112_x112.npy,sub-230_negative_00085_z112_y112_x112.npy,0,112,112,112,0
sub-230,sub-230_negative_00086_z88_y80_x116.npy,sub-230_negative_00086_z88_y80_x116.npy,0,88,80,116,0
sub-230,sub-230_negative_00087_z96_y40_x124.npy,sub-230_negative_00087_z96_y40_x124.npy,0,96,40,124,0
sub-230,sub-230_negative_00088_z64_y104_x80.npy,sub-230_negative_00088_z64_y104_x80.npy,0,64,104,80,0
sub-230,sub-230_negative_00089_z112_y8_x20.npy,sub-230_negative_00089_z112_y8_x20.npy,0,112,8,20,0
sub-230,sub-230_negative_00090_z56_y88_x152.npy,sub-230_negative_00090_z56_y88_x152.npy,0,56,88,152,0
sub-230,sub-230_negative_00091_z48_y88_x28.npy,sub-230_negative_00091_z48_y88_x28.npy,0,48,88,28,0
sub-230,sub-230_negative_00092_z104_y88_x172.npy,sub-230_negative_00092_z104_y88_x172.npy,0,104,88,172,0
sub-230,sub-230_negative_00093_z16_y80_x24.npy,sub-230_negative_00093_z16_y80_x24.npy,0,16,80,24,0
sub-230,sub-230_negative_00094_z96_y80_x100.npy,sub-230_negative_00094_z96_y80_x100.npy,0,96,80,100,0
sub-230,sub-230_negative_00095_z40_y224_x44.npy,sub-230_negative_00095_z40_y224_x44.npy,0,40,224,44,0
sub-230,sub-230_negative_00096_z8_y144_x12.npy,sub-230_negative_00096_z8_y144_x12.npy,0,8,144,12,0
sub-230,sub-230_negative_00097_z80_y32_x152.npy,sub-230_negative_00097_z80_y32_x152.npy,0,80,32,152,0
sub-230,sub-230_negative_00098_z64_y16_x148.npy,sub-230_negative_00098_z64_y16_x148.npy,0,64,16,148,0
sub-230,sub-230_negative_00099_z112_y232_x104.npy,sub-230_negative_00099_z112_y232_x104.npy,0,112,232,104,0
sub-315,sub-315_positive_00000_z88_y96_x84.npy,sub-315_positive_00000_z88_y96_x84.npy,1,88,96,84,5
sub-315,sub-315_positive_00001_z88_y96_x88.npy,sub-315_positive_00001_z88_y96_x88.npy,1,88,96,88,18
sub-315,sub-315_positive_00002_z88_y96_x92.npy,sub-315_positive_00002_z88_y96_x92.npy,1,88,96,92,13
sub-315,sub-315_positive_00003_z88_y104_x84.npy,sub-315_positive_00003_z88_y104_x84.npy,1,88,104,84,5
sub-315,sub-315_positive_00004_z88_y104_x88.npy,sub-315_positive_00004_z88_y104_x88.npy,1,88,104,88,18
sub-315,sub-315_positive_00005_z88_y104_x92.npy,sub-315_positive_00005_z88_y104_x92.npy,1,88,104,92,13
sub-315,sub-315_positive_00006_z96_y96_x84.npy,sub-315_positive_00006_z96_y96_x84.npy,1,96,96,84,8
sub-315,sub-315_positive_00007_z96_y96_x88.npy,sub-315_positive_00007_z96_y96_x88.npy,1,96,96,88,24
sub-315,sub-315_positive_00008_z96_y96_x92.npy,sub-315_positive_00008_z96_y96_x92.npy,1,96,96,92,16
sub-315,sub-315_positive_00009_z96_y104_x84.npy,sub-315_positive_00009_z96_y104_x84.npy,1,96,104,84,8
sub-315,sub-315_positive_00010_z96_y104_x88.npy,sub-315_positive_00010_z96_y104_x88.npy,1,96,104,88,24
sub-315,sub-315_positive_00011_z96_y104_x92.npy,sub-315_positive_00011_z96_y104_x92.npy,1,96,104,92,16
sub-315,sub-315_positive_00012_z104_y96_x84.npy,sub-315_positive_00012_z104_y96_x84.npy,1,104,96,84,3
sub-315,sub-315_positive_00013_z104_y96_x88.npy,sub-315_positive_00013_z104_y96_x88.npy,1,104,96,88,6
sub-315,sub-315_positive_00014_z104_y96_x92.npy,sub-315_positive_00014_z104_y96_x92.npy,1,104,96,92,3
sub-315,sub-315_positive_00015_z104_y104_x84.npy,sub-315_positive_00015_z104_y104_x84.npy,1,104,104,84,3
sub-315,sub-315_positive_00016_z104_y104_x88.npy,sub-315_positive_00016_z104_y104_x88.npy,1,104,104,88,6
sub-315,sub-315_positive_00017_z104_y104_x92.npy,sub-315_positive_00017_z104_y104_x92.npy,1,104,104,92,3
sub-315,sub-315_negative_00018_z56_y208_x168.npy,sub-315_negative_00018_z56_y208_x168.npy,0,56,208,168,0
sub-315,sub-315_negative_00019_z128_y224_x104.npy,sub-315_negative_00019_z128_y224_x104.npy,0,128,224,104,0
sub-315,sub-315_negative_00020_z96_y8_x112.npy,sub-315_negative_00020_z96_y8_x112.npy,0,96,8,112,0
sub-315,sub-315_negative_00021_z64_y88_x240.npy,sub-315_negative_00021_z64_y88_x240.npy,0,64,88,240,0
sub-315,sub-315_negative_00022_z64_y16_x184.npy,sub-315_negative_00022_z64_y16_x184.npy,0,64,16,184,0
sub-315,sub-315_negative_00023_z104_y240_x196.npy,sub-315_negative_00023_z104_y240_x196.npy,0,104,240,196,0
sub-315,sub-315_negative_00024_z16_y184_x236.npy,sub-315_negative_00024_z16_y184_x236.npy,0,16,184,236,0
sub-315,sub-315_negative_00025_z40_y208_x136.npy,sub-315_negative_00025_z40_y208_x136.npy,0,40,208,136,0
sub-315,sub-315_negative_00026_z16_y232_x248.npy,sub-315_negative_00026_z16_y232_x248.npy,0,16,232,248,0
sub-315,sub-315_negative_00027_z96_y216_x92.npy,sub-315_negative_00027_z96_y216_x92.npy,0,96,216,92,0
sub-315,sub-315_negative_00028_z24_y64_x148.npy,sub-315_negative_00028_z24_y64_x148.npy,0,24,64,148,0
sub-315,sub-315_negative_00029_z64_y232_x68.npy,sub-315_negative_00029_z64_y232_x68.npy,0,64,232,68,0
sub-315,sub-315_negative_00030_z56_y184_x212.npy,sub-315_negative_00030_z56_y184_x212.npy,0,56,184,212,0
sub-315,sub-315_negative_00031_z112_y192_x52.npy,sub-315_negative_00031_z112_y192_x52.npy,0,112,192,52,0
sub-315,sub-315_negative_00032_z48_y160_x104.npy,sub-315_negative_00032_z48_y160_x104.npy,0,48,160,104,0
sub-315,sub-315_negative_00033_z96_y128_x24.npy,sub-315_negative_00033_z96_y128_x24.npy,0,96,128,24,0
sub-315,sub-315_negative_00034_z112_y240_x76.npy,sub-315_negative_00034_z112_y240_x76.npy,0,112,240,76,0
sub-315,sub-315_negative_00035_z24_y152_x16.npy,sub-315_negative_00035_z24_y152_x16.npy,0,24,152,16,0
sub-315,sub-315_negative_00036_z120_y232_x140.npy,sub-315_negative_00036_z120_y232_x140.npy,0,120,232,140,0
sub-315,sub-315_negative_00037_z136_y96_x80.npy,sub-315_negative_00037_z136_y96_x80.npy,0,136,96,80,0
sub-315,sub-315_negative_00038_z32_y16_x120.npy,sub-315_negative_00038_z32_y16_x120.npy,0,32,16,120,0
sub-315,sub-315_negative_00039_z128_y144_x52.npy,sub-315_negative_00039_z128_y144_x52.npy,0,128,144,52,0
sub-315,sub-315_negative_00040_z128_y8_x164.npy,sub-315_negative_00040_z128_y8_x164.npy,0,128,8,164,0
sub-315,sub-315_negative_00041_z16_y72_x68.npy,sub-315_negative_00041_z16_y72_x68.npy,0,16,72,68,0
sub-315,sub-315_negative_00042_z16_y216_x144.npy,sub-315_negative_00042_z16_y216_x144.npy,0,16,216,144,0
sub-315,sub-315_negative_00043_z120_y16_x136.npy,sub-315_negative_00043_z120_y16_x136.npy,0,120,16,136,0
sub-315,sub-315_negative_00044_z112_y72_x168.npy,sub-315_negative_00044_z112_y72_x168.npy,0,112,72,168,0
sub-315,sub-315_negative_00045_z24_y96_x144.npy,sub-315_negative_00045_z24_y96_x144.npy,0,24,96,144,0
sub-315,sub-315_negative_00046_z104_y160_x124.npy,sub-315_negative_00046_z104_y160_x124.npy,0,104,160,124,0
sub-315,sub-315_negative_00047_z16_y120_x236.npy,sub-315_negative_00047_z16_y120_x236.npy,0,16,120,236,0
sub-315,sub-315_negative_00048_z32_y72_x148.npy,sub-315_negative_00048_z32_y72_x148.npy,0,32,72,148,0
sub-315,sub-315_negative_00049_z72_y232_x180.npy,sub-315_negative_00049_z72_y232_x180.npy,0,72,232,180,0
sub-315,sub-315_negative_00050_z96_y144_x144.npy,sub-315_negative_00050_z96_y144_x144.npy,0,96,144,144,0
sub-315,sub-315_negative_00051_z72_y104_x220.npy,sub-315_negative_00051_z72_y104_x220.npy,0,72,104,220,0
sub-315,sub-315_negative_00052_z72_y192_x144.npy,sub-315_negative_00052_z72_y192_x144.npy,0,72,192,144,0
sub-315,sub-315_negative_00053_z40_y40_x196.npy,sub-315_negative_00053_z40_y40_x196.npy,0,40,40,196,0
sub-315,sub-315_negative_00054_z128_y64_x212.npy,sub-315_negative_00054_z128_y64_x212.npy,0,128,64,212,0
sub-315,sub-315_negative_00055_z112_y24_x160.npy,sub-315_negative_00055_z112_y24_x160.npy,0,112,24,160,0
sub-315,sub-315_negative_00056_z88_y136_x108.npy,sub-315_negative_00056_z88_y136_x108.npy,0,88,136,108,0
sub-315,sub-315_negative_00057_z104_y200_x96.npy,sub-315_negative_00057_z104_y200_x96.npy,0,104,200,96,0
sub-315,sub-315_negative_00058_z8_y160_x72.npy,sub-315_negative_00058_z8_y160_x72.npy,0,8,160,72,0
sub-315,sub-315_negative_00059_z120_y32_x152.npy,sub-315_negative_00059_z120_y32_x152.npy,0,120,32,152,0
sub-315,sub-315_negative_00060_z72_y200_x112.npy,sub-315_negative_00060_z72_y200_x112.npy,0,72,200,112,0
sub-315,sub-315_negative_00061_z48_y240_x16.npy,sub-315_negative_00061_z48_y240_x16.npy,0,48,240,16,0
sub-315,sub-315_negative_00062_z56_y232_x200.npy,sub-315_negative_00062_z56_y232_x200.npy,0,56,232,200,0
sub-315,sub-315_negative_00063_z64_y136_x28.npy,sub-315_negative_00063_z64_y136_x28.npy,0,64,136,28,0
sub-315,sub-315_negative_00064_z88_y80_x16.npy,sub-315_negative_00064_z88_y80_x16.npy,0,88,80,16,0
sub-315,sub-315_negative_00065_z8_y48_x204.npy,sub-315_negative_00065_z8_y48_x204.npy,0,8,48,204,0
sub-315,sub-315_negative_00066_z104_y160_x184.npy,sub-315_negative_00066_z104_y160_x184.npy,0,104,160,184,0
sub-315,sub-315_negative_00067_z32_y16_x116.npy,sub-315_negative_00067_z32_y16_x116.npy,0,32,16,116,0
sub-315,sub-315_negative_00068_z88_y184_x36.npy,sub-315_negative_00068_z88_y184_x36.npy,0,88,184,36,0
sub-315,sub-315_negative_00069_z128_y40_x20.npy,sub-315_negative_00069_z128_y40_x20.npy,0,128,40,20,0
sub-315,sub-315_negative_00070_z96_y64_x152.npy,sub-315_negative_00070_z96_y64_x152.npy,0,96,64,152,0
sub-315,sub-315_negative_00071_z48_y144_x64.npy,sub-315_negative_00071_z48_y144_x64.npy,0,48,144,64,0
sub-315,sub-315_negative_00072_z64_y0_x48.npy,sub-315_negative_00072_z64_y0_x48.npy,0,64,0,48,0
sub-315,sub-315_negative_00073_z64_y72_x248.npy,sub-315_negative_00073_z64_y72_x248.npy,0,64,72,248,0
sub-315,sub-315_negative_00074_z128_y160_x8.npy,sub-315_negative_00074_z128_y160_x8.npy,0,128,160,8,0
sub-315,sub-315_negative_00075_z72_y48_x140.npy,sub-315_negative_00075_z72_y48_x140.npy,0,72,48,140,0
sub-315,sub-315_negative_00076_z104_y48_x128.npy,sub-315_negative_00076_z104_y48_x128.npy,0,104,48,128,0
sub-315,sub-315_negative_00077_z104_y88_x72.npy,sub-315_negative_00077_z104_y88_x72.npy,0,104,88,72,0
sub-315,sub-315_negative_00078_z56_y48_x240.npy,sub-315_negative_00078_z56_y48_x240.npy,0,56,48,240,0
sub-315,sub-315_negative_00079_z48_y160_x84.npy,sub-315_negative_00079_z48_y160_x84.npy,0,48,160,84,0
sub-315,sub-315_negative_00080_z104_y216_x180.npy,sub-315_negative_00080_z104_y216_x180.npy,0,104,216,180,0
sub-315,sub-315_negative_00081_z8_y88_x136.npy,sub-315_negative_00081_z8_y88_x136.npy,0,8,88,136,0
sub-315,sub-315_negative_00082_z88_y112_x52.npy,sub-315_negative_00082_z88_y112_x52.npy,0,88,112,52,0
sub-315,sub-315_negative_00083_z96_y64_x176.npy,sub-315_negative_00083_z96_y64_x176.npy,0,96,64,176,0
sub-315,sub-315_negative_00084_z112_y216_x12.npy,sub-315_negative_00084_z112_y216_x12.npy,0,112,216,12,0
sub-315,sub-315_negative_00085_z8_y128_x200.npy,sub-315_negative_00085_z8_y128_x200.npy,0,8,128,200,0
sub-315,sub-315_negative_00086_z32_y240_x20.npy,sub-315_negative_00086_z32_y240_x20.npy,0,32,240,20,0
sub-315,sub-315_negative_00087_z8_y184_x48.npy,sub-315_negative_00087_z8_y184_x48.npy,0,8,184,48,0
sub-315,sub-315_negative_00088_z136_y104_x208.npy,sub-315_negative_00088_z136_y104_x208.npy,0,136,104,208,0
sub-315,sub-315_negative_00089_z104_y152_x96.npy,sub-315_negative_00089_z104_y152_x96.npy,0,104,152,96,0
sub-315,sub-315_negative_00090_z0_y192_x100.npy,sub-315_negative_00090_z0_y192_x100.npy,0,0,192,100,0
sub-315,sub-315_negative_00091_z120_y96_x212.npy,sub-315_negative_00091_z120_y96_x212.npy,0,120,96,212,0
sub-315,sub-315_negative_00092_z96_y144_x60.npy,sub-315_negative_00092_z96_y144_x60.npy,0,96,144,60,0
sub-315,sub-315_negative_00093_z56_y200_x164.npy,sub-315_negative_00093_z56_y200_x164.npy,0,56,200,164,0
sub-315,sub-315_negative_00094_z120_y104_x24.npy,sub-315_negative_00094_z120_y104_x24.npy,0,120,104,24,0
sub-315,sub-315_negative_00095_z24_y120_x100.npy,sub-315_negative_00095_z24_y120_x100.npy,0,24,120,100,0
sub-315,sub-315_negative_00096_z48_y128_x172.npy,sub-315_negative_00096_z48_y128_x172.npy,0,48,128,172,0
sub-315,sub-315_negative_00097_z8_y32_x132.npy,sub-315_negative_00097_z8_y32_x132.npy,0,8,32,132,0
sub-315,sub-315_negative_00098_z8_y168_x96.npy,sub-315_negative_00098_z8_y168_x96.npy,0,8,168,96,0
sub-315,sub-315_negative_00099_z64_y240_x104.npy,sub-315_negative_00099_z64_y240_x104.npy,0,64,240,104,0
sub-315,sub-315_negative_00100_z136_y128_x8.npy,sub-315_negative_00100_z136_y128_x8.npy,0,136,128,8,0
sub-315,sub-315_negative_00101_z56_y216_x24.npy,sub-315_negative_00101_z56_y216_x24.npy,0,56,216,24,0
sub-315,sub-315_negative_00102_z40_y152_x36.npy,sub-315_negative_00102_z40_y152_x36.npy,0,40,152,36,0
sub-315,sub-315_negative_00103_z112_y120_x0.npy,sub-315_negative_00103_z112_y120_x0.npy,0,112,120,0,0
sub-315,sub-315_negative_00104_z88_y80_x172.npy,sub-315_negative_00104_z88_y80_x172.npy,0,88,80,172,0
sub-315,sub-315_negative_00105_z96_y40_x156.npy,sub-315_negative_00105_z96_y40_x156.npy,0,96,40,156,0
sub-315,sub-315_negative_00106_z64_y104_x164.npy,sub-315_negative_00106_z64_y104_x164.npy,0,64,104,164,0
sub-315,sub-315_negative_00107_z112_y8_x60.npy,sub-315_negative_00107_z112_y8_x60.npy,0,112,8,60,0
sub-315,sub-315_negative_00108_z56_y88_x228.npy,sub-315_negative_00108_z56_y88_x228.npy,0,56,88,228,0
sub-315,sub-315_negative_00109_z48_y88_x100.npy,sub-315_negative_00109_z48_y88_x100.npy,0,48,88,100,0
sub-315,sub-315_negative_00110_z104_y96_x24.npy,sub-315_negative_00110_z104_y96_x24.npy,0,104,96,24,0
sub-315,sub-315_negative_00111_z16_y80_x100.npy,sub-315_negative_00111_z16_y80_x100.npy,0,16,80,100,0
sub-315,sub-315_negative_00112_z96_y80_x168.npy,sub-315_negative_00112_z96_y80_x168.npy,0,96,80,168,0
sub-315,sub-315_negative_00113_z40_y232_x8.npy,sub-315_negative_00113_z40_y232_x8.npy,0,40,232,8,0
sub-315,sub-315_negative_00114_z8_y144_x160.npy,sub-315_negative_00114_z8_y144_x160.npy,0,8,144,160,0
sub-315,sub-315_negative_00115_z80_y32_x160.npy,sub-315_negative_00115_z80_y32_x160.npy,0,80,32,160,0
sub-315,sub-315_negative_00116_z64_y16_x152.npy,sub-315_negative_00116_z64_y16_x152.npy,0,64,16,152,0
sub-315,sub-315_negative_00117_z112_y240_x116.npy,sub-315_negative_00117_z112_y240_x116.npy,0,112,240,116,0
sub-110,sub-110_positive_00000_z80_y72_x104.npy,sub-110_positive_00000_z80_y72_x104.npy,1,80,72,104,12
sub-110,sub-110_positive_00001_z112_y56_x92.npy,sub-110_positive_00001_z112_y56_x92.npy,1,112,56,92,60
sub-110,sub-110_positive_00002_z96_y40_x100.npy,sub-110_positive_00002_z96_y40_x100.npy,1,96,40,100,116
sub-110,sub-110_positive_00003_z80_y72_x100.npy,sub-110_positive_00003_z80_y72_x100.npy,1,80,72,100,28
sub-110,sub-110_positive_00004_z80_y48_x72.npy,sub-110_positive_00004_z80_y48_x72.npy,1,80,48,72,36
sub-110,sub-110_positive_00005_z96_y48_x112.npy,sub-110_positive_00005_z96_y48_x112.npy,1,96,48,112,4
sub-110,sub-110_positive_00006_z64_y104_x140.npy,sub-110_positive_00006_z64_y104_x140.npy,1,64,104,140,4
sub-110,sub-110_positive_00007_z112_y64_x92.npy,sub-110_positive_00007_z112_y64_x92.npy,1,112,64,92,8
sub-110,sub-110_positive_00008_z72_y24_x84.npy,sub-110_positive_00008_z72_y24_x84.npy,1,72,24,84,4
sub-110,sub-110_positive_00009_z88_y72_x104.npy,sub-110_positive_00009_z88_y72_x104.npy,1,88,72,104,12
sub-110,sub-110_positive_00010_z72_y24_x96.npy,sub-110_positive_00010_z72_y24_x96.npy,1,72,24,96,4
sub-110,sub-110_positive_00011_z88_y32_x80.npy,sub-110_positive_00011_z88_y32_x80.npy,1,88,32,80,20
sub-110,sub-110_positive_00012_z80_y40_x68.npy,sub-110_positive_00012_z80_y40_x68.npy,1,80,40,68,48
sub-110,sub-110_positive_00013_z96_y48_x104.npy,sub-110_positive_00013_z96_y48_x104.npy,1,96,48,104,84
sub-110,sub-110_positive_00014_z80_y40_x80.npy,sub-110_positive_00014_z80_y40_x80.npy,1,80,40,80,12
sub-110,sub-110_positive_00015_z88_y56_x108.npy,sub-110_positive_00015_z88_y56_x108.npy,1,88,56,108,4
sub-110,sub-110_positive_00016_z104_y48_x132.npy,sub-110_positive_00016_z104_y48_x132.npy,1,104,48,132,12
sub-110,sub-110_positive_00017_z72_y24_x140.npy,sub-110_positive_00017_z72_y24_x140.npy,1,72,24,140,8
sub-110,sub-110_positive_00018_z104_y32_x96.npy,sub-110_positive_00018_z104_y32_x96.npy,1,104,32,96,6
sub-110,sub-110_positive_00019_z112_y48_x88.npy,sub-110_positive_00019_z112_y48_x88.npy,1,112,48,88,48
sub-110,sub-110_positive_00020_z72_y32_x136.npy,sub-110_positive_00020_z72_y32_x136.npy,1,72,32,136,16
sub-110,sub-110_positive_00021_z104_y56_x104.npy,sub-110_positive_00021_z104_y56_x104.npy,1,104,56,104,48
sub-110,sub-110_positive_00022_z104_y40_x132.npy,sub-110_positive_00022_z104_y40_x132.npy,1,104,40,132,12
sub-110,sub-110_positive_00023_z64_y40_x84.npy,sub-110_positive_00023_z64_y40_x84.npy,1,64,40,84,8
sub-110,sub-110_positive_00024_z72_y24_x104.npy,sub-110_positive_00024_z72_y24_x104.npy,1,72,24,104,16
sub-110,sub-110_positive_00025_z96_y48_x96.npy,sub-110_positive_00025_z96_y48_x96.npy,1,96,48,96,40
sub-110,sub-110_positive_00026_z96_y72_x104.npy,sub-110_positive_00026_z96_y72_x104.npy,1,96,72,104,12
sub-110,sub-110_positive_00027_z72_y32_x100.npy,sub-110_positive_00027_z72_y32_x100.npy,1,72,32,100,36
sub-110,sub-110_positive_00028_z96_y48_x88.npy,sub-110_positive_00028_z96_y48_x88.npy,1,96,48,88,16
sub-110,sub-110_positive_00029_z120_y80_x100.npy,sub-110_positive_00029_z120_y80_x100.npy,1,120,80,100,4
sub-110,sub-110_positive_00030_z72_y56_x72.npy,sub-110_positive_00030_z72_y56_x72.npy,1,72,56,72,10
sub-110,sub-110_positive_00031_z88_y40_x68.npy,sub-110_positive_00031_z88_y40_x68.npy,1,88,40,68,72
sub-110,sub-110_positive_00032_z120_y56_x104.npy,sub-110_positive_00032_z120_y56_x104.npy,1,120,56,104,16
sub-110,sub-110_positive_00033_z80_y72_x96.npy,sub-110_positive_00033_z80_y72_x96.npy,1,80,72,96,16
sub-110,sub-110_positive_00034_z88_y32_x92.npy,sub-110_positive_00034_z88_y32_x92.npy,1,88,32,92,120
sub-110,sub-110_positive_00035_z80_y24_x92.npy,sub-110_positive_00035_z80_y24_x92.npy,1,80,24,92,30
sub-110,sub-110_positive_00036_z104_y56_x100.npy,sub-110_positive_00036_z104_y56_x100.npy,1,104,56,100,50
sub-110,sub-110_positive_00037_z96_y40_x84.npy,sub-110_positive_00037_z96_y40_x84.npy,1,96,40,84,72
sub-110,sub-110_positive_00038_z88_y56_x68.npy,sub-110_positive_00038_z88_y56_x68.npy,1,88,56,68,32
sub-110,sub-110_positive_00039_z120_y56_x132.npy,sub-110_positive_00039_z120_y56_x132.npy,1,120,56,132,4
sub-110,sub-110_positive_00040_z56_y104_x136.npy,sub-110_positive_00040_z56_y104_x136.npy,1,56,104,136,4
sub-110,sub-110_positive_00041_z104_y56_x92.npy,sub-110_positive_00041_z104_y56_x92.npy,1,104,56,92,60
sub-110,sub-110_positive_00042_z88_y40_x108.npy,sub-110_positive_00042_z88_y40_x108.npy,1,88,40,108,16
sub-110,sub-110_positive_00043_z80_y48_x100.npy,sub-110_positive_00043_z80_y48_x100.npy,1,80,48,100,64
sub-110,sub-110_positive_00044_z80_y40_x140.npy,sub-110_positive_00044_z80_y40_x140.npy,1,80,40,140,4
sub-110,sub-110_positive_00045_z88_y32_x88.npy,sub-110_positive_00045_z88_y32_x88.npy,1,88,32,88,70
sub-110,sub-110_positive_00046_z96_y32_x104.npy,sub-110_positive_00046_z96_y32_x104.npy,1,96,32,104,28
sub-110,sub-110_positive_00047_z56_y32_x100.npy,sub-110_positive_00047_z56_y32_x100.npy,1,56,32,100,8
sub-110,sub-110_positive_00048_z96_y32_x100.npy,sub-110_positive_00048_z96_y32_x100.npy,1,96,32,100,28
sub-110,sub-110_positive_00049_z72_y40_x108.npy,sub-110_positive_00049_z72_y40_x108.npy,1,72,40,108,4
sub-110,sub-110_positive_00050_z88_y48_x68.npy,sub-110_positive_00050_z88_y48_x68.npy,1,88,48,68,90
sub-110,sub-110_positive_00051_z112_y48_x96.npy,sub-110_positive_00051_z112_y48_x96.npy,1,112,48,96,52
sub-110,sub-110_positive_00052_z96_y40_x68.npy,sub-110_positive_00052_z96_y40_x68.npy,1,96,40,68,24
sub-110,sub-110_positive_00053_z112_y56_x128.npy,sub-110_positive_00053_z112_y56_x128.npy,1,112,56,128,8
sub-110,sub-110_positive_00054_z80_y48_x112.npy,sub-110_positive_00054_z80_y48_x112.npy,1,80,48,112,4
sub-110,sub-110_positive_00055_z88_y24_x92.npy,sub-110_positive_00055_z88_y24_x92.npy,1,88,24,92,16
sub-110,sub-110_positive_00056_z104_y40_x76.npy,sub-110_positive_00056_z104_y40_x76.npy,1,104,40,76,18
sub-110,sub-110_positive_00057_z80_y72_x88.npy,sub-110_positive_00057_z80_y72_x88.npy,1,80,72,88,4
sub-110,sub-110_positive_00058_z96_y24_x92.npy,sub-110_positive_00058_z96_y24_x92.npy,1,96,24,92,6
sub-110,sub-110_positive_00059_z112_y56_x96.npy,sub-110_positive_00059_z112_y56_x96.npy,1,112,56,96,44
sub-110,sub-110_positive_00060_z80_y40_x64.npy,sub-110_positive_00060_z80_y40_x64.npy,1,80,40,64,16
sub-110,sub-110_positive_00061_z80_y32_x76.npy,sub-110_positive_00061_z80_y32_x76.npy,1,80,32,76,52
sub-110,sub-110_positive_00062_z96_y32_x80.npy,sub-110_positive_00062_z96_y32_x80.npy,1,96,32,80,12
sub-110,sub-110_positive_00063_z56_y96_x136.npy,sub-110_positive_00063_z56_y96_x136.npy,1,56,96,136,4
sub-110,sub-110_positive_00064_z96_y40_x96.npy,sub-110_positive_00064_z96_y40_x96.npy,1,96,40,96,74
sub-110,sub-110_positive_00065_z96_y48_x100.npy,sub-110_positive_00065_z96_y48_x100.npy,1,96,48,100,112
sub-110,sub-110_positive_00066_z96_y56_x92.npy,sub-110_positive_00066_z96_y56_x92.npy,1,96,56,92,4
sub-110,sub-110_positive_00067_z56_y40_x104.npy,sub-110_positive_00067_z56_y40_x104.npy,1,56,40,104,8
sub-110,sub-110_positive_00068_z72_y56_x68.npy,sub-110_positive_00068_z72_y56_x68.npy,1,72,56,68,8
sub-110,sub-110_positive_00069_z64_y32_x104.npy,sub-110_positive_00069_z64_y32_x104.npy,1,64,32,104,24
sub-110,sub-110_positive_00070_z104_y64_x68.npy,sub-110_positive_00070_z104_y64_x68.npy,1,104,64,68,2
sub-110,sub-110_positive_00071_z96_y40_x140.npy,sub-110_positive_00071_z96_y40_x140.npy,1,96,40,140,12
sub-110,sub-110_positive_00072_z40_y64_x68.npy,sub-110_positive_00072_z40_y64_x68.npy,1,40,64,68,12
sub-110,sub-110_positive_00073_z96_y48_x76.npy,sub-110_positive_00073_z96_y48_x76.npy,1,96,48,76,196
sub-110,sub-110_positive_00074_z104_y64_x108.npy,sub-110_positive_00074_z104_y64_x108.npy,1,104,64,108,22
sub-110,sub-110_positive_00075_z80_y80_x104.npy,sub-110_positive_00075_z80_y80_x104.npy,1,80,80,104,12
sub-110,sub-110_positive_00076_z96_y64_x108.npy,sub-110_positive_00076_z96_y64_x108.npy,1,96,64,108,12
sub-110,sub-110_positive_00077_z72_y32_x92.npy,sub-110_positive_00077_z72_y32_x92.npy,1,72,32,92,54
sub-110,sub-110_positive_00078_z80_y32_x112.npy,sub-110_positive_00078_z80_y32_x112.npy,1,80,32,112,16
sub-110,sub-110_positive_00079_z48_y40_x100.npy,sub-110_positive_00079_z48_y40_x100.npy,1,48,40,100,16
sub-110,sub-110_positive_00080_z56_y96_x140.npy,sub-110_positive_00080_z56_y96_x140.npy,1,56,96,140,2
sub-110,sub-110_positive_00081_z80_y72_x80.npy,sub-110_positive_00081_z80_y72_x80.npy,1,80,72,80,8
sub-110,sub-110_positive_00082_z104_y40_x96.npy,sub-110_positive_00082_z104_y40_x96.npy,1,104,40,96,26
sub-110,sub-110_positive_00083_z80_y40_x76.npy,sub-110_positive_00083_z80_y40_x76.npy,1,80,40,76,60
sub-110,sub-110_positive_00084_z80_y32_x80.npy,sub-110_positive_00084_z80_y32_x80.npy,1,80,32,80,12
sub-110,sub-110_positive_00085_z104_y48_x76.npy,sub-110_positive_00085_z104_y48_x76.npy,1,104,48,76,56
sub-110,sub-110_positive_00086_z88_y56_x104.npy,sub-110_positive_00086_z88_y56_x104.npy,1,88,56,104,24
sub-110,sub-110_positive_00087_z96_y32_x84.npy,sub-110_positive_00087_z96_y32_x84.npy,1,96,32,84,28
sub-110,sub-110_positive_00088_z88_y24_x96.npy,sub-110_positive_00088_z88_y24_x96.npy,1,88,24,96,8
sub-110,sub-110_positive_00089_z96_y40_x104.npy,sub-110_positive_00089_z96_y40_x104.npy,1,96,40,104,80
sub-110,sub-110_positive_00090_z80_y48_x76.npy,sub-110_positive_00090_z80_y48_x76.npy,1,80,48,76,12
sub-110,sub-110_positive_00091_z80_y32_x88.npy,sub-110_positive_00091_z80_y32_x88.npy,1,80,32,88,78
sub-110,sub-110_positive_00092_z112_y56_x108.npy,sub-110_positive_00092_z112_y56_x108.npy,1,112,56,108,12
sub-110,sub-110_positive_00093_z64_y56_x68.npy,sub-110_positive_00093_z64_y56_x68.npy,1,64,56,68,4
sub-110,sub-110_positive_00094_z96_y40_x112.npy,sub-110_positive_00094_z96_y40_x112.npy,1,96,40,112,4
sub-110,sub-110_positive_00095_z80_y32_x96.npy,sub-110_positive_00095_z80_y32_x96.npy,1,80,32,96,60
sub-110,sub-110_positive_00096_z56_y96_x132.npy,sub-110_positive_00096_z56_y96_x132.npy,1,56,96,132,2
sub-110,sub-110_positive_00097_z88_y56_x80.npy,sub-110_positive_00097_z88_y56_x80.npy,1,88,56,80,4
sub-110,sub-110_positive_00098_z80_y40_x116.npy,sub-110_positive_00098_z80_y40_x116.npy,1,80,40,116,12
sub-110,sub-110_positive_00099_z104_y48_x96.npy,sub-110_positive_00099_z104_y48_x96.npy,1,104,48,96,36
sub-110,sub-110_negative_00100_z48_y184_x200.npy,sub-110_negative_00100_z48_y184_x200.npy,0,48,184,200,0
sub-110,sub-110_negative_00101_z120_y0_x208.npy,sub-110_negative_00101_z120_y0_x208.npy,0,120,0,208,0
sub-110,sub-110_negative_00102_z80_y136_x68.npy,sub-110_negative_00102_z80_y136_x68.npy,0,80,136,68,0
sub-110,sub-110_negative_00103_z56_y72_x60.npy,sub-110_negative_00103_z56_y72_x60.npy,0,56,72,60,0
sub-110,sub-110_negative_00104_z56_y16_x28.npy,sub-110_negative_00104_z56_y16_x28.npy,0,56,16,28,0
sub-110,sub-110_negative_00105_z96_y88_x68.npy,sub-110_negative_00105_z96_y88_x68.npy,0,96,88,68,0
sub-110,sub-110_negative_00106_z16_y88_x88.npy,sub-110_negative_00106_z16_y88_x88.npy,0,16,88,88,0
sub-110,sub-110_negative_00107_z40_y24_x64.npy,sub-110_negative_00107_z40_y24_x64.npy,0,40,24,64,0
sub-110,sub-110_negative_00108_z16_y120_x216.npy,sub-110_negative_00108_z16_y120_x216.npy,0,16,120,216,0
sub-110,sub-110_negative_00109_z88_y80_x184.npy,sub-110_negative_00109_z88_y80_x184.npy,0,88,80,184,0
sub-110,sub-110_negative_00110_z16_y184_x56.npy,sub-110_negative_00110_z16_y184_x56.npy,0,16,184,56,0
sub-110,sub-110_negative_00111_z56_y176_x124.npy,sub-110_negative_00111_z56_y176_x124.npy,0,56,176,124,0
sub-110,sub-110_negative_00112_z48_y168_x120.npy,sub-110_negative_00112_z48_y168_x120.npy,0,48,168,120,0
sub-110,sub-110_negative_00113_z104_y16_x176.npy,sub-110_negative_00113_z104_y16_x176.npy,0,104,16,176,0
sub-110,sub-110_negative_00114_z40_y176_x96.npy,sub-110_negative_00114_z40_y176_x96.npy,0,40,176,96,0
sub-110,sub-110_negative_00115_z88_y8_x24.npy,sub-110_negative_00115_z88_y8_x24.npy,0,88,8,24,0
sub-110,sub-110_negative_00116_z104_y64_x144.npy,sub-110_negative_00116_z104_y64_x144.npy,0,104,64,144,0
sub-110,sub-110_negative_00117_z24_y32_x48.npy,sub-110_negative_00117_z24_y32_x48.npy,0,24,32,48,0
sub-110,sub-110_negative_00118_z112_y32_x100.npy,sub-110_negative_00118_z112_y32_x100.npy,0,112,32,100,0
sub-110,sub-110_negative_00119_z120_y96_x128.npy,sub-110_negative_00119_z120_y96_x128.npy,0,120,96,128,0
sub-110,sub-110_negative_00120_z24_y120_x44.npy,sub-110_negative_00120_z24_y120_x44.npy,0,24,120,44,0
sub-110,sub-110_negative_00121_z112_y160_x12.npy,sub-110_negative_00121_z112_y160_x12.npy,0,112,160,12,0
sub-110,sub-110_negative_00122_z112_y56_x0.npy,sub-110_negative_00122_z112_y56_x0.npy,0,112,56,0,0
sub-110,sub-110_negative_00123_z16_y0_x44.npy,sub-110_negative_00123_z16_y0_x44.npy,0,16,0,44,0
sub-110,sub-110_negative_00124_z16_y112_x36.npy,sub-110_negative_00124_z16_y112_x36.npy,0,16,112,36,0
sub-110,sub-110_negative_00125_z104_y80_x184.npy,sub-110_negative_00125_z104_y80_x184.npy,0,104,80,184,0
sub-110,sub-110_negative_00126_z96_y144_x208.npy,sub-110_negative_00126_z96_y144_x208.npy,0,96,144,208,0
sub-110,sub-110_negative_00127_z16_y208_x76.npy,sub-110_negative_00127_z16_y208_x76.npy,0,16,208,76,0
sub-110,sub-110_negative_00128_z96_y16_x56.npy,sub-110_negative_00128_z96_y16_x56.npy,0,96,16,56,0
sub-110,sub-110_negative_00129_z16_y40_x72.npy,sub-110_negative_00129_z16_y40_x72.npy,0,16,40,72,0
sub-110,sub-110_negative_00130_z24_y160_x156.npy,sub-110_negative_00130_z24_y160_x156.npy,0,24,160,156,0
sub-110,sub-110_negative_00131_z64_y152_x188.npy,sub-110_negative_00131_z64_y152_x188.npy,0,64,152,188,0
sub-110,sub-110_negative_00132_z88_y24_x68.npy,sub-110_negative_00132_z88_y24_x68.npy,0,88,24,68,0
sub-110,sub-110_negative_00133_z64_y56_x140.npy,sub-110_negative_00133_z64_y56_x140.npy,0,64,56,140,0
sub-110,sub-110_negative_00134_z64_y120_x204.npy,sub-110_negative_00134_z64_y120_x204.npy,0,64,120,204,0
sub-110,sub-110_negative_00135_z32_y112_x120.npy,sub-110_negative_00135_z32_y112_x120.npy,0,32,112,120,0
sub-110,sub-110_negative_00136_z112_y96_x216.npy,sub-110_negative_00136_z112_y96_x216.npy,0,112,96,216,0
sub-110,sub-110_negative_00137_z96_y112_x20.npy,sub-110_negative_00137_z96_y112_x20.npy,0,96,112,20,0
sub-110,sub-110_negative_00138_z80_y32_x216.npy,sub-110_negative_00138_z80_y32_x216.npy,0,80,32,216,0
sub-110,sub-110_negative_00139_z96_y48_x220.npy,sub-110_negative_00139_z96_y48_x220.npy,0,96,48,220,0
sub-110,sub-110_negative_00140_z8_y96_x0.npy,sub-110_negative_00140_z8_y96_x0.npy,0,8,96,0,0
sub-110,sub-110_negative_00141_z104_y96_x172.npy,sub-110_negative_00141_z104_y96_x172.npy,0,104,96,172,0
sub-110,sub-110_negative_00142_z64_y128_x152.npy,sub-110_negative_00142_z64_y128_x152.npy,0,64,128,152,0
sub-110,sub-110_negative_00143_z48_y16_x184.npy,sub-110_negative_00143_z48_y16_x184.npy,0,48,16,184,0
sub-110,sub-110_negative_00144_z48_y208_x32.npy,sub-110_negative_00144_z48_y208_x32.npy,0,48,208,32,0
sub-110,sub-110_negative_00145_z56_y104_x72.npy,sub-110_negative_00145_z56_y104_x72.npy,0,56,104,72,0
sub-110,sub-110_negative_00146_z72_y208_x64.npy,sub-110_negative_00146_z72_y208_x64.npy,0,72,208,64,0
sub-110,sub-110_negative_00147_z8_y8_x172.npy,sub-110_negative_00147_z8_y8_x172.npy,0,8,8,172,0
sub-110,sub-110_negative_00148_z96_y16_x64.npy,sub-110_negative_00148_z96_y16_x64.npy,0,96,16,64,0
sub-110,sub-110_negative_00149_z24_y120_x56.npy,sub-110_negative_00149_z24_y120_x56.npy,0,24,120,56,0
sub-110,sub-110_negative_00150_z80_y72_x200.npy,sub-110_negative_00150_z80_y72_x200.npy,0,80,72,200,0
sub-110,sub-110_negative_00151_z112_y80_x48.npy,sub-110_negative_00151_z112_y80_x48.npy,0,112,80,48,0
sub-110,sub-110_negative_00152_z80_y176_x152.npy,sub-110_negative_00152_z80_y176_x152.npy,0,80,176,152,0
sub-110,sub-110_negative_00153_z40_y160_x176.npy,sub-110_negative_00153_z40_y160_x176.npy,0,40,160,176,0
sub-110,sub-110_negative_00154_z56_y0_x52.npy,sub-110_negative_00154_z56_y0_x52.npy,0,56,0,52,0
sub-110,sub-110_negative_00155_z56_y56_x184.npy,sub-110_negative_00155_z56_y56_x184.npy,0,56,56,184,0
sub-110,sub-110_negative_00156_z112_y168_x56.npy,sub-110_negative_00156_z112_y168_x56.npy,0,112,168,56,0
sub-110,sub-110_negative_00157_z64_y8_x168.npy,sub-110_negative_00157_z64_y8_x168.npy,0,64,8,168,0
sub-110,sub-110_negative_00158_z88_y144_x116.npy,sub-110_negative_00158_z88_y144_x116.npy,0,88,144,116,0
sub-110,sub-110_negative_00159_z88_y176_x80.npy,sub-110_negative_00159_z88_y176_x80.npy,0,88,176,80,0
sub-110,sub-110_negative_00160_z48_y64_x168.npy,sub-110_negative_00160_z48_y64_x168.npy,0,48,64,168,0
sub-110,sub-110_negative_00161_z40_y176_x60.npy,sub-110_negative_00161_z40_y176_x60.npy,0,40,176,60,0
sub-110,sub-110_negative_00162_z96_y64_x148.npy,sub-110_negative_00162_z96_y64_x148.npy,0,96,64,148,0
sub-110,sub-110_negative_00163_z8_y40_x80.npy,sub-110_negative_00163_z8_y40_x80.npy,0,8,40,80,0
sub-110,sub-110_negative_00164_z80_y16_x92.npy,sub-110_negative_00164_z80_y16_x92.npy,0,80,16,92,0
sub-110,sub-110_negative_00165_z80_y176_x204.npy,sub-110_negative_00165_z80_y176_x204.npy,0,80,176,204,0
sub-110,sub-110_negative_00166_z104_y40_x20.npy,sub-110_negative_00166_z104_y40_x20.npy,0,104,40,20,0
sub-110,sub-110_negative_00167_z8_y72_x76.npy,sub-110_negative_00167_z8_y72_x76.npy,0,8,72,76,0
sub-110,sub-110_negative_00168_z32_y72_x76.npy,sub-110_negative_00168_z32_y72_x76.npy,0,32,72,76,0
sub-110,sub-110_negative_00169_z8_y112_x56.npy,sub-110_negative_00169_z8_y112_x56.npy,0,8,112,56,0
sub-110,sub-110_negative_00170_z120_y104_x136.npy,sub-110_negative_00170_z120_y104_x136.npy,0,120,104,136,0
sub-110,sub-110_negative_00171_z96_y8_x84.npy,sub-110_negative_00171_z96_y8_x84.npy,0,96,8,84,0
sub-110,sub-110_negative_00172_z0_y144_x124.npy,sub-110_negative_00172_z0_y144_x124.npy,0,0,144,124,0
sub-110,sub-110_negative_00173_z104_y144_x136.npy,sub-110_negative_00173_z104_y144_x136.npy,0,104,144,136,0
sub-110,sub-110_negative_00174_z88_y16_x196.npy,sub-110_negative_00174_z88_y16_x196.npy,0,88,16,196,0
sub-110,sub-110_negative_00175_z48_y184_x32.npy,sub-110_negative_00175_z48_y184_x32.npy,0,48,184,32,0
sub-110,sub-110_negative_00176_z104_y144_x212.npy,sub-110_negative_00176_z104_y144_x212.npy,0,104,144,212,0
sub-110,sub-110_negative_00177_z24_y8_x104.npy,sub-110_negative_00177_z24_y8_x104.npy,0,24,8,104,0
sub-110,sub-110_negative_00178_z40_y152_x124.npy,sub-110_negative_00178_z40_y152_x124.npy,0,40,152,124,0
sub-110,sub-110_negative_00179_z8_y0_x4.npy,sub-110_negative_00179_z8_y0_x4.npy,0,8,0,4,0
sub-110,sub-110_negative_00180_z8_y96_x184.npy,sub-110_negative_00180_z8_y96_x184.npy,0,8,96,184,0
sub-110,sub-110_negative_00181_z56_y184_x76.npy,sub-110_negative_00181_z56_y184_x76.npy,0,56,184,76,0
sub-110,sub-110_negative_00182_z120_y120_x24.npy,sub-110_negative_00182_z120_y120_x24.npy,0,120,120,24,0
sub-110,sub-110_negative_00183_z48_y192_x4.npy,sub-110_negative_00183_z48_y192_x4.npy,0,48,192,4,0
sub-110,sub-110_negative_00184_z32_y192_x156.npy,sub-110_negative_00184_z32_y192_x156.npy,0,32,192,156,0
sub-110,sub-110_negative_00185_z96_y184_x20.npy,sub-110_negative_00185_z96_y184_x20.npy,0,96,184,20,0
sub-110,sub-110_negative_00186_z72_y208_x132.npy,sub-110_negative_00186_z72_y208_x132.npy,0,72,208,132,0
sub-110,sub-110_negative_00187_z80_y160_x84.npy,sub-110_negative_00187_z80_y160_x84.npy,0,80,160,84,0
sub-110,sub-110_negative_00188_z56_y80_x136.npy,sub-110_negative_00188_z56_y80_x136.npy,0,56,80,136,0
sub-110,sub-110_negative_00189_z96_y96_x68.npy,sub-110_negative_00189_z96_y96_x68.npy,0,96,96,68,0
sub-110,sub-110_negative_00190_z48_y96_x136.npy,sub-110_negative_00190_z48_y96_x136.npy,0,48,96,136,0
sub-110,sub-110_negative_00191_z40_y120_x116.npy,sub-110_negative_00191_z40_y120_x116.npy,0,40,120,116,0
sub-110,sub-110_negative_00192_z88_y176_x220.npy,sub-110_negative_00192_z88_y176_x220.npy,0,88,176,220,0
sub-110,sub-110_negative_00193_z16_y8_x20.npy,sub-110_negative_00193_z16_y8_x20.npy,0,16,8,20,0
sub-110,sub-110_negative_00194_z80_y192_x72.npy,sub-110_negative_00194_z80_y192_x72.npy,0,80,192,72,0
sub-110,sub-110_negative_00195_z40_y40_x52.npy,sub-110_negative_00195_z40_y40_x52.npy,0,40,40,52,0
sub-110,sub-110_negative_00196_z8_y80_x164.npy,sub-110_negative_00196_z8_y80_x164.npy,0,8,80,164,0
sub-110,sub-110_negative_00197_z64_y192_x112.npy,sub-110_negative_00197_z64_y192_x112.npy,0,64,192,112,0
sub-110,sub-110_negative_00198_z56_y16_x0.npy,sub-110_negative_00198_z56_y16_x0.npy,0,56,16,0,0
sub-110,sub-110_negative_00199_z104_y64_x164.npy,sub-110_negative_00199_z104_y64_x164.npy,0,104,64,164,0
sub-306,sub-306_positive_00000_z88_y104_x120.npy,sub-306_positive_00000_z88_y104_x120.npy,1,88,104,120,9
sub-306,sub-306_positive_00001_z88_y104_x124.npy,sub-306_positive_00001_z88_y104_x124.npy,1,88,104,124,9
sub-306,sub-306_positive_00002_z88_y112_x120.npy,sub-306_positive_00002_z88_y112_x120.npy,1,88,112,120,27
sub-306,sub-306_positive_00003_z88_y112_x124.npy,sub-306_positive_00003_z88_y112_x124.npy,1,88,112,124,27
sub-306,sub-306_positive_00004_z88_y120_x120.npy,sub-306_positive_00004_z88_y120_x120.npy,1,88,120,120,18
sub-306,sub-306_positive_00005_z88_y120_x124.npy,sub-306_positive_00005_z88_y120_x124.npy,1,88,120,124,18
sub-306,sub-306_positive_00006_z96_y104_x120.npy,sub-306_positive_00006_z96_y104_x120.npy,1,96,104,120,9
sub-306,sub-306_positive_00007_z96_y104_x124.npy,sub-306_positive_00007_z96_y104_x124.npy,1,96,104,124,9
sub-306,sub-306_positive_00008_z96_y112_x120.npy,sub-306_positive_00008_z96_y112_x120.npy,1,96,112,120,27
sub-306,sub-306_positive_00009_z96_y112_x124.npy,sub-306_positive_00009_z96_y112_x124.npy,1,96,112,124,27
sub-306,sub-306_positive_00010_z96_y120_x120.npy,sub-306_positive_00010_z96_y120_x120.npy,1,96,120,120,18
sub-306,sub-306_positive_00011_z96_y120_x124.npy,sub-306_positive_00011_z96_y120_x124.npy,1,96,120,124,18
sub-306,sub-306_negative_00012_z40_y160_x240.npy,sub-306_negative_00012_z40_y160_x240.npy,0,40,160,240,0
sub-306,sub-306_negative_00013_z96_y48_x144.npy,sub-306_negative_00013_z96_y48_x144.npy,0,96,48,144,0
sub-306,sub-306_negative_00014_z64_y168_x148.npy,sub-306_negative_00014_z64_y168_x148.npy,0,64,168,148,0
sub-306,sub-306_negative_00015_z48_y8_x164.npy,sub-306_negative_00015_z48_y8_x164.npy,0,48,8,164,0
sub-306,sub-306_negative_00016_z40_y200_x240.npy,sub-306_negative_00016_z40_y200_x240.npy,0,40,200,240,0
sub-306,sub-306_negative_00017_z80_y16_x232.npy,sub-306_negative_00017_z80_y16_x232.npy,0,80,16,232,0
sub-306,sub-306_negative_00018_z16_y0_x8.npy,sub-306_negative_00018_z16_y0_x8.npy,0,16,0,8,0
sub-306,sub-306_negative_00019_z32_y56_x16.npy,sub-306_negative_00019_z32_y56_x16.npy,0,32,56,16,0
sub-306,sub-306_negative_00020_z16_y32_x100.npy,sub-306_negative_00020_z16_y32_x100.npy,0,16,32,100,0
sub-306,sub-306_negative_00021_z72_y72_x8.npy,sub-306_negative_00021_z72_y72_x8.npy,0,72,72,8,0
sub-306,sub-306_negative_00022_z16_y88_x76.npy,sub-306_negative_00022_z16_y88_x76.npy,0,16,88,76,0
sub-306,sub-306_negative_00023_z48_y112_x40.npy,sub-306_negative_00023_z48_y112_x40.npy,0,48,112,40,0
sub-306,sub-306_negative_00024_z40_y144_x192.npy,sub-306_negative_00024_z40_y144_x192.npy,0,40,144,192,0
sub-306,sub-306_negative_00025_z80_y160_x116.npy,sub-306_negative_00025_z80_y160_x116.npy,0,80,160,116,0
sub-306,sub-306_negative_00026_z32_y200_x8.npy,sub-306_negative_00026_z32_y200_x8.npy,0,32,200,8,0
sub-306,sub-306_negative_00027_z72_y0_x220.npy,sub-306_negative_00027_z72_y0_x220.npy,0,72,0,220,0
sub-306,sub-306_negative_00028_z80_y200_x24.npy,sub-306_negative_00028_z80_y200_x24.npy,0,80,200,24,0
sub-306,sub-306_negative_00029_z16_y144_x216.npy,sub-306_negative_00029_z16_y144_x216.npy,0,16,144,216,0
sub-306,sub-306_negative_00030_z88_y120_x208.npy,sub-306_negative_00030_z88_y120_x208.npy,0,88,120,208,0
sub-306,sub-306_negative_00031_z96_y136_x88.npy,sub-306_negative_00031_z96_y136_x88.npy,0,96,136,88,0
sub-306,sub-306_negative_00032_z16_y232_x72.npy,sub-306_negative_00032_z16_y232_x72.npy,0,16,232,72,0
sub-306,sub-306_negative_00033_z88_y240_x32.npy,sub-306_negative_00033_z88_y240_x32.npy,0,88,240,32,0
sub-306,sub-306_negative_00034_z88_y144_x28.npy,sub-306_negative_00034_z88_y144_x28.npy,0,88,144,28,0
sub-306,sub-306_negative_00035_z8_y160_x108.npy,sub-306_negative_00035_z8_y160_x108.npy,0,8,160,108,0
sub-306,sub-306_negative_00036_z16_y16_x172.npy,sub-306_negative_00036_z16_y16_x172.npy,0,16,16,172,0
sub-306,sub-306_negative_00037_z80_y216_x44.npy,sub-306_negative_00037_z80_y216_x44.npy,0,80,216,44,0
sub-306,sub-306_negative_00038_z80_y80_x32.npy,sub-306_negative_00038_z80_y80_x32.npy,0,80,80,32,0
sub-306,sub-306_negative_00039_z16_y112_x56.npy,sub-306_negative_00039_z16_y112_x56.npy,0,16,112,56,0
sub-306,sub-306_negative_00040_z72_y208_x124.npy,sub-306_negative_00040_z72_y208_x124.npy,0,72,208,124,0
sub-306,sub-306_negative_00041_z8_y200_x72.npy,sub-306_negative_00041_z8_y200_x72.npy,0,8,200,72,0
sub-306,sub-306_negative_00042_z24_y24_x120.npy,sub-306_negative_00042_z24_y24_x120.npy,0,24,24,120,0
sub-306,sub-306_negative_00043_z56_y40_x204.npy,sub-306_negative_00043_z56_y40_x204.npy,0,56,40,204,0
sub-306,sub-306_negative_00044_z72_y16_x228.npy,sub-306_negative_00044_z72_y16_x228.npy,0,72,16,228,0
sub-306,sub-306_negative_00045_z48_y200_x80.npy,sub-306_negative_00045_z48_y200_x80.npy,0,48,200,80,0
sub-306,sub-306_negative_00046_z56_y16_x20.npy,sub-306_negative_00046_z56_y16_x20.npy,0,56,16,20,0
sub-306,sub-306_negative_00047_z24_y184_x28.npy,sub-306_negative_00047_z24_y184_x28.npy,0,24,184,28,0
sub-306,sub-306_negative_00048_z88_y184_x92.npy,sub-306_negative_00048_z88_y184_x92.npy,0,88,184,92,0
sub-306,sub-306_negative_00049_z80_y40_x144.npy,sub-306_negative_00049_z80_y40_x144.npy,0,80,40,144,0
sub-306,sub-306_negative_00050_z64_y80_x148.npy,sub-306_negative_00050_z64_y80_x148.npy,0,64,80,148,0
sub-306,sub-306_negative_00051_z72_y240_x40.npy,sub-306_negative_00051_z72_y240_x40.npy,0,72,240,40,0
sub-306,sub-306_negative_00052_z8_y48_x0.npy,sub-306_negative_00052_z8_y48_x0.npy,0,8,48,0,0
sub-306,sub-306_negative_00053_z80_y224_x236.npy,sub-306_negative_00053_z80_y224_x236.npy,0,80,224,236,0
sub-306,sub-306_negative_00054_z56_y16_x196.npy,sub-306_negative_00054_z56_y16_x196.npy,0,56,16,196,0
sub-306,sub-306_negative_00055_z40_y8_x8.npy,sub-306_negative_00055_z40_y8_x8.npy,0,40,8,8,0
sub-306,sub-306_negative_00056_z40_y184_x28.npy,sub-306_negative_00056_z40_y184_x28.npy,0,40,184,28,0
sub-306,sub-306_negative_00057_z48_y40_x108.npy,sub-306_negative_00057_z48_y40_x108.npy,0,48,40,108,0
sub-306,sub-306_negative_00058_z64_y40_x132.npy,sub-306_negative_00058_z64_y40_x132.npy,0,64,40,132,0
sub-306,sub-306_negative_00059_z0_y216_x72.npy,sub-306_negative_00059_z0_y216_x72.npy,0,0,216,72,0
sub-306,sub-306_negative_00060_z72_y208_x136.npy,sub-306_negative_00060_z72_y208_x136.npy,0,72,208,136,0
sub-306,sub-306_negative_00061_z16_y232_x80.npy,sub-306_negative_00061_z16_y232_x80.npy,0,16,232,80,0
sub-306,sub-306_negative_00062_z64_y112_x164.npy,sub-306_negative_00062_z64_y112_x164.npy,0,64,112,164,0
sub-306,sub-306_negative_00063_z88_y160_x196.npy,sub-306_negative_00063_z88_y160_x196.npy,0,88,160,196,0
sub-306,sub-306_negative_00064_z64_y208_x176.npy,sub-306_negative_00064_z64_y208_x176.npy,0,64,208,176,0
sub-306,sub-306_negative_00065_z32_y184_x116.npy,sub-306_negative_00065_z32_y184_x116.npy,0,32,184,116,0
sub-306,sub-306_negative_00066_z40_y192_x36.npy,sub-306_negative_00066_z40_y192_x36.npy,0,40,192,36,0
sub-306,sub-306_negative_00067_z48_y0_x68.npy,sub-306_negative_00067_z48_y0_x68.npy,0,48,0,68,0
sub-306,sub-306_negative_00068_z96_y0_x72.npy,sub-306_negative_00068_z96_y0_x72.npy,0,96,0,72,0
sub-306,sub-306_negative_00069_z48_y160_x12.npy,sub-306_negative_00069_z48_y160_x12.npy,0,48,160,12,0
sub-306,sub-306_negative_00070_z72_y128_x88.npy,sub-306_negative_00070_z72_y128_x88.npy,0,72,128,88,0
sub-306,sub-306_negative_00071_z72_y152_x240.npy,sub-306_negative_00071_z72_y152_x240.npy,0,72,152,240,0
sub-306,sub-306_negative_00072_z40_y48_x156.npy,sub-306_negative_00072_z40_y48_x156.npy,0,40,48,156,0
sub-306,sub-306_negative_00073_z32_y192_x224.npy,sub-306_negative_00073_z32_y192_x224.npy,0,32,192,224,0
sub-306,sub-306_negative_00074_z80_y0_x136.npy,sub-306_negative_00074_z80_y0_x136.npy,0,80,0,136,0
sub-306,sub-306_negative_00075_z0_y240_x176.npy,sub-306_negative_00075_z0_y240_x176.npy,0,0,240,176,0
sub-306,sub-306_negative_00076_z64_y64_x120.npy,sub-306_negative_00076_z64_y64_x120.npy,0,64,64,120,0
sub-306,sub-306_negative_00077_z64_y208_x224.npy,sub-306_negative_00077_z64_y208_x224.npy,0,64,208,224,0
sub-306,sub-306_negative_00078_z80_y176_x140.npy,sub-306_negative_00078_z80_y176_x140.npy,0,80,176,140,0
sub-306,sub-306_negative_00079_z8_y24_x124.npy,sub-306_negative_00079_z8_y24_x124.npy,0,8,24,124,0
sub-306,sub-306_negative_00080_z24_y144_x52.npy,sub-306_negative_00080_z24_y144_x52.npy,0,24,144,52,0
sub-306,sub-306_negative_00081_z8_y64_x36.npy,sub-306_negative_00081_z8_y64_x36.npy,0,8,64,36,0
sub-306,sub-306_negative_00082_z96_y144_x88.npy,sub-306_negative_00082_z96_y144_x88.npy,0,96,144,88,0
sub-306,sub-306_negative_00083_z72_y200_x168.npy,sub-306_negative_00083_z72_y200_x168.npy,0,72,200,168,0
sub-306,sub-306_negative_00084_z0_y136_x152.npy,sub-306_negative_00084_z0_y136_x152.npy,0,0,136,152,0
sub-306,sub-306_negative_00085_z88_y24_x140.npy,sub-306_negative_00085_z88_y24_x140.npy,0,88,24,140,0
sub-306,sub-306_negative_00086_z72_y16_x136.npy,sub-306_negative_00086_z72_y16_x136.npy,0,72,16,136,0
sub-306,sub-306_negative_00087_z40_y160_x60.npy,sub-306_negative_00087_z40_y160_x60.npy,0,40,160,60,0
sub-306,sub-306_negative_00088_z88_y24_x216.npy,sub-306_negative_00088_z88_y24_x216.npy,0,88,24,216,0
sub-306,sub-306_negative_00089_z16_y128_x64.npy,sub-306_negative_00089_z16_y128_x64.npy,0,16,128,64,0
sub-306,sub-306_negative_00090_z32_y176_x76.npy,sub-306_negative_00090_z32_y176_x76.npy,0,32,176,76,0
sub-306,sub-306_negative_00091_z0_y200_x160.npy,sub-306_negative_00091_z0_y200_x160.npy,0,0,200,160,0
sub-306,sub-306_negative_00092_z8_y48_x200.npy,sub-306_negative_00092_z8_y48_x200.npy,0,8,48,200,0
sub-306,sub-306_negative_00093_z48_y112_x228.npy,sub-306_negative_00093_z48_y112_x228.npy,0,48,112,228,0
sub-306,sub-306_negative_00094_z96_y152_x204.npy,sub-306_negative_00094_z96_y152_x204.npy,0,96,152,204,0
sub-306,sub-306_negative_00095_z40_y168_x28.npy,sub-306_negative_00095_z40_y168_x28.npy,0,40,168,28,0
sub-306,sub-306_negative_00096_z32_y8_x192.npy,sub-306_negative_00096_z32_y8_x192.npy,0,32,8,192,0
sub-306,sub-306_negative_00097_z80_y112_x16.npy,sub-306_negative_00097_z80_y112_x16.npy,0,80,112,16,0
sub-306,sub-306_negative_00098_z64_y40_x208.npy,sub-306_negative_00098_z64_y40_x208.npy,0,64,40,208,0
sub-306,sub-306_negative_00099_z64_y192_x128.npy,sub-306_negative_00099_z64_y192_x128.npy,0,64,192,128,0
sub-306,sub-306_negative_00100_z48_y16_x228.npy,sub-306_negative_00100_z48_y16_x228.npy,0,48,16,228,0
sub-306,sub-306_negative_00101_z80_y24_x224.npy,sub-306_negative_00101_z80_y24_x224.npy,0,80,24,224,0
sub-306,sub-306_negative_00102_z40_y80_x64.npy,sub-306_negative_00102_z40_y80_x64.npy,0,40,80,64,0
sub-306,sub-306_negative_00103_z32_y144_x120.npy,sub-306_negative_00103_z32_y144_x120.npy,0,32,144,120,0
sub-306,sub-306_negative_00104_z72_y160_x136.npy,sub-306_negative_00104_z72_y160_x136.npy,0,72,160,136,0
sub-306,sub-306_negative_00105_z8_y168_x68.npy,sub-306_negative_00105_z8_y168_x68.npy,0,8,168,68,0
sub-306,sub-306_negative_00106_z64_y224_x60.npy,sub-306_negative_00106_z64_y224_x60.npy,0,64,224,60,0
sub-306,sub-306_negative_00107_z32_y64_x220.npy,sub-306_negative_00107_z32_y64_x220.npy,0,32,64,220,0
sub-306,sub-306_negative_00108_z8_y32_x204.npy,sub-306_negative_00108_z8_y32_x204.npy,0,8,32,204,0
sub-306,sub-306_negative_00109_z56_y80_x48.npy,sub-306_negative_00109_z56_y80_x48.npy,0,56,80,48,0
sub-306,sub-306_negative_00110_z40_y200_x212.npy,sub-306_negative_00110_z40_y200_x212.npy,0,40,200,212,0
sub-306,sub-306_negative_00111_z80_y200_x48.npy,sub-306_negative_00111_z80_y200_x48.npy,0,80,200,48,0
sub-211,sub-211_negative_00000_z56_y200_x224.npy,sub-211_negative_00000_z56_y200_x224.npy,0,56,200,224,0
sub-211,sub-211_negative_00001_z128_y216_x112.npy,sub-211_negative_00001_z128_y216_x112.npy,0,128,216,112,0
sub-211,sub-211_negative_00002_z96_y8_x116.npy,sub-211_negative_00002_z96_y8_x116.npy,0,96,8,116,0
sub-211,sub-211_negative_00003_z64_y88_x164.npy,sub-211_negative_00003_z64_y88_x164.npy,0,64,88,164,0
sub-211,sub-211_negative_00004_z64_y16_x180.npy,sub-211_negative_00004_z64_y16_x180.npy,0,64,16,180,0
sub-211,sub-211_negative_00005_z104_y232_x168.npy,sub-211_negative_00005_z104_y232_x168.npy,0,104,232,168,0
sub-211,sub-211_negative_00006_z16_y184_x48.npy,sub-211_negative_00006_z16_y184_x48.npy,0,16,184,48,0
sub-211,sub-211_negative_00007_z40_y200_x184.npy,sub-211_negative_00007_z40_y200_x184.npy,0,40,200,184,0
sub-211,sub-211_negative_00008_z16_y232_x12.npy,sub-211_negative_00008_z16_y232_x12.npy,0,16,232,12,0
sub-211,sub-211_negative_00009_z96_y208_x104.npy,sub-211_negative_00009_z96_y208_x104.npy,0,96,208,104,0
sub-211,sub-211_negative_00010_z24_y64_x84.npy,sub-211_negative_00010_z24_y64_x84.npy,0,24,64,84,0
sub-211,sub-211_negative_00011_z64_y224_x104.npy,sub-211_negative_00011_z64_y224_x104.npy,0,64,224,104,0
sub-211,sub-211_negative_00012_z56_y184_x36.npy,sub-211_negative_00012_z56_y184_x36.npy,0,56,184,36,0
sub-211,sub-211_negative_00013_z112_y184_x76.npy,sub-211_negative_00013_z112_y184_x76.npy,0,112,184,76,0
sub-211,sub-211_negative_00014_z48_y152_x208.npy,sub-211_negative_00014_z48_y152_x208.npy,0,48,152,208,0
sub-211,sub-211_negative_00015_z96_y120_x128.npy,sub-211_negative_00015_z96_y120_x128.npy,0,96,120,128,0
sub-211,sub-211_negative_00016_z112_y232_x68.npy,sub-211_negative_00016_z112_y232_x68.npy,0,112,232,68,0
sub-211,sub-211_negative_00017_z24_y144_x120.npy,sub-211_negative_00017_z24_y144_x120.npy,0,24,144,120,0
sub-211,sub-211_negative_00018_z120_y224_x124.npy,sub-211_negative_00018_z120_y224_x124.npy,0,120,224,124,0
sub-211,sub-211_negative_00019_z136_y88_x212.npy,sub-211_negative_00019_z136_y88_x212.npy,0,136,88,212,0
sub-211,sub-211_negative_00020_z32_y16_x108.npy,sub-211_negative_00020_z32_y16_x108.npy,0,32,16,108,0
sub-211,sub-211_negative_00021_z128_y136_x140.npy,sub-211_negative_00021_z128_y136_x140.npy,0,128,136,140,0
sub-211,sub-211_negative_00022_z128_y8_x124.npy,sub-211_negative_00022_z128_y8_x124.npy,0,128,8,124,0
sub-211,sub-211_negative_00023_z16_y72_x0.npy,sub-211_negative_00023_z16_y72_x0.npy,0,16,72,0,0
sub-211,sub-211_negative_00024_z16_y208_x176.npy,sub-211_negative_00024_z16_y208_x176.npy,0,16,208,176,0
sub-211,sub-211_negative_00025_z120_y16_x84.npy,sub-211_negative_00025_z120_y16_x84.npy,0,120,16,84,0
sub-211,sub-211_negative_00026_z112_y72_x68.npy,sub-211_negative_00026_z112_y72_x68.npy,0,112,72,68,0
sub-211,sub-211_negative_00027_z24_y96_x52.npy,sub-211_negative_00027_z24_y96_x52.npy,0,24,96,52,0
sub-211,sub-211_negative_00028_z104_y152_x176.npy,sub-211_negative_00028_z104_y152_x176.npy,0,104,152,176,0
sub-211,sub-211_negative_00029_z16_y120_x112.npy,sub-211_negative_00029_z16_y120_x112.npy,0,16,120,112,0
sub-211,sub-211_negative_00030_z32_y72_x84.npy,sub-211_negative_00030_z32_y72_x84.npy,0,32,72,84,0
sub-211,sub-211_negative_00031_z72_y224_x212.npy,sub-211_negative_00031_z72_y224_x212.npy,0,72,224,212,0
sub-211,sub-211_negative_00032_z96_y136_x236.npy,sub-211_negative_00032_z96_y136_x236.npy,0,96,136,236,0
sub-211,sub-211_negative_00033_z72_y104_x128.npy,sub-211_negative_00033_z72_y104_x128.npy,0,72,104,128,0
sub-211,sub-211_negative_00034_z72_y184_x216.npy,sub-211_negative_00034_z72_y184_x216.npy,0,72,184,216,0
sub-211,sub-211_negative_00035_z40_y40_x164.npy,sub-211_negative_00035_z40_y40_x164.npy,0,40,40,164,0
sub-211,sub-211_negative_00036_z128_y64_x120.npy,sub-211_negative_00036_z128_y64_x120.npy,0,128,64,120,0
sub-211,sub-211_negative_00037_z112_y24_x92.npy,sub-211_negative_00037_z112_y24_x92.npy,0,112,24,92,0
sub-211,sub-211_negative_00038_z88_y128_x220.npy,sub-211_negative_00038_z88_y128_x220.npy,0,88,128,220,0
sub-211,sub-211_negative_00039_z104_y192_x120.npy,sub-211_negative_00039_z104_y192_x120.npy,0,104,192,120,0
sub-211,sub-211_negative_00040_z8_y152_x156.npy,sub-211_negative_00040_z8_y152_x156.npy,0,8,152,156,0
sub-211,sub-211_negative_00041_z120_y32_x100.npy,sub-211_negative_00041_z120_y32_x100.npy,0,120,32,100,0
sub-211,sub-211_negative_00042_z72_y192_x184.npy,sub-211_negative_00042_z72_y192_x184.npy,0,72,192,184,0
sub-211,sub-211_negative_00043_z48_y232_x48.npy,sub-211_negative_00043_z48_y232_x48.npy,0,48,232,48,0
sub-211,sub-211_negative_00044_z56_y224_x228.npy,sub-211_negative_00044_z56_y224_x228.npy,0,56,224,228,0
sub-211,sub-211_negative_00045_z64_y128_x168.npy,sub-211_negative_00045_z64_y128_x168.npy,0,64,128,168,0
sub-211,sub-211_negative_00046_z88_y72_x220.npy,sub-211_negative_00046_z88_y72_x220.npy,0,88,72,220,0
sub-211,sub-211_negative_00047_z8_y48_x148.npy,sub-211_negative_00047_z8_y48_x148.npy,0,8,48,148,0
sub-211,sub-211_negative_00048_z104_y152_x228.npy,sub-211_negative_00048_z104_y152_x228.npy,0,104,152,228,0
sub-211,sub-211_negative_00049_z136_y232_x152.npy,sub-211_negative_00049_z136_y232_x152.npy,0,136,232,152,0
sub-211,sub-211_negative_00050_z88_y176_x104.npy,sub-211_negative_00050_z88_y176_x104.npy,0,88,176,104,0
sub-211,sub-211_negative_00051_z128_y32_x216.npy,sub-211_negative_00051_z128_y32_x216.npy,0,128,32,216,0
sub-211,sub-211_negative_00052_z96_y64_x96.npy,sub-211_negative_00052_z96_y64_x96.npy,0,96,64,96,0
sub-211,sub-211_negative_00053_z48_y136_x184.npy,sub-211_negative_00053_z48_y136_x184.npy,0,48,136,184,0
sub-211,sub-211_negative_00054_z64_y0_x68.npy,sub-211_negative_00054_z64_y0_x68.npy,0,64,0,68,0
sub-211,sub-211_negative_00055_z64_y72_x188.npy,sub-211_negative_00055_z64_y72_x188.npy,0,64,72,188,0
sub-211,sub-211_negative_00056_z128_y152_x72.npy,sub-211_negative_00056_z128_y152_x72.npy,0,128,152,72,0
sub-211,sub-211_negative_00057_z72_y48_x108.npy,sub-211_negative_00057_z72_y48_x108.npy,0,72,48,108,0
sub-211,sub-211_negative_00058_z104_y48_x60.npy,sub-211_negative_00058_z104_y48_x60.npy,0,104,48,60,0
sub-211,sub-211_negative_00059_z104_y80_x224.npy,sub-211_negative_00059_z104_y80_x224.npy,0,104,80,224,0
sub-211,sub-211_negative_00060_z56_y48_x200.npy,sub-211_negative_00060_z56_y48_x200.npy,0,56,48,200,0
sub-211,sub-211_negative_00061_z48_y152_x184.npy,sub-211_negative_00061_z48_y152_x184.npy,0,48,152,184,0
sub-211,sub-211_negative_00062_z104_y208_x168.npy,sub-211_negative_00062_z104_y208_x168.npy,0,104,208,168,0
sub-211,sub-211_negative_00063_z8_y88_x44.npy,sub-211_negative_00063_z8_y88_x44.npy,0,8,88,44,0
sub-211,sub-211_negative_00064_z88_y104_x204.npy,sub-211_negative_00064_z88_y104_x204.npy,0,88,104,204,0
sub-211,sub-211_negative_00065_z96_y64_x128.npy,sub-211_negative_00065_z96_y64_x128.npy,0,96,64,128,0
sub-211,sub-211_negative_00066_z112_y208_x16.npy,sub-211_negative_00066_z112_y208_x16.npy,0,112,208,16,0
sub-211,sub-211_negative_00067_z8_y128_x68.npy,sub-211_negative_00067_z8_y128_x68.npy,0,8,128,68,0
sub-211,sub-211_negative_00068_z32_y232_x40.npy,sub-211_negative_00068_z32_y232_x40.npy,0,32,232,40,0
sub-211,sub-211_negative_00069_z8_y176_x116.npy,sub-211_negative_00069_z8_y176_x116.npy,0,8,176,116,0
sub-211,sub-211_negative_00070_z136_y104_x76.npy,sub-211_negative_00070_z136_y104_x76.npy,0,136,104,76,0
sub-211,sub-211_negative_00071_z104_y144_x156.npy,sub-211_negative_00071_z104_y144_x156.npy,0,104,144,156,0
sub-211,sub-211_negative_00072_z0_y184_x148.npy,sub-211_negative_00072_z0_y184_x148.npy,0,0,184,148,0
sub-211,sub-211_negative_00073_z120_y96_x76.npy,sub-211_negative_00073_z120_y96_x76.npy,0,120,96,76,0
sub-211,sub-211_negative_00074_z96_y136_x152.npy,sub-211_negative_00074_z96_y136_x152.npy,0,96,136,152,0
sub-211,sub-211_negative_00075_z56_y192_x232.npy,sub-211_negative_00075_z56_y192_x232.npy,0,56,192,232,0
sub-211,sub-211_negative_00076_z120_y96_x144.npy,sub-211_negative_00076_z120_y96_x144.npy,0,120,96,144,0
sub-211,sub-211_negative_00077_z24_y112_x232.npy,sub-211_negative_00077_z24_y112_x232.npy,0,24,112,232,0
sub-211,sub-211_negative_00078_z48_y128_x52.npy,sub-211_negative_00078_z48_y128_x52.npy,0,48,128,52,0
sub-211,sub-211_negative_00079_z8_y32_x96.npy,sub-211_negative_00079_z8_y32_x96.npy,0,8,32,96,0
sub-211,sub-211_negative_00080_z8_y160_x172.npy,sub-211_negative_00080_z8_y160_x172.npy,0,8,160,172,0
sub-211,sub-211_negative_00081_z64_y232_x132.npy,sub-211_negative_00081_z64_y232_x132.npy,0,64,232,132,0
sub-211,sub-211_negative_00082_z136_y120_x104.npy,sub-211_negative_00082_z136_y120_x104.npy,0,136,120,104,0
sub-211,sub-211_negative_00083_z56_y208_x72.npy,sub-211_negative_00083_z56_y208_x72.npy,0,56,208,72,0
sub-211,sub-211_negative_00084_z40_y144_x148.npy,sub-211_negative_00084_z40_y144_x148.npy,0,40,144,148,0
sub-211,sub-211_negative_00085_z112_y112_x112.npy,sub-211_negative_00085_z112_y112_x112.npy,0,112,112,112,0
sub-211,sub-211_negative_00086_z88_y80_x116.npy,sub-211_negative_00086_z88_y80_x116.npy,0,88,80,116,0
sub-211,sub-211_negative_00087_z96_y40_x124.npy,sub-211_negative_00087_z96_y40_x124.npy,0,96,40,124,0
sub-211,sub-211_negative_00088_z64_y104_x80.npy,sub-211_negative_00088_z64_y104_x80.npy,0,64,104,80,0
sub-211,sub-211_negative_00089_z112_y8_x20.npy,sub-211_negative_00089_z112_y8_x20.npy,0,112,8,20,0
sub-211,sub-211_negative_00090_z56_y88_x152.npy,sub-211_negative_00090_z56_y88_x152.npy,0,56,88,152,0
sub-211,sub-211_negative_00091_z48_y88_x28.npy,sub-211_negative_00091_z48_y88_x28.npy,0,48,88,28,0
sub-211,sub-211_negative_00092_z104_y88_x172.npy,sub-211_negative_00092_z104_y88_x172.npy,0,104,88,172,0
sub-211,sub-211_negative_00093_z16_y80_x24.npy,sub-211_negative_00093_z16_y80_x24.npy,0,16,80,24,0
sub-211,sub-211_negative_00094_z96_y80_x100.npy,sub-211_negative_00094_z96_y80_x100.npy,0,96,80,100,0
sub-211,sub-211_negative_00095_z40_y224_x44.npy,sub-211_negative_00095_z40_y224_x44.npy,0,40,224,44,0
sub-211,sub-211_negative_00096_z8_y144_x12.npy,sub-211_negative_00096_z8_y144_x12.npy,0,8,144,12,0
sub-211,sub-211_negative_00097_z80_y32_x152.npy,sub-211_negative_00097_z80_y32_x152.npy,0,80,32,152,0
sub-211,sub-211_negative_00098_z64_y16_x148.npy,sub-211_negative_00098_z64_y16_x148.npy,0,64,16,148,0
sub-211,sub-211_negative_00099_z112_y232_x104.npy,sub-211_negative_00099_z112_y232_x104.npy,0,112,232,104,0
sub-217,sub-217_positive_00000_z56_y128_x76.npy,sub-217_positive_00000_z56_y128_x76.npy,1,56,128,76,8
sub-217,sub-217_positive_00001_z56_y128_x80.npy,sub-217_positive_00001_z56_y128_x80.npy,1,56,128,80,16
sub-217,sub-217_positive_00002_z56_y128_x84.npy,sub-217_positive_00002_z56_y128_x84.npy,1,56,128,84,8
sub-217,sub-217_positive_00003_z56_y136_x76.npy,sub-217_positive_00003_z56_y136_x76.npy,1,56,136,76,8
sub-217,sub-217_positive_00004_z56_y136_x80.npy,sub-217_positive_00004_z56_y136_x80.npy,1,56,136,80,16
sub-217,sub-217_positive_00005_z56_y136_x84.npy,sub-217_positive_00005_z56_y136_x84.npy,1,56,136,84,8
sub-217,sub-217_positive_00006_z64_y128_x76.npy,sub-217_positive_00006_z64_y128_x76.npy,1,64,128,76,8
sub-217,sub-217_positive_00007_z64_y128_x80.npy,sub-217_positive_00007_z64_y128_x80.npy,1,64,128,80,16
sub-217,sub-217_positive_00008_z64_y128_x84.npy,sub-217_positive_00008_z64_y128_x84.npy,1,64,128,84,8
sub-217,sub-217_positive_00009_z64_y136_x76.npy,sub-217_positive_00009_z64_y136_x76.npy,1,64,136,76,8
sub-217,sub-217_positive_00010_z64_y136_x80.npy,sub-217_positive_00010_z64_y136_x80.npy,1,64,136,80,16
sub-217,sub-217_positive_00011_z64_y136_x84.npy,sub-217_positive_00011_z64_y136_x84.npy,1,64,136,84,8
sub-217,sub-217_negative_00012_z56_y200_x228.npy,sub-217_negative_00012_z56_y200_x228.npy,0,56,200,228,0
sub-217,sub-217_negative_00013_z128_y216_x116.npy,sub-217_negative_00013_z128_y216_x116.npy,0,128,216,116,0
sub-217,sub-217_negative_00014_z96_y8_x132.npy,sub-217_negative_00014_z96_y8_x132.npy,0,96,8,132,0
sub-217,sub-217_negative_00015_z64_y88_x164.npy,sub-217_negative_00015_z64_y88_x164.npy,0,64,88,164,0
sub-217,sub-217_negative_00016_z64_y16_x180.npy,sub-217_negative_00016_z64_y16_x180.npy,0,64,16,180,0
sub-217,sub-217_negative_00017_z104_y232_x176.npy,sub-217_negative_00017_z104_y232_x176.npy,0,104,232,176,0
sub-217,sub-217_negative_00018_z16_y184_x40.npy,sub-217_negative_00018_z16_y184_x40.npy,0,16,184,40,0
sub-217,sub-217_negative_00019_z40_y200_x168.npy,sub-217_negative_00019_z40_y200_x168.npy,0,40,200,168,0
sub-217,sub-217_negative_00020_z16_y232_x4.npy,sub-217_negative_00020_z16_y232_x4.npy,0,16,232,4,0
sub-217,sub-217_negative_00021_z96_y208_x120.npy,sub-217_negative_00021_z96_y208_x120.npy,0,96,208,120,0
sub-217,sub-217_negative_00022_z24_y64_x72.npy,sub-217_negative_00022_z24_y64_x72.npy,0,24,64,72,0
sub-217,sub-217_negative_00023_z64_y224_x128.npy,sub-217_negative_00023_z64_y224_x128.npy,0,64,224,128,0
sub-217,sub-217_negative_00024_z56_y184_x40.npy,sub-217_negative_00024_z56_y184_x40.npy,0,56,184,40,0
sub-217,sub-217_negative_00025_z112_y184_x84.npy,sub-217_negative_00025_z112_y184_x84.npy,0,112,184,84,0
sub-217,sub-217_negative_00026_z48_y152_x188.npy,sub-217_negative_00026_z48_y152_x188.npy,0,48,152,188,0
sub-217,sub-217_negative_00027_z96_y120_x140.npy,sub-217_negative_00027_z96_y120_x140.npy,0,96,120,140,0
sub-217,sub-217_negative_00028_z112_y232_x76.npy,sub-217_negative_00028_z112_y232_x76.npy,0,112,232,76,0
sub-217,sub-217_negative_00029_z24_y144_x108.npy,sub-217_negative_00029_z24_y144_x108.npy,0,24,144,108,0
sub-217,sub-217_negative_00030_z120_y224_x128.npy,sub-217_negative_00030_z120_y224_x128.npy,0,120,224,128,0
sub-217,sub-217_negative_00031_z136_y88_x216.npy,sub-217_negative_00031_z136_y88_x216.npy,0,136,88,216,0
sub-217,sub-217_negative_00032_z32_y16_x100.npy,sub-217_negative_00032_z32_y16_x100.npy,0,32,16,100,0
sub-217,sub-217_negative_00033_z128_y136_x144.npy,sub-217_negative_00033_z128_y136_x144.npy,0,128,136,144,0
sub-217,sub-217_negative_00034_z128_y8_x132.npy,sub-217_negative_00034_z128_y8_x132.npy,0,128,8,132,0
sub-217,sub-217_negative_00035_z16_y64_x240.npy,sub-217_negative_00035_z16_y64_x240.npy,0,16,64,240,0
sub-217,sub-217_negative_00036_z16_y208_x168.npy,sub-217_negative_00036_z16_y208_x168.npy,0,16,208,168,0
sub-217,sub-217_negative_00037_z120_y16_x92.npy,sub-217_negative_00037_z120_y16_x92.npy,0,120,16,92,0
sub-217,sub-217_negative_00038_z112_y72_x80.npy,sub-217_negative_00038_z112_y72_x80.npy,0,112,72,80,0
sub-217,sub-217_negative_00039_z24_y96_x44.npy,sub-217_negative_00039_z24_y96_x44.npy,0,24,96,44,0
sub-217,sub-217_negative_00040_z104_y152_x188.npy,sub-217_negative_00040_z104_y152_x188.npy,0,104,152,188,0
sub-217,sub-217_negative_00041_z16_y120_x104.npy,sub-217_negative_00041_z16_y120_x104.npy,0,16,120,104,0
sub-217,sub-217_negative_00042_z32_y72_x72.npy,sub-217_negative_00042_z32_y72_x72.npy,0,32,72,72,0
sub-217,sub-217_negative_00043_z72_y224_x232.npy,sub-217_negative_00043_z72_y224_x232.npy,0,72,224,232,0
sub-217,sub-217_negative_00044_z96_y144_x8.npy,sub-217_negative_00044_z96_y144_x8.npy,0,96,144,8,0
sub-217,sub-217_negative_00045_z72_y104_x152.npy,sub-217_negative_00045_z72_y104_x152.npy,0,72,104,152,0
sub-217,sub-217_negative_00046_z72_y184_x240.npy,sub-217_negative_00046_z72_y184_x240.npy,0,72,184,240,0
sub-217,sub-217_negative_00047_z40_y40_x148.npy,sub-217_negative_00047_z40_y40_x148.npy,0,40,40,148,0
sub-217,sub-217_negative_00048_z128_y64_x124.npy,sub-217_negative_00048_z128_y64_x124.npy,0,128,64,124,0
sub-217,sub-217_negative_00049_z112_y24_x104.npy,sub-217_negative_00049_z112_y24_x104.npy,0,112,24,104,0
sub-217,sub-217_negative_00050_z88_y128_x236.npy,sub-217_negative_00050_z88_y128_x236.npy,0,88,128,236,0
sub-217,sub-217_negative_00051_z104_y192_x132.npy,sub-217_negative_00051_z104_y192_x132.npy,0,104,192,132,0
sub-217,sub-217_negative_00052_z8_y152_x152.npy,sub-217_negative_00052_z8_y152_x152.npy,0,8,152,152,0
sub-217,sub-217_negative_00053_z120_y32_x108.npy,sub-217_negative_00053_z120_y32_x108.npy,0,120,32,108,0
sub-217,sub-217_negative_00054_z72_y192_x204.npy,sub-217_negative_00054_z72_y192_x204.npy,0,72,192,204,0
sub-217,sub-217_negative_00055_z48_y232_x28.npy,sub-217_negative_00055_z48_y232_x28.npy,0,48,232,28,0
sub-217,sub-217_negative_00056_z56_y224_x228.npy,sub-217_negative_00056_z56_y224_x228.npy,0,56,224,228,0
sub-217,sub-217_negative_00057_z64_y128_x180.npy,sub-217_negative_00057_z64_y128_x180.npy,0,64,128,180,0
sub-217,sub-217_negative_00058_z88_y72_x240.npy,sub-217_negative_00058_z88_y72_x240.npy,0,88,72,240,0
sub-217,sub-217_negative_00059_z8_y48_x144.npy,sub-217_negative_00059_z8_y48_x144.npy,0,8,48,144,0
sub-217,sub-217_negative_00060_z104_y152_x240.npy,sub-217_negative_00060_z104_y152_x240.npy,0,104,152,240,0
sub-217,sub-217_negative_00061_z32_y16_x96.npy,sub-217_negative_00061_z32_y16_x96.npy,0,32,16,96,0
sub-217,sub-217_negative_00062_z88_y176_x120.npy,sub-217_negative_00062_z88_y176_x120.npy,0,88,176,120,0
sub-217,sub-217_negative_00063_z128_y32_x220.npy,sub-217_negative_00063_z128_y32_x220.npy,0,128,32,220,0
sub-217,sub-217_negative_00064_z96_y64_x112.npy,sub-217_negative_00064_z96_y64_x112.npy,0,96,64,112,0
sub-217,sub-217_negative_00065_z48_y136_x168.npy,sub-217_negative_00065_z48_y136_x168.npy,0,48,136,168,0
sub-217,sub-217_negative_00066_z64_y0_x68.npy,sub-217_negative_00066_z64_y0_x68.npy,0,64,0,68,0
sub-217,sub-217_negative_00067_z64_y72_x192.npy,sub-217_negative_00067_z64_y72_x192.npy,0,64,72,192,0
sub-217,sub-217_negative_00068_z128_y152_x76.npy,sub-217_negative_00068_z128_y152_x76.npy,0,128,152,76,0
sub-217,sub-217_negative_00069_z72_y48_x128.npy,sub-217_negative_00069_z72_y48_x128.npy,0,72,48,128,0
sub-217,sub-217_negative_00070_z104_y48_x72.npy,sub-217_negative_00070_z104_y48_x72.npy,0,104,48,72,0
sub-217,sub-217_negative_00071_z104_y80_x236.npy,sub-217_negative_00071_z104_y80_x236.npy,0,104,80,236,0
sub-217,sub-217_negative_00072_z56_y48_x180.npy,sub-217_negative_00072_z56_y48_x180.npy,0,56,48,180,0
sub-217,sub-217_negative_00073_z48_y152_x164.npy,sub-217_negative_00073_z48_y152_x164.npy,0,48,152,164,0
sub-217,sub-217_negative_00074_z104_y208_x176.npy,sub-217_negative_00074_z104_y208_x176.npy,0,104,208,176,0
sub-217,sub-217_negative_00075_z8_y88_x40.npy,sub-217_negative_00075_z8_y88_x40.npy,0,8,88,40,0
sub-217,sub-217_negative_00076_z88_y104_x220.npy,sub-217_negative_00076_z88_y104_x220.npy,0,88,104,220,0
sub-217,sub-217_negative_00077_z96_y64_x140.npy,sub-217_negative_00077_z96_y64_x140.npy,0,96,64,140,0
sub-217,sub-217_negative_00078_z112_y208_x24.npy,sub-217_negative_00078_z112_y208_x24.npy,0,112,208,24,0
sub-217,sub-217_negative_00079_z8_y128_x64.npy,sub-217_negative_00079_z8_y128_x64.npy,0,8,128,64,0
sub-217,sub-217_negative_00080_z32_y232_x28.npy,sub-217_negative_00080_z32_y232_x28.npy,0,32,232,28,0
sub-217,sub-217_negative_00081_z8_y176_x112.npy,sub-217_negative_00081_z8_y176_x112.npy,0,8,176,112,0
sub-217,sub-217_negative_00082_z136_y104_x76.npy,sub-217_negative_00082_z136_y104_x76.npy,0,136,104,76,0
sub-217,sub-217_negative_00083_z104_y144_x168.npy,sub-217_negative_00083_z104_y144_x168.npy,0,104,144,168,0
sub-217,sub-217_negative_00084_z0_y184_x148.npy,sub-217_negative_00084_z0_y184_x148.npy,0,0,184,148,0
sub-217,sub-217_negative_00085_z120_y96_x84.npy,sub-217_negative_00085_z120_y96_x84.npy,0,120,96,84,0
sub-217,sub-217_negative_00086_z96_y136_x164.npy,sub-217_negative_00086_z96_y136_x164.npy,0,96,136,164,0
sub-217,sub-217_negative_00087_z56_y192_x232.npy,sub-217_negative_00087_z56_y192_x232.npy,0,56,192,232,0
sub-217,sub-217_negative_00088_z120_y96_x148.npy,sub-217_negative_00088_z120_y96_x148.npy,0,120,96,148,0
sub-217,sub-217_negative_00089_z24_y112_x220.npy,sub-217_negative_00089_z24_y112_x220.npy,0,24,112,220,0
sub-217,sub-217_negative_00090_z48_y128_x36.npy,sub-217_negative_00090_z48_y128_x36.npy,0,48,128,36,0
sub-217,sub-217_negative_00091_z8_y32_x92.npy,sub-217_negative_00091_z8_y32_x92.npy,0,8,32,92,0
sub-217,sub-217_negative_00092_z8_y160_x168.npy,sub-217_negative_00092_z8_y160_x168.npy,0,8,160,168,0
sub-217,sub-217_negative_00093_z64_y232_x156.npy,sub-217_negative_00093_z64_y232_x156.npy,0,64,232,156,0
sub-217,sub-217_negative_00094_z136_y120_x104.npy,sub-217_negative_00094_z136_y120_x104.npy,0,136,120,104,0
sub-217,sub-217_negative_00095_z56_y208_x76.npy,sub-217_negative_00095_z56_y208_x76.npy,0,56,208,76,0
sub-217,sub-217_negative_00096_z40_y144_x132.npy,sub-217_negative_00096_z40_y144_x132.npy,0,40,144,132,0
sub-217,sub-217_negative_00097_z112_y112_x120.npy,sub-217_negative_00097_z112_y112_x120.npy,0,112,112,120,0
sub-217,sub-217_negative_00098_z88_y80_x132.npy,sub-217_negative_00098_z88_y80_x132.npy,0,88,80,132,0
sub-217,sub-217_negative_00099_z96_y40_x136.npy,sub-217_negative_00099_z96_y40_x136.npy,0,96,40,136,0
sub-217,sub-217_negative_00100_z64_y104_x80.npy,sub-217_negative_00100_z64_y104_x80.npy,0,64,104,80,0
sub-217,sub-217_negative_00101_z112_y8_x28.npy,sub-217_negative_00101_z112_y8_x28.npy,0,112,8,28,0
sub-217,sub-217_negative_00102_z56_y88_x132.npy,sub-217_negative_00102_z56_y88_x132.npy,0,56,88,132,0
sub-217,sub-217_negative_00103_z48_y88_x8.npy,sub-217_negative_00103_z48_y88_x8.npy,0,48,88,8,0
sub-217,sub-217_negative_00104_z104_y88_x184.npy,sub-217_negative_00104_z104_y88_x184.npy,0,104,88,184,0
sub-217,sub-217_negative_00105_z16_y80_x16.npy,sub-217_negative_00105_z16_y80_x16.npy,0,16,80,16,0
sub-217,sub-217_negative_00106_z96_y80_x116.npy,sub-217_negative_00106_z96_y80_x116.npy,0,96,80,116,0
sub-217,sub-217_negative_00107_z40_y224_x28.npy,sub-217_negative_00107_z40_y224_x28.npy,0,40,224,28,0
sub-217,sub-217_negative_00108_z8_y144_x8.npy,sub-217_negative_00108_z8_y144_x8.npy,0,8,144,8,0
sub-217,sub-217_negative_00109_z80_y32_x172.npy,sub-217_negative_00109_z80_y32_x172.npy,0,80,32,172,0
sub-217,sub-217_negative_00110_z64_y16_x152.npy,sub-217_negative_00110_z64_y16_x152.npy,0,64,16,152,0
sub-217,sub-217_negative_00111_z112_y232_x112.npy,sub-217_negative_00111_z112_y232_x112.npy,0,112,232,112,0
sub-111,sub-111_positive_00000_z24_y104_x148.npy,sub-111_positive_00000_z24_y104_x148.npy,1,24,104,148,8
sub-111,sub-111_positive_00001_z24_y104_x152.npy,sub-111_positive_00001_z24_y104_x152.npy,1,24,104,152,8
sub-111,sub-111_positive_00002_z24_y112_x148.npy,sub-111_positive_00002_z24_y112_x148.npy,1,24,112,148,8
sub-111,sub-111_positive_00003_z24_y112_x152.npy,sub-111_positive_00003_z24_y112_x152.npy,1,24,112,152,8
sub-111,sub-111_positive_00004_z32_y104_x148.npy,sub-111_positive_00004_z32_y104_x148.npy,1,32,104,148,8
sub-111,sub-111_positive_00005_z32_y104_x152.npy,sub-111_positive_00005_z32_y104_x152.npy,1,32,104,152,8
sub-111,sub-111_positive_00006_z32_y112_x148.npy,sub-111_positive_00006_z32_y112_x148.npy,1,32,112,148,8
sub-111,sub-111_positive_00007_z32_y112_x152.npy,sub-111_positive_00007_z32_y112_x152.npy,1,32,112,152,8
sub-111,sub-111_positive_00008_z56_y112_x76.npy,sub-111_positive_00008_z56_y112_x76.npy,1,56,112,76,12
sub-111,sub-111_positive_00009_z56_y112_x80.npy,sub-111_positive_00009_z56_y112_x80.npy,1,56,112,80,12
sub-111,sub-111_positive_00010_z56_y120_x76.npy,sub-111_positive_00010_z56_y120_x76.npy,1,56,120,76,14
sub-111,sub-111_positive_00011_z56_y120_x80.npy,sub-111_positive_00011_z56_y120_x80.npy,1,56,120,80,14
sub-111,sub-111_positive_00012_z56_y128_x76.npy,sub-111_positive_00012_z56_y128_x76.npy,1,56,128,76,2
sub-111,sub-111_positive_00013_z56_y128_x80.npy,sub-111_positive_00013_z56_y128_x80.npy,1,56,128,80,2
sub-111,sub-111_positive_00014_z64_y112_x72.npy,sub-111_positive_00014_z64_y112_x72.npy,1,64,112,72,4
sub-111,sub-111_positive_00015_z64_y112_x76.npy,sub-111_positive_00015_z64_y112_x76.npy,1,64,112,76,56
sub-111,sub-111_positive_00016_z64_y112_x80.npy,sub-111_positive_00016_z64_y112_x80.npy,1,64,112,80,52
sub-111,sub-111_positive_00017_z64_y120_x72.npy,sub-111_positive_00017_z64_y120_x72.npy,1,64,120,72,8
sub-111,sub-111_positive_00018_z64_y120_x76.npy,sub-111_positive_00018_z64_y120_x76.npy,1,64,120,76,76
sub-111,sub-111_positive_00019_z64_y120_x80.npy,sub-111_positive_00019_z64_y120_x80.npy,1,64,120,80,68
sub-111,sub-111_positive_00020_z64_y128_x72.npy,sub-111_positive_00020_z64_y128_x72.npy,1,64,128,72,4
sub-111,sub-111_positive_00021_z64_y128_x76.npy,sub-111_positive_00021_z64_y128_x76.npy,1,64,128,76,20
sub-111,sub-111_positive_00022_z64_y128_x80.npy,sub-111_positive_00022_z64_y128_x80.npy,1,64,128,80,16
sub-111,sub-111_positive_00023_z64_y152_x88.npy,sub-111_positive_00023_z64_y152_x88.npy,1,64,152,88,14
sub-111,sub-111_positive_00024_z64_y152_x92.npy,sub-111_positive_00024_z64_y152_x92.npy,1,64,152,92,38
sub-111,sub-111_positive_00025_z64_y152_x96.npy,sub-111_positive_00025_z64_y152_x96.npy,1,64,152,96,24
sub-111,sub-111_positive_00026_z64_y160_x88.npy,sub-111_positive_00026_z64_y160_x88.npy,1,64,160,88,14
sub-111,sub-111_positive_00027_z64_y160_x92.npy,sub-111_positive_00027_z64_y160_x92.npy,1,64,160,92,38
sub-111,sub-111_positive_00028_z64_y160_x96.npy,sub-111_positive_00028_z64_y160_x96.npy,1,64,160,96,24
sub-111,sub-111_positive_00029_z72_y112_x72.npy,sub-111_positive_00029_z72_y112_x72.npy,1,72,112,72,4
sub-111,sub-111_positive_00030_z72_y112_x76.npy,sub-111_positive_00030_z72_y112_x76.npy,1,72,112,76,44
sub-111,sub-111_positive_00031_z72_y112_x80.npy,sub-111_positive_00031_z72_y112_x80.npy,1,72,112,80,40
sub-111,sub-111_positive_00032_z72_y120_x72.npy,sub-111_positive_00032_z72_y120_x72.npy,1,72,120,72,8
sub-111,sub-111_positive_00033_z72_y120_x76.npy,sub-111_positive_00033_z72_y120_x76.npy,1,72,120,76,62
sub-111,sub-111_positive_00034_z72_y120_x80.npy,sub-111_positive_00034_z72_y120_x80.npy,1,72,120,80,54
sub-111,sub-111_positive_00035_z72_y128_x72.npy,sub-111_positive_00035_z72_y128_x72.npy,1,72,128,72,4
sub-111,sub-111_positive_00036_z72_y128_x76.npy,sub-111_positive_00036_z72_y128_x76.npy,1,72,128,76,18
sub-111,sub-111_positive_00037_z72_y128_x80.npy,sub-111_positive_00037_z72_y128_x80.npy,1,72,128,80,14
sub-111,sub-111_positive_00038_z72_y152_x88.npy,sub-111_positive_00038_z72_y152_x88.npy,1,72,152,88,20
sub-111,sub-111_positive_00039_z72_y152_x92.npy,sub-111_positive_00039_z72_y152_x92.npy,1,72,152,92,56
sub-111,sub-111_positive_00040_z72_y152_x96.npy,sub-111_positive_00040_z72_y152_x96.npy,1,72,152,96,36
sub-111,sub-111_positive_00041_z72_y160_x88.npy,sub-111_positive_00041_z72_y160_x88.npy,1,72,160,88,20
sub-111,sub-111_positive_00042_z72_y160_x92.npy,sub-111_positive_00042_z72_y160_x92.npy,1,72,160,92,56
sub-111,sub-111_positive_00043_z72_y160_x96.npy,sub-111_positive_00043_z72_y160_x96.npy,1,72,160,96,36
sub-111,sub-111_positive_00044_z80_y152_x88.npy,sub-111_positive_00044_z80_y152_x88.npy,1,80,152,88,6
sub-111,sub-111_positive_00045_z80_y152_x92.npy,sub-111_positive_00045_z80_y152_x92.npy,1,80,152,92,18
sub-111,sub-111_positive_00046_z80_y152_x96.npy,sub-111_positive_00046_z80_y152_x96.npy,1,80,152,96,12
sub-111,sub-111_positive_00047_z80_y160_x88.npy,sub-111_positive_00047_z80_y160_x88.npy,1,80,160,88,6
sub-111,sub-111_positive_00048_z80_y160_x92.npy,sub-111_positive_00048_z80_y160_x92.npy,1,80,160,92,18
sub-111,sub-111_positive_00049_z80_y160_x96.npy,sub-111_positive_00049_z80_y160_x96.npy,1,80,160,96,12
sub-111,sub-111_negative_00050_z48_y208_x100.npy,sub-111_negative_00050_z48_y208_x100.npy,0,48,208,100,0
sub-111,sub-111_negative_00051_z120_y0_x212.npy,sub-111_negative_00051_z120_y0_x212.npy,0,120,0,212,0
sub-111,sub-111_negative_00052_z80_y152_x68.npy,sub-111_negative_00052_z80_y152_x68.npy,0,80,152,68,0
sub-111,sub-111_negative_00053_z56_y88_x216.npy,sub-111_negative_00053_z56_y88_x216.npy,0,56,88,216,0
sub-111,sub-111_negative_00054_z56_y32_x172.npy,sub-111_negative_00054_z56_y32_x172.npy,0,56,32,172,0
sub-111,sub-111_negative_00055_z96_y88_x168.npy,sub-111_negative_00055_z96_y88_x168.npy,0,96,88,168,0
sub-111,sub-111_negative_00056_z16_y96_x88.npy,sub-111_negative_00056_z16_y96_x88.npy,0,16,96,88,0
sub-111,sub-111_negative_00057_z40_y40_x88.npy,sub-111_negative_00057_z40_y40_x88.npy,0,40,40,88,0
sub-111,sub-111_negative_00058_z16_y136_x12.npy,sub-111_negative_00058_z16_y136_x12.npy,0,16,136,12,0
sub-111,sub-111_negative_00059_z88_y96_x24.npy,sub-111_negative_00059_z88_y96_x24.npy,0,88,96,24,0
sub-111,sub-111_negative_00060_z16_y192_x100.npy,sub-111_negative_00060_z16_y192_x100.npy,0,16,192,100,0
sub-111,sub-111_negative_00061_z56_y200_x100.npy,sub-111_negative_00061_z56_y200_x100.npy,0,56,200,100,0
sub-111,sub-111_negative_00062_z48_y192_x16.npy,sub-111_negative_00062_z48_y192_x16.npy,0,48,192,16,0
sub-111,sub-111_negative_00063_z104_y24_x116.npy,sub-111_negative_00063_z104_y24_x116.npy,0,104,24,116,0
sub-111,sub-111_negative_00064_z40_y192_x140.npy,sub-111_negative_00064_z40_y192_x140.npy,0,40,192,140,0
sub-111,sub-111_negative_00065_z88_y24_x84.npy,sub-111_negative_00065_z88_y24_x84.npy,0,88,24,84,0
sub-111,sub-111_negative_00066_z104_y64_x120.npy,sub-111_negative_00066_z104_y64_x120.npy,0,104,64,120,0
sub-111,sub-111_negative_00067_z24_y40_x116.npy,sub-111_negative_00067_z24_y40_x116.npy,0,24,40,116,0
sub-111,sub-111_negative_00068_z112_y32_x140.npy,sub-111_negative_00068_z112_y32_x140.npy,0,112,32,140,0
sub-111,sub-111_negative_00069_z120_y96_x80.npy,sub-111_negative_00069_z120_y96_x80.npy,0,120,96,80,0
sub-111,sub-111_negative_00070_z24_y128_x168.npy,sub-111_negative_00070_z24_y128_x168.npy,0,24,128,168,0
sub-111,sub-111_negative_00071_z112_y152_x212.npy,sub-111_negative_00071_z112_y152_x212.npy,0,112,152,212,0
sub-111,sub-111_negative_00072_z112_y56_x20.npy,sub-111_negative_00072_z112_y56_x20.npy,0,112,56,20,0
sub-111,sub-111_negative_00073_z16_y8_x8.npy,sub-111_negative_00073_z16_y8_x8.npy,0,16,8,8,0
sub-111,sub-111_negative_00074_z16_y120_x48.npy,sub-111_negative_00074_z16_y120_x48.npy,0,16,120,48,0
sub-111,sub-111_negative_00075_z104_y80_x156.npy,sub-111_negative_00075_z104_y80_x156.npy,0,104,80,156,0
sub-111,sub-111_negative_00076_z96_y152_x112.npy,sub-111_negative_00076_z96_y152_x112.npy,0,96,152,112,0
sub-111,sub-111_negative_00077_z24_y0_x128.npy,sub-111_negative_00077_z24_y0_x128.npy,0,24,0,128,0
sub-111,sub-111_negative_00078_z96_y24_x184.npy,sub-111_negative_00078_z96_y24_x184.npy,0,96,24,184,0
sub-111,sub-111_negative_00079_z16_y48_x52.npy,sub-111_negative_00079_z16_y48_x52.npy,0,16,48,52,0
sub-111,sub-111_negative_00080_z24_y176_x72.npy,sub-111_negative_00080_z24_y176_x72.npy,0,24,176,72,0
sub-111,sub-111_negative_00081_z64_y176_x212.npy,sub-111_negative_00081_z64_y176_x212.npy,0,64,176,212,0
sub-111,sub-111_negative_00082_z88_y40_x132.npy,sub-111_negative_00082_z88_y40_x132.npy,0,88,40,132,0
sub-111,sub-111_negative_00083_z64_y80_x84.npy,sub-111_negative_00083_z64_y80_x84.npy,0,64,80,84,0
sub-111,sub-111_negative_00084_z64_y144_x192.npy,sub-111_negative_00084_z64_y144_x192.npy,0,64,144,192,0
sub-111,sub-111_negative_00085_z32_y128_x92.npy,sub-111_negative_00085_z32_y128_x92.npy,0,32,128,92,0
sub-111,sub-111_negative_00086_z112_y96_x164.npy,sub-111_negative_00086_z112_y96_x164.npy,0,112,96,164,0
sub-111,sub-111_negative_00087_z96_y112_x132.npy,sub-111_negative_00087_z96_y112_x132.npy,0,96,112,132,0
sub-111,sub-111_negative_00088_z80_y56_x112.npy,sub-111_negative_00088_z80_y56_x112.npy,0,80,56,112,0
sub-111,sub-111_negative_00089_z96_y56_x168.npy,sub-111_negative_00089_z96_y56_x168.npy,0,96,56,168,0
sub-111,sub-111_negative_00090_z8_y96_x136.npy,sub-111_negative_00090_z8_y96_x136.npy,0,8,96,136,0
sub-111,sub-111_negative_00091_z104_y96_x144.npy,sub-111_negative_00091_z104_y96_x144.npy,0,104,96,144,0
sub-111,sub-111_negative_00092_z64_y152_x148.npy,sub-111_negative_00092_z64_y152_x148.npy,0,64,152,148,0
sub-111,sub-111_negative_00093_z48_y40_x32.npy,sub-111_negative_00093_z48_y40_x32.npy,0,48,40,32,0
sub-111,sub-111_negative_00094_z56_y8_x164.npy,sub-111_negative_00094_z56_y8_x164.npy,0,56,8,164,0
sub-111,sub-111_negative_00095_z56_y128_x20.npy,sub-111_negative_00095_z56_y128_x20.npy,0,56,128,20,0
sub-111,sub-111_negative_00096_z80_y16_x24.npy,sub-111_negative_00096_z80_y16_x24.npy,0,80,16,24,0
sub-111,sub-111_negative_00097_z8_y16_x44.npy,sub-111_negative_00097_z8_y16_x44.npy,0,8,16,44,0
sub-111,sub-111_negative_00098_z96_y24_x188.npy,sub-111_negative_00098_z96_y24_x188.npy,0,96,24,188,0
sub-111,sub-111_negative_00099_z24_y128_x180.npy,sub-111_negative_00099_z24_y128_x180.npy,0,24,128,180,0
sub-111,sub-111_negative_00100_z80_y88_x188.npy,sub-111_negative_00100_z80_y88_x188.npy,0,80,88,188,0
sub-111,sub-111_negative_00101_z112_y72_x220.npy,sub-111_negative_00101_z112_y72_x220.npy,0,112,72,220,0
sub-111,sub-111_negative_00102_z80_y192_x192.npy,sub-111_negative_00102_z80_y192_x192.npy,0,80,192,192,0
sub-111,sub-111_negative_00103_z40_y176_x212.npy,sub-111_negative_00103_z40_y176_x212.npy,0,40,176,212,0
sub-111,sub-111_negative_00104_z56_y16_x192.npy,sub-111_negative_00104_z56_y16_x192.npy,0,56,16,192,0
sub-111,sub-111_negative_00105_z56_y80_x108.npy,sub-111_negative_00105_z56_y80_x108.npy,0,56,80,108,0
sub-111,sub-111_negative_00106_z112_y168_x36.npy,sub-111_negative_00106_z112_y168_x36.npy,0,112,168,36,0
sub-111,sub-111_negative_00107_z64_y32_x164.npy,sub-111_negative_00107_z64_y32_x164.npy,0,64,32,164,0
sub-111,sub-111_negative_00108_z88_y152_x208.npy,sub-111_negative_00108_z88_y152_x208.npy,0,88,152,208,0
sub-111,sub-111_negative_00109_z88_y184_x184.npy,sub-111_negative_00109_z88_y184_x184.npy,0,88,184,184,0
sub-111,sub-111_negative_00110_z48_y88_x20.npy,sub-111_negative_00110_z48_y88_x20.npy,0,48,88,20,0
sub-111,sub-111_negative_00111_z40_y192_x104.npy,sub-111_negative_00111_z40_y192_x104.npy,0,40,192,104,0
sub-111,sub-111_negative_00112_z96_y72_x40.npy,sub-111_negative_00112_z96_y72_x40.npy,0,96,72,40,0
sub-111,sub-111_negative_00113_z8_y40_x192.npy,sub-111_negative_00113_z8_y40_x192.npy,0,8,40,192,0
sub-111,sub-111_negative_00114_z80_y40_x64.npy,sub-111_negative_00114_z80_y40_x64.npy,0,80,40,64,0
sub-111,sub-111_negative_00115_z80_y200_x20.npy,sub-111_negative_00115_z80_y200_x20.npy,0,80,200,20,0
sub-111,sub-111_negative_00116_z104_y40_x172.npy,sub-111_negative_00116_z104_y40_x172.npy,0,104,40,172,0
sub-111,sub-111_negative_00117_z8_y72_x200.npy,sub-111_negative_00117_z8_y72_x200.npy,0,8,72,200,0
sub-111,sub-111_negative_00118_z32_y88_x16.npy,sub-111_negative_00118_z32_y88_x16.npy,0,32,88,16,0
sub-111,sub-111_negative_00119_z8_y112_x196.npy,sub-111_negative_00119_z8_y112_x196.npy,0,8,112,196,0
sub-111,sub-111_negative_00120_z120_y104_x96.npy,sub-111_negative_00120_z120_y104_x96.npy,0,120,104,96,0
sub-111,sub-111_negative_00121_z96_y16_x204.npy,sub-111_negative_00121_z96_y16_x204.npy,0,96,16,204,0
sub-111,sub-111_negative_00122_z0_y144_x188.npy,sub-111_negative_00122_z0_y144_x188.npy,0,0,144,188,0
sub-111,sub-111_negative_00123_z104_y144_x132.npy,sub-111_negative_00123_z104_y144_x132.npy,0,104,144,132,0
sub-111,sub-111_negative_00124_z88_y40_x40.npy,sub-111_negative_00124_z88_y40_x40.npy,0,88,40,40,0
sub-111,sub-111_negative_00125_z48_y200_x156.npy,sub-111_negative_00125_z48_y200_x156.npy,0,48,200,156,0
sub-111,sub-111_negative_00126_z104_y144_x208.npy,sub-111_negative_00126_z104_y144_x208.npy,0,104,144,208,0
sub-111,sub-111_negative_00127_z24_y16_x164.npy,sub-111_negative_00127_z24_y16_x164.npy,0,24,16,164,0
sub-111,sub-111_negative_00128_z40_y168_x160.npy,sub-111_negative_00128_z40_y168_x160.npy,0,40,168,160,0
sub-111,sub-111_negative_00129_z8_y0_x96.npy,sub-111_negative_00129_z8_y0_x96.npy,0,8,0,96,0
sub-111,sub-111_negative_00130_z8_y104_x100.npy,sub-111_negative_00130_z8_y104_x100.npy,0,8,104,100,0
sub-111,sub-111_negative_00131_z56_y208_x52.npy,sub-111_negative_00131_z56_y208_x52.npy,0,56,208,52,0
sub-111,sub-111_negative_00132_z120_y112_x212.npy,sub-111_negative_00132_z120_y112_x212.npy,0,120,112,212,0
sub-111,sub-111_negative_00133_z48_y208_x132.npy,sub-111_negative_00133_z48_y208_x132.npy,0,48,208,132,0
sub-111,sub-111_negative_00134_z32_y208_x164.npy,sub-111_negative_00134_z32_y208_x164.npy,0,32,208,164,0
sub-111,sub-111_negative_00135_z96_y184_x160.npy,sub-111_negative_00135_z96_y184_x160.npy,0,96,184,160,0
sub-111,sub-111_negative_00136_z80_y16_x92.npy,sub-111_negative_00136_z80_y16_x92.npy,0,80,16,92,0
sub-111,sub-111_negative_00137_z80_y176_x116.npy,sub-111_negative_00137_z80_y176_x116.npy,0,80,176,116,0
sub-111,sub-111_negative_00138_z56_y104_x68.npy,sub-111_negative_00138_z56_y104_x68.npy,0,56,104,68,0
sub-111,sub-111_negative_00139_z96_y96_x172.npy,sub-111_negative_00139_z96_y96_x172.npy,0,96,96,172,0
sub-111,sub-111_negative_00140_z48_y120_x0.npy,sub-111_negative_00140_z48_y120_x0.npy,0,48,120,0,0
sub-111,sub-111_negative_00141_z40_y136_x140.npy,sub-111_negative_00141_z40_y136_x140.npy,0,40,136,140,0
sub-111,sub-111_negative_00142_z88_y192_x100.npy,sub-111_negative_00142_z88_y192_x100.npy,0,88,192,100,0
sub-111,sub-111_negative_00143_z16_y8_x212.npy,sub-111_negative_00143_z16_y8_x212.npy,0,16,8,212,0
sub-111,sub-111_negative_00144_z80_y208_x116.npy,sub-111_negative_00144_z80_y208_x116.npy,0,80,208,116,0
sub-111,sub-111_negative_00145_z40_y56_x80.npy,sub-111_negative_00145_z40_y56_x80.npy,0,40,56,80,0
sub-111,sub-111_negative_00146_z8_y88_x68.npy,sub-111_negative_00146_z8_y88_x68.npy,0,8,88,68,0
sub-111,sub-111_negative_00147_z72_y0_x148.npy,sub-111_negative_00147_z72_y0_x148.npy,0,72,0,148,0
sub-111,sub-111_negative_00148_z56_y32_x148.npy,sub-111_negative_00148_z56_y32_x148.npy,0,56,32,148,0
sub-111,sub-111_negative_00149_z104_y64_x140.npy,sub-111_negative_00149_z104_y64_x140.npy,0,104,64,140,0
sub-101,sub-101_positive_00000_z64_y112_x124.npy,sub-101_positive_00000_z64_y112_x124.npy,1,64,112,124,24
sub-101,sub-101_positive_00001_z64_y104_x92.npy,sub-101_positive_00001_z64_y104_x92.npy,1,64,104,92,4
sub-101,sub-101_positive_00002_z64_y112_x96.npy,sub-101_positive_00002_z64_y112_x96.npy,1,64,112,96,22
sub-101,sub-101_positive_00003_z32_y120_x148.npy,sub-101_positive_00003_z32_y120_x148.npy,1,32,120,148,8
sub-101,sub-101_positive_00004_z48_y104_x92.npy,sub-101_positive_00004_z48_y104_x92.npy,1,48,104,92,4
sub-101,sub-101_positive_00005_z48_y104_x128.npy,sub-101_positive_00005_z48_y104_x128.npy,1,48,104,128,6
sub-101,sub-101_positive_00006_z24_y72_x148.npy,sub-101_positive_00006_z24_y72_x148.npy,1,24,72,148,22
sub-101,sub-101_positive_00007_z56_y112_x132.npy,sub-101_positive_00007_z56_y112_x132.npy,1,56,112,132,69
sub-101,sub-101_positive_00008_z24_y72_x132.npy,sub-101_positive_00008_z24_y72_x132.npy,1,24,72,132,8
sub-101,sub-101_positive_00009_z32_y112_x136.npy,sub-101_positive_00009_z32_y112_x136.npy,1,32,112,136,2
sub-101,sub-101_positive_00010_z24_y64_x148.npy,sub-101_positive_00010_z24_y64_x148.npy,1,24,64,148,22
sub-101,sub-101_positive_00011_z56_y64_x80.npy,sub-101_positive_00011_z56_y64_x80.npy,1,56,64,80,18
sub-101,sub-101_positive_00012_z32_y112_x144.npy,sub-101_positive_00012_z32_y112_x144.npy,1,32,112,144,8
sub-101,sub-101_positive_00013_z40_y112_x140.npy,sub-101_positive_00013_z40_y112_x140.npy,1,40,112,140,4
sub-101,sub-101_positive_00014_z56_y120_x92.npy,sub-101_positive_00014_z56_y120_x92.npy,1,56,120,92,4
sub-101,sub-101_positive_00015_z32_y80_x132.npy,sub-101_positive_00015_z32_y80_x132.npy,1,32,80,132,4
sub-101,sub-101_positive_00016_z56_y120_x100.npy,sub-101_positive_00016_z56_y120_x100.npy,1,56,120,100,20
sub-101,sub-101_positive_00017_z24_y64_x144.npy,sub-101_positive_00017_z24_y64_x144.npy,1,24,64,144,22
sub-101,sub-101_positive_00018_z48_y64_x84.npy,sub-101_positive_00018_z48_y64_x84.npy,1,48,64,84,18
sub-101,sub-101_positive_00019_z56_y112_x92.npy,sub-101_positive_00019_z56_y112_x92.npy,1,56,112,92,12
sub-101,sub-101_positive_00020_z24_y80_x128.npy,sub-101_positive_00020_z24_y80_x128.npy,1,24,80,128,8
sub-101,sub-101_positive_00021_z56_y56_x84.npy,sub-101_positive_00021_z56_y56_x84.npy,1,56,56,84,18
sub-101,sub-101_positive_00022_z48_y112_x100.npy,sub-101_positive_00022_z48_y112_x100.npy,1,48,112,100,4
sub-101,sub-101_positive_00023_z16_y80_x128.npy,sub-101_positive_00023_z16_y80_x128.npy,1,16,80,128,4
sub-101,sub-101_positive_00024_z24_y112_x140.npy,sub-101_positive_00024_z24_y112_x140.npy,1,24,112,140,8
sub-101,sub-101_positive_00025_z40_y112_x148.npy,sub-101_positive_00025_z40_y112_x148.npy,1,40,112,148,8
sub-101,sub-101_positive_00026_z48_y120_x132.npy,sub-101_positive_00026_z48_y120_x132.npy,1,48,120,132,10
sub-101,sub-101_positive_00027_z56_y120_x128.npy,sub-101_positive_00027_z56_y120_x128.npy,1,56,120,128,74
sub-101,sub-101_positive_00028_z48_y104_x96.npy,sub-101_positive_00028_z48_y104_x96.npy,1,48,104,96,4
sub-101,sub-101_positive_00029_z104_y112_x136.npy,sub-101_positive_00029_z104_y112_x136.npy,1,104,112,136,13
sub-101,sub-101_positive_00030_z104_y104_x132.npy,sub-101_positive_00030_z104_y104_x132.npy,1,104,104,132,13
sub-101,sub-101_positive_00031_z48_y104_x132.npy,sub-101_positive_00031_z48_y104_x132.npy,1,48,104,132,6
sub-101,sub-101_positive_00032_z64_y120_x92.npy,sub-101_positive_00032_z64_y120_x92.npy,1,64,120,92,2
sub-101,sub-101_positive_00033_z32_y120_x156.npy,sub-101_positive_00033_z32_y120_x156.npy,1,32,120,156,4
sub-101,sub-101_positive_00034_z48_y96_x140.npy,sub-101_positive_00034_z48_y96_x140.npy,1,48,96,140,6
sub-101,sub-101_positive_00035_z96_y112_x136.npy,sub-101_positive_00035_z96_y112_x136.npy,1,96,112,136,13
sub-101,sub-101_positive_00036_z56_y104_x96.npy,sub-101_positive_00036_z56_y104_x96.npy,1,56,104,96,8
sub-101,sub-101_positive_00037_z32_y112_x148.npy,sub-101_positive_00037_z32_y112_x148.npy,1,32,112,148,8
sub-101,sub-101_positive_00038_z48_y56_x84.npy,sub-101_positive_00038_z48_y56_x84.npy,1,48,56,84,18
sub-101,sub-101_positive_00039_z64_y120_x124.npy,sub-101_positive_00039_z64_y120_x124.npy,1,64,120,124,24
sub-101,sub-101_positive_00040_z16_y72_x148.npy,sub-101_positive_00040_z16_y72_x148.npy,1,16,72,148,8
sub-101,sub-101_positive_00041_z96_y104_x132.npy,sub-101_positive_00041_z96_y104_x132.npy,1,96,104,132,13
sub-101,sub-101_positive_00042_z56_y104_x92.npy,sub-101_positive_00042_z56_y104_x92.npy,1,56,104,92,8
sub-101,sub-101_positive_00043_z96_y104_x136.npy,sub-101_positive_00043_z96_y104_x136.npy,1,96,104,136,13
sub-101,sub-101_positive_00044_z48_y96_x144.npy,sub-101_positive_00044_z48_y96_x144.npy,1,48,96,144,6
sub-101,sub-101_positive_00045_z64_y104_x96.npy,sub-101_positive_00045_z64_y104_x96.npy,1,64,104,96,4
sub-101,sub-101_positive_00046_z48_y112_x132.npy,sub-101_positive_00046_z48_y112_x132.npy,1,48,112,132,16
sub-101,sub-101_positive_00047_z48_y112_x140.npy,sub-101_positive_00047_z48_y112_x140.npy,1,48,112,140,2
sub-101,sub-101_positive_00048_z32_y112_x140.npy,sub-101_positive_00048_z32_y112_x140.npy,1,32,112,140,10
sub-101,sub-101_positive_00049_z64_y104_x132.npy,sub-101_positive_00049_z64_y104_x132.npy,1,64,104,132,9
sub-101,sub-101_positive_00050_z32_y72_x128.npy,sub-101_positive_00050_z32_y72_x128.npy,1,32,72,128,4
sub-101,sub-101_positive_00051_z64_y112_x128.npy,sub-101_positive_00051_z64_y112_x128.npy,1,64,112,128,72
sub-101,sub-101_positive_00052_z56_y104_x132.npy,sub-101_positive_00052_z56_y104_x132.npy,1,56,104,132,15
sub-101,sub-101_positive_00053_z56_y112_x100.npy,sub-101_positive_00053_z56_y112_x100.npy,1,56,112,100,20
sub-101,sub-101_positive_00054_z48_y120_x96.npy,sub-101_positive_00054_z48_y120_x96.npy,1,48,120,96,6
sub-101,sub-101_positive_00055_z56_y120_x132.npy,sub-101_positive_00055_z56_y120_x132.npy,1,56,120,132,54
sub-101,sub-101_positive_00056_z40_y120_x156.npy,sub-101_positive_00056_z40_y120_x156.npy,1,40,120,156,4
sub-101,sub-101_positive_00057_z32_y72_x144.npy,sub-101_positive_00057_z32_y72_x144.npy,1,32,72,144,14
sub-101,sub-101_positive_00058_z32_y104_x144.npy,sub-101_positive_00058_z32_y104_x144.npy,1,32,104,144,14
sub-101,sub-101_positive_00059_z48_y104_x140.npy,sub-101_positive_00059_z48_y104_x140.npy,1,48,104,140,8
sub-101,sub-101_positive_00060_z32_y72_x132.npy,sub-101_positive_00060_z32_y72_x132.npy,1,32,72,132,4
sub-101,sub-101_positive_00061_z24_y112_x144.npy,sub-101_positive_00061_z24_y112_x144.npy,1,24,112,144,8
sub-101,sub-101_positive_00062_z32_y72_x148.npy,sub-101_positive_00062_z32_y72_x148.npy,1,32,72,148,14
sub-101,sub-101_positive_00063_z16_y80_x132.npy,sub-101_positive_00063_z16_y80_x132.npy,1,16,80,132,4
sub-101,sub-101_positive_00064_z48_y120_x136.npy,sub-101_positive_00064_z48_y120_x136.npy,1,48,120,136,3
sub-101,sub-101_positive_00065_z104_y104_x136.npy,sub-101_positive_00065_z104_y104_x136.npy,1,104,104,136,13
sub-101,sub-101_positive_00066_z48_y64_x80.npy,sub-101_positive_00066_z48_y64_x80.npy,1,48,64,80,18
sub-101,sub-101_positive_00067_z16_y72_x132.npy,sub-101_positive_00067_z16_y72_x132.npy,1,16,72,132,4
sub-101,sub-101_positive_00068_z48_y112_x96.npy,sub-101_positive_00068_z48_y112_x96.npy,1,48,112,96,10
sub-101,sub-101_positive_00069_z64_y120_x96.npy,sub-101_positive_00069_z64_y120_x96.npy,1,64,120,96,18
sub-101,sub-101_positive_00070_z48_y120_x92.npy,sub-101_positive_00070_z48_y120_x92.npy,1,48,120,92,2
sub-101,sub-101_positive_00071_z48_y56_x80.npy,sub-101_positive_00071_z48_y56_x80.npy,1,48,56,80,18
sub-101,sub-101_positive_00072_z56_y64_x84.npy,sub-101_positive_00072_z56_y64_x84.npy,1,56,64,84,18
sub-101,sub-101_positive_00073_z32_y104_x140.npy,sub-101_positive_00073_z32_y104_x140.npy,1,32,104,140,16
sub-101,sub-101_positive_00074_z40_y112_x156.npy,sub-101_positive_00074_z40_y112_x156.npy,1,40,112,156,4
sub-101,sub-101_positive_00075_z40_y120_x152.npy,sub-101_positive_00075_z40_y120_x152.npy,1,40,120,152,12
sub-101,sub-101_positive_00076_z48_y104_x144.npy,sub-101_positive_00076_z48_y104_x144.npy,1,48,104,144,6
sub-101,sub-101_positive_00077_z24_y104_x140.npy,sub-101_positive_00077_z24_y104_x140.npy,1,24,104,140,8
sub-101,sub-101_positive_00078_z32_y104_x136.npy,sub-101_positive_00078_z32_y104_x136.npy,1,32,104,136,2
sub-101,sub-101_positive_00079_z16_y72_x144.npy,sub-101_positive_00079_z16_y72_x144.npy,1,16,72,144,8
sub-101,sub-101_positive_00080_z32_y120_x152.npy,sub-101_positive_00080_z32_y120_x152.npy,1,32,120,152,12
sub-101,sub-101_positive_00081_z32_y80_x128.npy,sub-101_positive_00081_z32_y80_x128.npy,1,32,80,128,4
sub-101,sub-101_positive_00082_z40_y96_x140.npy,sub-101_positive_00082_z40_y96_x140.npy,1,40,96,140,12
sub-101,sub-101_positive_00083_z24_y80_x132.npy,sub-101_positive_00083_z24_y80_x132.npy,1,24,80,132,8
sub-101,sub-101_positive_00084_z32_y112_x152.npy,sub-101_positive_00084_z32_y112_x152.npy,1,32,112,152,12
sub-101,sub-101_positive_00085_z64_y120_x136.npy,sub-101_positive_00085_z64_y120_x136.npy,1,64,120,136,5
sub-101,sub-101_positive_00086_z40_y104_x136.npy,sub-101_positive_00086_z40_y104_x136.npy,1,40,104,136,4
sub-101,sub-101_positive_00087_z48_y120_x124.npy,sub-101_positive_00087_z48_y120_x124.npy,1,48,120,124,4
sub-101,sub-101_positive_00088_z40_y112_x136.npy,sub-101_positive_00088_z40_y112_x136.npy,1,40,112,136,4
sub-101,sub-101_positive_00089_z40_y96_x144.npy,sub-101_positive_00089_z40_y96_x144.npy,1,40,96,144,12
sub-101,sub-101_positive_00090_z56_y112_x128.npy,sub-101_positive_00090_z56_y112_x128.npy,1,56,112,128,89
sub-101,sub-101_positive_00091_z48_y112_x136.npy,sub-101_positive_00091_z48_y112_x136.npy,1,48,112,136,5
sub-101,sub-101_positive_00092_z56_y112_x96.npy,sub-101_positive_00092_z56_y112_x96.npy,1,56,112,96,32
sub-101,sub-101_positive_00093_z56_y120_x136.npy,sub-101_positive_00093_z56_y120_x136.npy,1,56,120,136,8
sub-101,sub-101_positive_00094_z48_y112_x128.npy,sub-101_positive_00094_z48_y112_x128.npy,1,48,112,128,17
sub-101,sub-101_positive_00095_z64_y104_x128.npy,sub-101_positive_00095_z64_y104_x128.npy,1,64,104,128,9
sub-101,sub-101_positive_00096_z16_y72_x128.npy,sub-101_positive_00096_z16_y72_x128.npy,1,16,72,128,4
sub-101,sub-101_positive_00097_z64_y112_x92.npy,sub-101_positive_00097_z64_y112_x92.npy,1,64,112,92,6
sub-101,sub-101_positive_00098_z40_y112_x152.npy,sub-101_positive_00098_z40_y112_x152.npy,1,40,112,152,12
sub-101,sub-101_positive_00099_z64_y112_x132.npy,sub-101_positive_00099_z64_y112_x132.npy,1,64,112,132,53
sub-101,sub-101_negative_00100_z56_y0_x36.npy,sub-101_negative_00100_z56_y0_x36.npy,0,56,0,36,0
sub-101,sub-101_negative_00101_z120_y8_x4.npy,sub-101_negative_00101_z120_y8_x4.npy,0,120,8,4,0
sub-101,sub-101_negative_00102_z80_y152_x164.npy,sub-101_negative_00102_z80_y152_x164.npy,0,80,152,164,0
sub-101,sub-101_negative_00103_z56_y96_x156.npy,sub-101_negative_00103_z56_y96_x156.npy,0,56,96,156,0
sub-101,sub-101_negative_00104_z56_y40_x104.npy,sub-101_negative_00104_z56_y40_x104.npy,0,56,40,104,0
sub-101,sub-101_negative_00105_z96_y88_x208.npy,sub-101_negative_00105_z96_y88_x208.npy,0,96,88,208,0
sub-101,sub-101_negative_00106_z16_y96_x68.npy,sub-101_negative_00106_z16_y96_x68.npy,0,16,96,68,0
sub-101,sub-101_negative_00107_z40_y40_x120.npy,sub-101_negative_00107_z40_y40_x120.npy,0,40,40,120,0
sub-101,sub-101_negative_00108_z16_y128_x212.npy,sub-101_negative_00108_z16_y128_x212.npy,0,16,128,212,0
sub-101,sub-101_negative_00109_z88_y96_x84.npy,sub-101_negative_00109_z88_y96_x84.npy,0,88,96,84,0
sub-101,sub-101_negative_00110_z16_y192_x72.npy,sub-101_negative_00110_z16_y192_x72.npy,0,16,192,72,0
sub-101,sub-101_negative_00111_z56_y208_x76.npy,sub-101_negative_00111_z56_y208_x76.npy,0,56,208,76,0
sub-101,sub-101_negative_00112_z48_y192_x176.npy,sub-101_negative_00112_z48_y192_x176.npy,0,48,192,176,0
sub-101,sub-101_negative_00113_z104_y24_x160.npy,sub-101_negative_00113_z104_y24_x160.npy,0,104,24,160,0
sub-101,sub-101_negative_00114_z40_y192_x208.npy,sub-101_negative_00114_z40_y192_x208.npy,0,40,192,208,0
sub-101,sub-101_negative_00115_z88_y24_x152.npy,sub-101_negative_00115_z88_y24_x152.npy,0,88,24,152,0
sub-101,sub-101_negative_00116_z104_y64_x156.npy,sub-101_negative_00116_z104_y64_x156.npy,0,104,64,156,0
sub-101,sub-101_negative_00117_z24_y40_x84.npy,sub-101_negative_00117_z24_y40_x84.npy,0,24,40,84,0
sub-101,sub-101_negative_00118_z112_y32_x176.npy,sub-101_negative_00118_z112_y32_x176.npy,0,112,32,176,0
sub-101,sub-101_negative_00119_z120_y96_x92.npy,sub-101_negative_00119_z120_y96_x92.npy,0,120,96,92,0
sub-101,sub-101_negative_00120_z24_y128_x160.npy,sub-101_negative_00120_z24_y128_x160.npy,0,24,128,160,0
sub-101,sub-101_negative_00121_z112_y160_x12.npy,sub-101_negative_00121_z112_y160_x12.npy,0,112,160,12,0
sub-101,sub-101_negative_00122_z112_y56_x52.npy,sub-101_negative_00122_z112_y56_x52.npy,0,112,56,52,0
sub-101,sub-101_negative_00123_z16_y0_x192.npy,sub-101_negative_00123_z16_y0_x192.npy,0,16,0,192,0
sub-101,sub-101_negative_00124_z16_y120_x28.npy,sub-101_negative_00124_z16_y120_x28.npy,0,16,120,28,0
sub-101,sub-101_negative_00125_z104_y80_x192.npy,sub-101_negative_00125_z104_y80_x192.npy,0,104,80,192,0
sub-101,sub-101_negative_00126_z96_y152_x160.npy,sub-101_negative_00126_z96_y152_x160.npy,0,96,152,160,0
sub-101,sub-101_negative_00127_z24_y0_x100.npy,sub-101_negative_00127_z24_y0_x100.npy,0,24,0,100,0
sub-101,sub-101_negative_00128_z96_y32_x4.npy,sub-101_negative_00128_z96_y32_x4.npy,0,96,32,4,0
sub-101,sub-101_negative_00129_z16_y48_x8.npy,sub-101_negative_00129_z16_y48_x8.npy,0,16,48,8,0
sub-101,sub-101_negative_00130_z24_y176_x60.npy,sub-101_negative_00130_z24_y176_x60.npy,0,24,176,60,0
sub-101,sub-101_negative_00131_z64_y184_x184.npy,sub-101_negative_00131_z64_y184_x184.npy,0,64,184,184,0
sub-101,sub-101_negative_00132_z88_y40_x200.npy,sub-101_negative_00132_z88_y40_x200.npy,0,88,40,200,0
sub-101,sub-101_negative_00133_z64_y88_x52.npy,sub-101_negative_00133_z64_y88_x52.npy,0,64,88,52,0
sub-101,sub-101_negative_00134_z64_y152_x188.npy,sub-101_negative_00134_z64_y152_x188.npy,0,64,152,188,0
sub-101,sub-101_negative_00135_z32_y128_x136.npy,sub-101_negative_00135_z32_y128_x136.npy,0,32,128,136,0
sub-101,sub-101_negative_00136_z112_y96_x196.npy,sub-101_negative_00136_z112_y96_x196.npy,0,112,96,196,0
sub-101,sub-101_negative_00137_z96_y112_x184.npy,sub-101_negative_00137_z96_y112_x184.npy,0,96,112,184,0
sub-101,sub-101_negative_00138_z80_y56_x220.npy,sub-101_negative_00138_z80_y56_x220.npy,0,80,56,220,0
sub-101,sub-101_negative_00139_z96_y56_x212.npy,sub-101_negative_00139_z96_y56_x212.npy,0,96,56,212,0
sub-101,sub-101_negative_00140_z8_y96_x104.npy,sub-101_negative_00140_z8_y96_x104.npy,0,8,96,104,0
sub-101,sub-101_negative_00141_z104_y96_x180.npy,sub-101_negative_00141_z104_y96_x180.npy,0,104,96,180,0
sub-101,sub-101_negative_00142_z64_y160_x136.npy,sub-101_negative_00142_z64_y160_x136.npy,0,64,160,136,0
sub-101,sub-101_negative_00143_z48_y40_x92.npy,sub-101_negative_00143_z48_y40_x92.npy,0,48,40,92,0
sub-101,sub-101_negative_00144_z56_y16_x96.npy,sub-101_negative_00144_z56_y16_x96.npy,0,56,16,96,0
sub-101,sub-101_negative_00145_z56_y136_x12.npy,sub-101_negative_00145_z56_y136_x12.npy,0,56,136,12,0
sub-101,sub-101_negative_00146_z80_y16_x136.npy,sub-101_negative_00146_z80_y16_x136.npy,0,80,16,136,0
sub-101,sub-101_negative_00147_z8_y16_x24.npy,sub-101_negative_00147_z8_y16_x24.npy,0,8,16,24,0
sub-101,sub-101_negative_00148_z96_y32_x12.npy,sub-101_negative_00148_z96_y32_x12.npy,0,96,32,12,0
sub-101,sub-101_negative_00149_z24_y128_x168.npy,sub-101_negative_00149_z24_y128_x168.npy,0,24,128,168,0
sub-101,sub-101_negative_00150_z80_y96_x68.npy,sub-101_negative_00150_z80_y96_x68.npy,0,80,96,68,0
sub-101,sub-101_negative_00151_z112_y80_x28.npy,sub-101_negative_00151_z112_y80_x28.npy,0,112,80,28,0
sub-101,sub-101_negative_00152_z80_y200_x40.npy,sub-101_negative_00152_z80_y200_x40.npy,0,80,200,40,0
sub-101,sub-101_negative_00153_z40_y184_x60.npy,sub-101_negative_00153_z40_y184_x60.npy,0,40,184,60,0
sub-101,sub-101_negative_00154_z56_y24_x124.npy,sub-101_negative_00154_z56_y24_x124.npy,0,56,24,124,0
sub-101,sub-101_negative_00155_z56_y88_x52.npy,sub-101_negative_00155_z56_y88_x52.npy,0,56,88,52,0
sub-101,sub-101_negative_00156_z112_y168_x60.npy,sub-101_negative_00156_z112_y168_x60.npy,0,112,168,60,0
sub-101,sub-101_negative_00157_z64_y40_x140.npy,sub-101_negative_00157_z64_y40_x140.npy,0,64,40,140,0
sub-101,sub-101_negative_00158_z88_y160_x36.npy,sub-101_negative_00158_z88_y160_x36.npy,0,88,160,36,0
sub-101,sub-101_negative_00159_z88_y192_x8.npy,sub-101_negative_00159_z88_y192_x8.npy,0,88,192,8,0
sub-101,sub-101_negative_00160_z48_y88_x96.npy,sub-101_negative_00160_z48_y88_x96.npy,0,48,88,96,0
sub-101,sub-101_negative_00161_z40_y192_x172.npy,sub-101_negative_00161_z40_y192_x172.npy,0,40,192,172,0
sub-101,sub-101_negative_00162_z96_y72_x84.npy,sub-101_negative_00162_z96_y72_x84.npy,0,96,72,84,0
sub-101,sub-101_negative_00163_z8_y40_x168.npy,sub-101_negative_00163_z8_y40_x168.npy,0,8,40,168,0
sub-101,sub-101_negative_00164_z80_y40_x172.npy,sub-101_negative_00164_z80_y40_x172.npy,0,80,40,172,0
sub-101,sub-101_negative_00165_z80_y200_x92.npy,sub-101_negative_00165_z80_y200_x92.npy,0,80,200,92,0
sub-101,sub-101_negative_00166_z104_y40_x212.npy,sub-101_negative_00166_z104_y40_x212.npy,0,104,40,212,0
sub-101,sub-101_negative_00167_z8_y72_x172.npy,sub-101_negative_00167_z8_y72_x172.npy,0,8,72,172,0
sub-101,sub-101_negative_00168_z32_y88_x24.npy,sub-101_negative_00168_z32_y88_x24.npy,0,32,88,24,0
sub-101,sub-101_negative_00169_z8_y112_x168.npy,sub-101_negative_00169_z8_y112_x168.npy,0,8,112,168,0
sub-101,sub-101_negative_00170_z120_y104_x104.npy,sub-101_negative_00170_z120_y104_x104.npy,0,120,104,104,0
sub-101,sub-101_negative_00171_z96_y24_x28.npy,sub-101_negative_00171_z96_y24_x28.npy,0,96,24,28,0
sub-101,sub-101_negative_00172_z0_y144_x176.npy,sub-101_negative_00172_z0_y144_x176.npy,0,0,144,176,0
sub-101,sub-101_negative_00173_z104_y144_x180.npy,sub-101_negative_00173_z104_y144_x180.npy,0,104,144,180,0
sub-101,sub-101_negative_00174_z88_y40_x104.npy,sub-101_negative_00174_z88_y40_x104.npy,0,88,40,104,0
sub-101,sub-101_negative_00175_z48_y208_x88.npy,sub-101_negative_00175_z48_y208_x88.npy,0,48,208,88,0
sub-101,sub-101_negative_00176_z104_y152_x32.npy,sub-101_negative_00176_z104_y152_x32.npy,0,104,152,32,0
sub-101,sub-101_negative_00177_z24_y16_x132.npy,sub-101_negative_00177_z24_y16_x132.npy,0,24,16,132,0
sub-101,sub-101_negative_00178_z40_y176_x4.npy,sub-101_negative_00178_z40_y176_x4.npy,0,40,176,4,0
sub-101,sub-101_negative_00179_z8_y0_x76.npy,sub-101_negative_00179_z8_y0_x76.npy,0,8,0,76,0
sub-101,sub-101_negative_00180_z8_y104_x68.npy,sub-101_negative_00180_z8_y104_x68.npy,0,8,104,68,0
sub-101,sub-101_negative_00181_z64_y0_x32.npy,sub-101_negative_00181_z64_y0_x32.npy,0,64,0,32,0
sub-101,sub-101_negative_00182_z120_y112_x220.npy,sub-101_negative_00182_z120_y112_x220.npy,0,120,112,220,0
sub-101,sub-101_negative_00183_z56_y0_x64.npy,sub-101_negative_00183_z56_y0_x64.npy,0,56,0,64,0
sub-101,sub-101_negative_00184_z32_y208_x200.npy,sub-101_negative_00184_z32_y208_x200.npy,0,32,208,200,0
sub-101,sub-101_negative_00185_z96_y184_x204.npy,sub-101_negative_00185_z96_y184_x204.npy,0,96,184,204,0
sub-101,sub-101_negative_00186_z80_y16_x204.npy,sub-101_negative_00186_z80_y16_x204.npy,0,80,16,204,0
sub-101,sub-101_negative_00187_z80_y176_x188.npy,sub-101_negative_00187_z80_y176_x188.npy,0,80,176,188,0
sub-101,sub-101_negative_00188_z56_y112_x24.npy,sub-101_negative_00188_z56_y112_x24.npy,0,56,112,24,0
sub-101,sub-101_negative_00189_z96_y96_x212.npy,sub-101_negative_00189_z96_y96_x212.npy,0,96,96,212,0
sub-101,sub-101_negative_00190_z48_y120_x168.npy,sub-101_negative_00190_z48_y120_x168.npy,0,48,120,168,0
sub-101,sub-101_negative_00191_z40_y136_x212.npy,sub-101_negative_00191_z40_y136_x212.npy,0,40,136,212,0
sub-101,sub-101_negative_00192_z88_y192_x152.npy,sub-101_negative_00192_z88_y192_x152.npy,0,88,192,152,0
sub-101,sub-101_negative_00193_z16_y8_x168.npy,sub-101_negative_00193_z16_y8_x168.npy,0,16,8,168,0
sub-101,sub-101_negative_00194_z80_y208_x188.npy,sub-101_negative_00194_z80_y208_x188.npy,0,80,208,188,0
sub-101,sub-101_negative_00195_z40_y56_x108.npy,sub-101_negative_00195_z40_y56_x108.npy,0,40,56,108,0
sub-101,sub-101_negative_00196_z8_y88_x40.npy,sub-101_negative_00196_z8_y88_x40.npy,0,8,88,40,0
sub-101,sub-101_negative_00197_z72_y8_x116.npy,sub-101_negative_00197_z72_y8_x116.npy,0,72,8,116,0
sub-101,sub-101_negative_00198_z56_y40_x76.npy,sub-101_negative_00198_z56_y40_x76.npy,0,56,40,76,0
sub-101,sub-101_negative_00199_z104_y64_x176.npy,sub-101_negative_00199_z104_y64_x176.npy,0,104,64,176,0
sub-322,sub-322_positive_00000_z56_y128_x108.npy,sub-322_positive_00000_z56_y128_x108.npy,1,56,128,108,13
sub-322,sub-322_positive_00001_z56_y128_x112.npy,sub-322_positive_00001_z56_y128_x112.npy,1,56,128,112,33
sub-322,sub-322_positive_00002_z56_y128_x116.npy,sub-322_positive_00002_z56_y128_x116.npy,1,56,128,116,20
sub-322,sub-322_positive_00003_z56_y136_x108.npy,sub-322_positive_00003_z56_y136_x108.npy,1,56,136,108,14
sub-322,sub-322_positive_00004_z56_y136_x112.npy,sub-322_positive_00004_z56_y136_x112.npy,1,56,136,112,36
sub-322,sub-322_positive_00005_z56_y136_x116.npy,sub-322_positive_00005_z56_y136_x116.npy,1,56,136,116,22
sub-322,sub-322_positive_00006_z56_y144_x108.npy,sub-322_positive_00006_z56_y144_x108.npy,1,56,144,108,1
sub-322,sub-322_positive_00007_z56_y144_x112.npy,sub-322_positive_00007_z56_y144_x112.npy,1,56,144,112,3
sub-322,sub-322_positive_00008_z56_y144_x116.npy,sub-322_positive_00008_z56_y144_x116.npy,1,56,144,116,2
sub-322,sub-322_positive_00009_z64_y128_x108.npy,sub-322_positive_00009_z64_y128_x108.npy,1,64,128,108,39
sub-322,sub-322_positive_00010_z64_y128_x112.npy,sub-322_positive_00010_z64_y128_x112.npy,1,64,128,112,87
sub-322,sub-322_positive_00011_z64_y128_x116.npy,sub-322_positive_00011_z64_y128_x116.npy,1,64,128,116,48
sub-322,sub-322_positive_00012_z64_y136_x108.npy,sub-322_positive_00012_z64_y136_x108.npy,1,64,136,108,42
sub-322,sub-322_positive_00013_z64_y136_x112.npy,sub-322_positive_00013_z64_y136_x112.npy,1,64,136,112,96
sub-322,sub-322_positive_00014_z64_y136_x116.npy,sub-322_positive_00014_z64_y136_x116.npy,1,64,136,116,54
sub-322,sub-322_positive_00015_z64_y144_x108.npy,sub-322_positive_00015_z64_y144_x108.npy,1,64,144,108,3
sub-322,sub-322_positive_00016_z64_y144_x112.npy,sub-322_positive_00016_z64_y144_x112.npy,1,64,144,112,9
sub-322,sub-322_positive_00017_z64_y144_x116.npy,sub-322_positive_00017_z64_y144_x116.npy,1,64,144,116,6
sub-322,sub-322_positive_00018_z72_y128_x108.npy,sub-322_positive_00018_z72_y128_x108.npy,1,72,128,108,26
sub-322,sub-322_positive_00019_z72_y128_x112.npy,sub-322_positive_00019_z72_y128_x112.npy,1,72,128,112,54
sub-322,sub-322_positive_00020_z72_y128_x116.npy,sub-322_positive_00020_z72_y128_x116.npy,1,72,128,116,28
sub-322,sub-322_positive_00021_z72_y136_x108.npy,sub-322_positive_00021_z72_y136_x108.npy,1,72,136,108,28
sub-322,sub-322_positive_00022_z72_y136_x112.npy,sub-322_positive_00022_z72_y136_x112.npy,1,72,136,112,60
sub-322,sub-322_positive_00023_z72_y136_x116.npy,sub-322_positive_00023_z72_y136_x116.npy,1,72,136,116,32
sub-322,sub-322_positive_00024_z72_y144_x108.npy,sub-322_positive_00024_z72_y144_x108.npy,1,72,144,108,2
sub-322,sub-322_positive_00025_z72_y144_x112.npy,sub-322_positive_00025_z72_y144_x112.npy,1,72,144,112,6
sub-322,sub-322_positive_00026_z72_y144_x116.npy,sub-322_positive_00026_z72_y144_x116.npy,1,72,144,116,4
sub-322,sub-322_negative_00027_z40_y160_x216.npy,sub-322_negative_00027_z40_y160_x216.npy,0,40,160,216,0
sub-322,sub-322_negative_00028_z96_y48_x172.npy,sub-322_negative_00028_z96_y48_x172.npy,0,96,48,172,0
sub-322,sub-322_negative_00029_z64_y168_x180.npy,sub-322_negative_00029_z64_y168_x180.npy,0,64,168,180,0
sub-322,sub-322_negative_00030_z48_y8_x136.npy,sub-322_negative_00030_z48_y8_x136.npy,0,48,8,136,0
sub-322,sub-322_negative_00031_z40_y200_x212.npy,sub-322_negative_00031_z40_y200_x212.npy,0,40,200,212,0
sub-322,sub-322_negative_00032_z80_y24_x40.npy,sub-322_negative_00032_z80_y24_x40.npy,0,80,24,40,0
sub-322,sub-322_negative_00033_z16_y0_x0.npy,sub-322_negative_00033_z16_y0_x0.npy,0,16,0,0,0
sub-322,sub-322_negative_00034_z32_y48_x248.npy,sub-322_negative_00034_z32_y48_x248.npy,0,32,48,248,0
sub-322,sub-322_negative_00035_z16_y32_x88.npy,sub-322_negative_00035_z16_y32_x88.npy,0,16,32,88,0
sub-322,sub-322_negative_00036_z72_y72_x36.npy,sub-322_negative_00036_z72_y72_x36.npy,0,72,72,36,0
sub-322,sub-322_negative_00037_z16_y88_x64.npy,sub-322_negative_00037_z16_y88_x64.npy,0,16,88,64,0
sub-322,sub-322_negative_00038_z48_y112_x8.npy,sub-322_negative_00038_z48_y112_x8.npy,0,48,112,8,0
sub-322,sub-322_negative_00039_z40_y144_x164.npy,sub-322_negative_00039_z40_y144_x164.npy,0,40,144,164,0
sub-322,sub-322_negative_00040_z80_y160_x176.npy,sub-322_negative_00040_z80_y160_x176.npy,0,80,160,176,0
sub-322,sub-322_negative_00041_z32_y192_x236.npy,sub-322_negative_00041_z32_y192_x236.npy,0,32,192,236,0
sub-322,sub-322_negative_00042_z72_y8_x0.npy,sub-322_negative_00042_z72_y8_x0.npy,0,72,8,0,0
sub-322,sub-322_negative_00043_z80_y200_x84.npy,sub-322_negative_00043_z80_y200_x84.npy,0,80,200,84,0
sub-322,sub-322_negative_00044_z16_y144_x204.npy,sub-322_negative_00044_z16_y144_x204.npy,0,16,144,204,0
sub-322,sub-322_negative_00045_z88_y120_x236.npy,sub-322_negative_00045_z88_y120_x236.npy,0,88,120,236,0
sub-322,sub-322_negative_00046_z96_y136_x92.npy,sub-322_negative_00046_z96_y136_x92.npy,0,96,136,92,0
sub-322,sub-322_negative_00047_z16_y232_x56.npy,sub-322_negative_00047_z16_y232_x56.npy,0,16,232,56,0
sub-322,sub-322_negative_00048_z88_y240_x60.npy,sub-322_negative_00048_z88_y240_x60.npy,0,88,240,60,0
sub-322,sub-322_negative_00049_z88_y144_x56.npy,sub-322_negative_00049_z88_y144_x56.npy,0,88,144,56,0
sub-322,sub-322_negative_00050_z8_y160_x100.npy,sub-322_negative_00050_z8_y160_x100.npy,0,8,160,100,0
sub-322,sub-322_negative_00051_z16_y16_x160.npy,sub-322_negative_00051_z16_y16_x160.npy,0,16,16,160,0
sub-322,sub-322_negative_00052_z80_y216_x100.npy,sub-322_negative_00052_z80_y216_x100.npy,0,80,216,100,0
sub-322,sub-322_negative_00053_z80_y80_x92.npy,sub-322_negative_00053_z80_y80_x92.npy,0,80,80,92,0
sub-322,sub-322_negative_00054_z16_y112_x48.npy,sub-322_negative_00054_z16_y112_x48.npy,0,16,112,48,0
sub-322,sub-322_negative_00055_z72_y208_x188.npy,sub-322_negative_00055_z72_y208_x188.npy,0,72,208,188,0
sub-322,sub-322_negative_00056_z8_y200_x64.npy,sub-322_negative_00056_z8_y200_x64.npy,0,8,200,64,0
sub-322,sub-322_negative_00057_z24_y24_x104.npy,sub-322_negative_00057_z24_y24_x104.npy,0,24,24,104,0
sub-322,sub-322_negative_00058_z56_y40_x168.npy,sub-322_negative_00058_z56_y40_x168.npy,0,56,40,168,0
sub-322,sub-322_negative_00059_z72_y24_x8.npy,sub-322_negative_00059_z72_y24_x8.npy,0,72,24,8,0
sub-322,sub-322_negative_00060_z48_y200_x48.npy,sub-322_negative_00060_z48_y200_x48.npy,0,48,200,48,0
sub-322,sub-322_negative_00061_z56_y8_x240.npy,sub-322_negative_00061_z56_y8_x240.npy,0,56,8,240,0
sub-322,sub-322_negative_00062_z24_y184_x12.npy,sub-322_negative_00062_z24_y184_x12.npy,0,24,184,12,0
sub-322,sub-322_negative_00063_z88_y184_x124.npy,sub-322_negative_00063_z88_y184_x124.npy,0,88,184,124,0
sub-322,sub-322_negative_00064_z80_y40_x208.npy,sub-322_negative_00064_z80_y40_x208.npy,0,80,40,208,0
sub-322,sub-322_negative_00065_z64_y80_x148.npy,sub-322_negative_00065_z64_y80_x148.npy,0,64,80,148,0
sub-322,sub-322_negative_00066_z72_y240_x100.npy,sub-322_negative_00066_z72_y240_x100.npy,0,72,240,100,0
sub-322,sub-322_negative_00067_z8_y40_x248.npy,sub-322_negative_00067_z8_y40_x248.npy,0,8,40,248,0
sub-322,sub-322_negative_00068_z80_y232_x44.npy,sub-322_negative_00068_z80_y232_x44.npy,0,80,232,44,0
sub-322,sub-322_negative_00069_z56_y16_x164.npy,sub-322_negative_00069_z56_y16_x164.npy,0,56,16,164,0
sub-322,sub-322_negative_00070_z40_y0_x236.npy,sub-322_negative_00070_z40_y0_x236.npy,0,40,0,236,0
sub-322,sub-322_negative_00071_z40_y184_x0.npy,sub-322_negative_00071_z40_y184_x0.npy,0,40,184,0,0
sub-322,sub-322_negative_00072_z48_y40_x80.npy,sub-322_negative_00072_z48_y40_x80.npy,0,48,40,80,0
sub-322,sub-322_negative_00073_z64_y40_x128.npy,sub-322_negative_00073_z64_y40_x128.npy,0,64,40,128,0
sub-322,sub-322_negative_00074_z0_y216_x68.npy,sub-322_negative_00074_z0_y216_x68.npy,0,0,216,68,0
sub-322,sub-322_negative_00075_z72_y208_x200.npy,sub-322_negative_00075_z72_y208_x200.npy,0,72,208,200,0
sub-322,sub-322_negative_00076_z16_y232_x64.npy,sub-322_negative_00076_z16_y232_x64.npy,0,16,232,64,0
sub-322,sub-322_negative_00077_z64_y112_x160.npy,sub-322_negative_00077_z64_y112_x160.npy,0,64,112,160,0
sub-322,sub-322_negative_00078_z88_y160_x224.npy,sub-322_negative_00078_z88_y160_x224.npy,0,88,160,224,0
sub-322,sub-322_negative_00079_z64_y208_x208.npy,sub-322_negative_00079_z64_y208_x208.npy,0,64,208,208,0
sub-322,sub-322_negative_00080_z32_y184_x96.npy,sub-322_negative_00080_z32_y184_x96.npy,0,32,184,96,0
sub-322,sub-322_negative_00081_z40_y192_x8.npy,sub-322_negative_00081_z40_y192_x8.npy,0,40,192,8,0
sub-322,sub-322_negative_00082_z48_y0_x40.npy,sub-322_negative_00082_z48_y0_x40.npy,0,48,0,40,0
sub-322,sub-322_negative_00083_z96_y0_x100.npy,sub-322_negative_00083_z96_y0_x100.npy,0,96,0,100,0
sub-322,sub-322_negative_00084_z48_y152_x232.npy,sub-322_negative_00084_z48_y152_x232.npy,0,48,152,232,0
sub-322,sub-322_negative_00085_z72_y128_x128.npy,sub-322_negative_00085_z72_y128_x128.npy,0,72,128,128,0
sub-322,sub-322_negative_00086_z72_y160_x52.npy,sub-322_negative_00086_z72_y160_x52.npy,0,72,160,52,0
sub-322,sub-322_negative_00087_z40_y48_x132.npy,sub-322_negative_00087_z40_y48_x132.npy,0,40,48,132,0
sub-322,sub-322_negative_00088_z32_y192_x204.npy,sub-322_negative_00088_z32_y192_x204.npy,0,32,192,204,0
sub-322,sub-322_negative_00089_z80_y0_x200.npy,sub-322_negative_00089_z80_y0_x200.npy,0,80,0,200,0
sub-322,sub-322_negative_00090_z0_y240_x172.npy,sub-322_negative_00090_z0_y240_x172.npy,0,0,240,172,0
sub-322,sub-322_negative_00091_z64_y64_x116.npy,sub-322_negative_00091_z64_y64_x116.npy,0,64,64,116,0
sub-322,sub-322_negative_00092_z64_y216_x4.npy,sub-322_negative_00092_z64_y216_x4.npy,0,64,216,4,0
sub-322,sub-322_negative_00093_z80_y176_x200.npy,sub-322_negative_00093_z80_y176_x200.npy,0,80,176,200,0
sub-322,sub-322_negative_00094_z8_y24_x116.npy,sub-322_negative_00094_z8_y24_x116.npy,0,8,24,116,0
sub-322,sub-322_negative_00095_z24_y144_x36.npy,sub-322_negative_00095_z24_y144_x36.npy,0,24,144,36,0
sub-322,sub-322_negative_00096_z8_y64_x28.npy,sub-322_negative_00096_z8_y64_x28.npy,0,8,64,28,0
sub-322,sub-322_negative_00097_z96_y144_x92.npy,sub-322_negative_00097_z96_y144_x92.npy,0,96,144,92,0
sub-322,sub-322_negative_00098_z72_y200_x228.npy,sub-322_negative_00098_z72_y200_x228.npy,0,72,200,228,0
sub-322,sub-322_negative_00099_z0_y136_x152.npy,sub-322_negative_00099_z0_y136_x152.npy,0,0,136,152,0
sub-322,sub-322_negative_00100_z88_y24_x200.npy,sub-322_negative_00100_z88_y24_x200.npy,0,88,24,200,0
sub-322,sub-322_negative_00101_z72_y16_x164.npy,sub-322_negative_00101_z72_y16_x164.npy,0,72,16,164,0
sub-322,sub-322_negative_00102_z40_y160_x36.npy,sub-322_negative_00102_z40_y160_x36.npy,0,40,160,36,0
sub-322,sub-322_negative_00103_z88_y32_x20.npy,sub-322_negative_00103_z88_y32_x20.npy,0,88,32,20,0
sub-322,sub-322_negative_00104_z16_y128_x52.npy,sub-322_negative_00104_z16_y128_x52.npy,0,16,128,52,0
sub-322,sub-322_negative_00105_z32_y176_x56.npy,sub-322_negative_00105_z32_y176_x56.npy,0,32,176,56,0
sub-322,sub-322_negative_00106_z0_y200_x156.npy,sub-322_negative_00106_z0_y200_x156.npy,0,0,200,156,0
sub-322,sub-322_negative_00107_z8_y48_x196.npy,sub-322_negative_00107_z8_y48_x196.npy,0,8,48,196,0
sub-322,sub-322_negative_00108_z48_y112_x200.npy,sub-322_negative_00108_z48_y112_x200.npy,0,48,112,200,0
sub-322,sub-322_negative_00109_z96_y152_x204.npy,sub-322_negative_00109_z96_y152_x204.npy,0,96,152,204,0
sub-322,sub-322_negative_00110_z40_y168_x0.npy,sub-322_negative_00110_z40_y168_x0.npy,0,40,168,0,0
sub-322,sub-322_negative_00111_z32_y8_x172.npy,sub-322_negative_00111_z32_y8_x172.npy,0,32,8,172,0
sub-322,sub-322_negative_00112_z80_y112_x72.npy,sub-322_negative_00112_z80_y112_x72.npy,0,80,112,72,0
sub-322,sub-322_negative_00113_z64_y40_x208.npy,sub-322_negative_00113_z64_y40_x208.npy,0,64,40,208,0
sub-322,sub-322_negative_00114_z64_y192_x160.npy,sub-322_negative_00114_z64_y192_x160.npy,0,64,192,160,0
sub-322,sub-322_negative_00115_z48_y16_x200.npy,sub-322_negative_00115_z48_y16_x200.npy,0,48,16,200,0
sub-322,sub-322_negative_00116_z80_y32_x32.npy,sub-322_negative_00116_z80_y32_x32.npy,0,80,32,32,0
sub-322,sub-322_negative_00117_z40_y80_x40.npy,sub-322_negative_00117_z40_y80_x40.npy,0,40,80,40,0
sub-322,sub-322_negative_00118_z32_y144_x100.npy,sub-322_negative_00118_z32_y144_x100.npy,0,32,144,100,0
sub-322,sub-322_negative_00119_z72_y160_x200.npy,sub-322_negative_00119_z72_y160_x200.npy,0,72,160,200,0
sub-322,sub-322_negative_00120_z8_y168_x60.npy,sub-322_negative_00120_z8_y168_x60.npy,0,8,168,60,0
sub-322,sub-322_negative_00121_z64_y224_x92.npy,sub-322_negative_00121_z64_y224_x92.npy,0,64,224,92,0
sub-322,sub-322_negative_00122_z32_y64_x200.npy,sub-322_negative_00122_z32_y64_x200.npy,0,32,64,200,0
sub-322,sub-322_negative_00123_z8_y32_x196.npy,sub-322_negative_00123_z8_y32_x196.npy,0,8,32,196,0
sub-322,sub-322_negative_00124_z56_y80_x12.npy,sub-322_negative_00124_z56_y80_x12.npy,0,56,80,12,0
sub-322,sub-322_negative_00125_z40_y200_x184.npy,sub-322_negative_00125_z40_y200_x184.npy,0,40,200,184,0
sub-322,sub-322_negative_00126_z80_y200_x108.npy,sub-322_negative_00126_z80_y200_x108.npy,0,80,200,108,0
sub-227,sub-227_negative_00000_z56_y200_x224.npy,sub-227_negative_00000_z56_y200_x224.npy,0,56,200,224,0
sub-227,sub-227_negative_00001_z128_y216_x112.npy,sub-227_negative_00001_z128_y216_x112.npy,0,128,216,112,0
sub-227,sub-227_negative_00002_z96_y8_x116.npy,sub-227_negative_00002_z96_y8_x116.npy,0,96,8,116,0
sub-227,sub-227_negative_00003_z64_y88_x164.npy,sub-227_negative_00003_z64_y88_x164.npy,0,64,88,164,0
sub-227,sub-227_negative_00004_z64_y16_x180.npy,sub-227_negative_00004_z64_y16_x180.npy,0,64,16,180,0
sub-227,sub-227_negative_00005_z104_y232_x168.npy,sub-227_negative_00005_z104_y232_x168.npy,0,104,232,168,0
sub-227,sub-227_negative_00006_z16_y184_x48.npy,sub-227_negative_00006_z16_y184_x48.npy,0,16,184,48,0
sub-227,sub-227_negative_00007_z40_y200_x184.npy,sub-227_negative_00007_z40_y200_x184.npy,0,40,200,184,0
sub-227,sub-227_negative_00008_z16_y232_x12.npy,sub-227_negative_00008_z16_y232_x12.npy,0,16,232,12,0
sub-227,sub-227_negative_00009_z96_y208_x104.npy,sub-227_negative_00009_z96_y208_x104.npy,0,96,208,104,0
sub-227,sub-227_negative_00010_z24_y64_x84.npy,sub-227_negative_00010_z24_y64_x84.npy,0,24,64,84,0
sub-227,sub-227_negative_00011_z64_y224_x104.npy,sub-227_negative_00011_z64_y224_x104.npy,0,64,224,104,0
sub-227,sub-227_negative_00012_z56_y184_x36.npy,sub-227_negative_00012_z56_y184_x36.npy,0,56,184,36,0
sub-227,sub-227_negative_00013_z112_y184_x76.npy,sub-227_negative_00013_z112_y184_x76.npy,0,112,184,76,0
sub-227,sub-227_negative_00014_z48_y152_x208.npy,sub-227_negative_00014_z48_y152_x208.npy,0,48,152,208,0
sub-227,sub-227_negative_00015_z96_y120_x128.npy,sub-227_negative_00015_z96_y120_x128.npy,0,96,120,128,0
sub-227,sub-227_negative_00016_z112_y232_x68.npy,sub-227_negative_00016_z112_y232_x68.npy,0,112,232,68,0
sub-227,sub-227_negative_00017_z24_y144_x120.npy,sub-227_negative_00017_z24_y144_x120.npy,0,24,144,120,0
sub-227,sub-227_negative_00018_z120_y224_x124.npy,sub-227_negative_00018_z120_y224_x124.npy,0,120,224,124,0
sub-227,sub-227_negative_00019_z136_y88_x212.npy,sub-227_negative_00019_z136_y88_x212.npy,0,136,88,212,0
sub-227,sub-227_negative_00020_z32_y16_x108.npy,sub-227_negative_00020_z32_y16_x108.npy,0,32,16,108,0
sub-227,sub-227_negative_00021_z128_y136_x140.npy,sub-227_negative_00021_z128_y136_x140.npy,0,128,136,140,0
sub-227,sub-227_negative_00022_z128_y8_x124.npy,sub-227_negative_00022_z128_y8_x124.npy,0,128,8,124,0
sub-227,sub-227_negative_00023_z16_y72_x0.npy,sub-227_negative_00023_z16_y72_x0.npy,0,16,72,0,0
sub-227,sub-227_negative_00024_z16_y208_x176.npy,sub-227_negative_00024_z16_y208_x176.npy,0,16,208,176,0
sub-227,sub-227_negative_00025_z120_y16_x84.npy,sub-227_negative_00025_z120_y16_x84.npy,0,120,16,84,0
sub-227,sub-227_negative_00026_z112_y72_x68.npy,sub-227_negative_00026_z112_y72_x68.npy,0,112,72,68,0
sub-227,sub-227_negative_00027_z24_y96_x52.npy,sub-227_negative_00027_z24_y96_x52.npy,0,24,96,52,0
sub-227,sub-227_negative_00028_z104_y152_x176.npy,sub-227_negative_00028_z104_y152_x176.npy,0,104,152,176,0
sub-227,sub-227_negative_00029_z16_y120_x112.npy,sub-227_negative_00029_z16_y120_x112.npy,0,16,120,112,0
sub-227,sub-227_negative_00030_z32_y72_x84.npy,sub-227_negative_00030_z32_y72_x84.npy,0,32,72,84,0
sub-227,sub-227_negative_00031_z72_y224_x212.npy,sub-227_negative_00031_z72_y224_x212.npy,0,72,224,212,0
sub-227,sub-227_negative_00032_z96_y136_x236.npy,sub-227_negative_00032_z96_y136_x236.npy,0,96,136,236,0
sub-227,sub-227_negative_00033_z72_y104_x128.npy,sub-227_negative_00033_z72_y104_x128.npy,0,72,104,128,0
sub-227,sub-227_negative_00034_z72_y184_x216.npy,sub-227_negative_00034_z72_y184_x216.npy,0,72,184,216,0
sub-227,sub-227_negative_00035_z40_y40_x164.npy,sub-227_negative_00035_z40_y40_x164.npy,0,40,40,164,0
sub-227,sub-227_negative_00036_z128_y64_x120.npy,sub-227_negative_00036_z128_y64_x120.npy,0,128,64,120,0
sub-227,sub-227_negative_00037_z112_y24_x92.npy,sub-227_negative_00037_z112_y24_x92.npy,0,112,24,92,0
sub-227,sub-227_negative_00038_z88_y128_x220.npy,sub-227_negative_00038_z88_y128_x220.npy,0,88,128,220,0
sub-227,sub-227_negative_00039_z104_y192_x120.npy,sub-227_negative_00039_z104_y192_x120.npy,0,104,192,120,0
sub-227,sub-227_negative_00040_z8_y152_x156.npy,sub-227_negative_00040_z8_y152_x156.npy,0,8,152,156,0
sub-227,sub-227_negative_00041_z120_y32_x100.npy,sub-227_negative_00041_z120_y32_x100.npy,0,120,32,100,0
sub-227,sub-227_negative_00042_z72_y192_x184.npy,sub-227_negative_00042_z72_y192_x184.npy,0,72,192,184,0
sub-227,sub-227_negative_00043_z48_y232_x48.npy,sub-227_negative_00043_z48_y232_x48.npy,0,48,232,48,0
sub-227,sub-227_negative_00044_z56_y224_x228.npy,sub-227_negative_00044_z56_y224_x228.npy,0,56,224,228,0
sub-227,sub-227_negative_00045_z64_y128_x168.npy,sub-227_negative_00045_z64_y128_x168.npy,0,64,128,168,0
sub-227,sub-227_negative_00046_z88_y72_x220.npy,sub-227_negative_00046_z88_y72_x220.npy,0,88,72,220,0
sub-227,sub-227_negative_00047_z8_y48_x148.npy,sub-227_negative_00047_z8_y48_x148.npy,0,8,48,148,0
sub-227,sub-227_negative_00048_z104_y152_x228.npy,sub-227_negative_00048_z104_y152_x228.npy,0,104,152,228,0
sub-227,sub-227_negative_00049_z136_y232_x152.npy,sub-227_negative_00049_z136_y232_x152.npy,0,136,232,152,0
sub-227,sub-227_negative_00050_z88_y176_x104.npy,sub-227_negative_00050_z88_y176_x104.npy,0,88,176,104,0
sub-227,sub-227_negative_00051_z128_y32_x216.npy,sub-227_negative_00051_z128_y32_x216.npy,0,128,32,216,0
sub-227,sub-227_negative_00052_z96_y64_x96.npy,sub-227_negative_00052_z96_y64_x96.npy,0,96,64,96,0
sub-227,sub-227_negative_00053_z48_y136_x184.npy,sub-227_negative_00053_z48_y136_x184.npy,0,48,136,184,0
sub-227,sub-227_negative_00054_z64_y0_x68.npy,sub-227_negative_00054_z64_y0_x68.npy,0,64,0,68,0
sub-227,sub-227_negative_00055_z64_y72_x188.npy,sub-227_negative_00055_z64_y72_x188.npy,0,64,72,188,0
sub-227,sub-227_negative_00056_z128_y152_x72.npy,sub-227_negative_00056_z128_y152_x72.npy,0,128,152,72,0
sub-227,sub-227_negative_00057_z72_y48_x108.npy,sub-227_negative_00057_z72_y48_x108.npy,0,72,48,108,0
sub-227,sub-227_negative_00058_z104_y48_x60.npy,sub-227_negative_00058_z104_y48_x60.npy,0,104,48,60,0
sub-227,sub-227_negative_00059_z104_y80_x224.npy,sub-227_negative_00059_z104_y80_x224.npy,0,104,80,224,0
sub-227,sub-227_negative_00060_z56_y48_x200.npy,sub-227_negative_00060_z56_y48_x200.npy,0,56,48,200,0
sub-227,sub-227_negative_00061_z48_y152_x184.npy,sub-227_negative_00061_z48_y152_x184.npy,0,48,152,184,0
sub-227,sub-227_negative_00062_z104_y208_x168.npy,sub-227_negative_00062_z104_y208_x168.npy,0,104,208,168,0
sub-227,sub-227_negative_00063_z8_y88_x44.npy,sub-227_negative_00063_z8_y88_x44.npy,0,8,88,44,0
sub-227,sub-227_negative_00064_z88_y104_x204.npy,sub-227_negative_00064_z88_y104_x204.npy,0,88,104,204,0
sub-227,sub-227_negative_00065_z96_y64_x128.npy,sub-227_negative_00065_z96_y64_x128.npy,0,96,64,128,0
sub-227,sub-227_negative_00066_z112_y208_x16.npy,sub-227_negative_00066_z112_y208_x16.npy,0,112,208,16,0
sub-227,sub-227_negative_00067_z8_y128_x68.npy,sub-227_negative_00067_z8_y128_x68.npy,0,8,128,68,0
sub-227,sub-227_negative_00068_z32_y232_x40.npy,sub-227_negative_00068_z32_y232_x40.npy,0,32,232,40,0
sub-227,sub-227_negative_00069_z8_y176_x116.npy,sub-227_negative_00069_z8_y176_x116.npy,0,8,176,116,0
sub-227,sub-227_negative_00070_z136_y104_x76.npy,sub-227_negative_00070_z136_y104_x76.npy,0,136,104,76,0
sub-227,sub-227_negative_00071_z104_y144_x156.npy,sub-227_negative_00071_z104_y144_x156.npy,0,104,144,156,0
sub-227,sub-227_negative_00072_z0_y184_x148.npy,sub-227_negative_00072_z0_y184_x148.npy,0,0,184,148,0
sub-227,sub-227_negative_00073_z120_y96_x76.npy,sub-227_negative_00073_z120_y96_x76.npy,0,120,96,76,0
sub-227,sub-227_negative_00074_z96_y136_x152.npy,sub-227_negative_00074_z96_y136_x152.npy,0,96,136,152,0
sub-227,sub-227_negative_00075_z56_y192_x232.npy,sub-227_negative_00075_z56_y192_x232.npy,0,56,192,232,0
sub-227,sub-227_negative_00076_z120_y96_x144.npy,sub-227_negative_00076_z120_y96_x144.npy,0,120,96,144,0
sub-227,sub-227_negative_00077_z24_y112_x232.npy,sub-227_negative_00077_z24_y112_x232.npy,0,24,112,232,0
sub-227,sub-227_negative_00078_z48_y128_x52.npy,sub-227_negative_00078_z48_y128_x52.npy,0,48,128,52,0
sub-227,sub-227_negative_00079_z8_y32_x96.npy,sub-227_negative_00079_z8_y32_x96.npy,0,8,32,96,0
sub-227,sub-227_negative_00080_z8_y160_x172.npy,sub-227_negative_00080_z8_y160_x172.npy,0,8,160,172,0
sub-227,sub-227_negative_00081_z64_y232_x132.npy,sub-227_negative_00081_z64_y232_x132.npy,0,64,232,132,0
sub-227,sub-227_negative_00082_z136_y120_x104.npy,sub-227_negative_00082_z136_y120_x104.npy,0,136,120,104,0
sub-227,sub-227_negative_00083_z56_y208_x72.npy,sub-227_negative_00083_z56_y208_x72.npy,0,56,208,72,0
sub-227,sub-227_negative_00084_z40_y144_x148.npy,sub-227_negative_00084_z40_y144_x148.npy,0,40,144,148,0
sub-227,sub-227_negative_00085_z112_y112_x112.npy,sub-227_negative_00085_z112_y112_x112.npy,0,112,112,112,0
sub-227,sub-227_negative_00086_z88_y80_x116.npy,sub-227_negative_00086_z88_y80_x116.npy,0,88,80,116,0
sub-227,sub-227_negative_00087_z96_y40_x124.npy,sub-227_negative_00087_z96_y40_x124.npy,0,96,40,124,0
sub-227,sub-227_negative_00088_z64_y104_x80.npy,sub-227_negative_00088_z64_y104_x80.npy,0,64,104,80,0
sub-227,sub-227_negative_00089_z112_y8_x20.npy,sub-227_negative_00089_z112_y8_x20.npy,0,112,8,20,0
sub-227,sub-227_negative_00090_z56_y88_x152.npy,sub-227_negative_00090_z56_y88_x152.npy,0,56,88,152,0
sub-227,sub-227_negative_00091_z48_y88_x28.npy,sub-227_negative_00091_z48_y88_x28.npy,0,48,88,28,0
sub-227,sub-227_negative_00092_z104_y88_x172.npy,sub-227_negative_00092_z104_y88_x172.npy,0,104,88,172,0
sub-227,sub-227_negative_00093_z16_y80_x24.npy,sub-227_negative_00093_z16_y80_x24.npy,0,16,80,24,0
sub-227,sub-227_negative_00094_z96_y80_x100.npy,sub-227_negative_00094_z96_y80_x100.npy,0,96,80,100,0
sub-227,sub-227_negative_00095_z40_y224_x44.npy,sub-227_negative_00095_z40_y224_x44.npy,0,40,224,44,0
sub-227,sub-227_negative_00096_z8_y144_x12.npy,sub-227_negative_00096_z8_y144_x12.npy,0,8,144,12,0
sub-227,sub-227_negative_00097_z80_y32_x152.npy,sub-227_negative_00097_z80_y32_x152.npy,0,80,32,152,0
sub-227,sub-227_negative_00098_z64_y16_x148.npy,sub-227_negative_00098_z64_y16_x148.npy,0,64,16,148,0
sub-227,sub-227_negative_00099_z112_y232_x104.npy,sub-227_negative_00099_z112_y232_x104.npy,0,112,232,104,0
sub-323,sub-323_positive_00000_z72_y40_x132.npy,sub-323_positive_00000_z72_y40_x132.npy,1,72,40,132,12
sub-323,sub-323_positive_00001_z72_y40_x136.npy,sub-323_positive_00001_z72_y40_x136.npy,1,72,40,136,12
sub-323,sub-323_positive_00002_z72_y48_x132.npy,sub-323_positive_00002_z72_y48_x132.npy,1,72,48,132,12
sub-323,sub-323_positive_00003_z72_y48_x136.npy,sub-323_positive_00003_z72_y48_x136.npy,1,72,48,136,12
sub-323,sub-323_positive_00004_z80_y40_x132.npy,sub-323_positive_00004_z80_y40_x132.npy,1,80,40,132,12
sub-323,sub-323_positive_00005_z80_y40_x136.npy,sub-323_positive_00005_z80_y40_x136.npy,1,80,40,136,12
sub-323,sub-323_positive_00006_z80_y48_x132.npy,sub-323_positive_00006_z80_y48_x132.npy,1,80,48,132,12
sub-323,sub-323_positive_00007_z80_y48_x136.npy,sub-323_positive_00007_z80_y48_x136.npy,1,80,48,136,12
sub-323,sub-323_negative_00008_z56_y208_x188.npy,sub-323_negative_00008_z56_y208_x188.npy,0,56,208,188,0
sub-323,sub-323_negative_00009_z128_y224_x104.npy,sub-323_negative_00009_z128_y224_x104.npy,0,128,224,104,0
sub-323,sub-323_negative_00010_z96_y8_x144.npy,sub-323_negative_00010_z96_y8_x144.npy,0,96,8,144,0
sub-323,sub-323_negative_00011_z64_y96_x4.npy,sub-323_negative_00011_z64_y96_x4.npy,0,64,96,4,0
sub-323,sub-323_negative_00012_z64_y16_x200.npy,sub-323_negative_00012_z64_y16_x200.npy,0,64,16,200,0
sub-323,sub-323_negative_00013_z104_y240_x188.npy,sub-323_negative_00013_z104_y240_x188.npy,0,104,240,188,0
sub-323,sub-323_negative_00014_z16_y184_x244.npy,sub-323_negative_00014_z16_y184_x244.npy,0,16,184,244,0
sub-323,sub-323_negative_00015_z40_y208_x148.npy,sub-323_negative_00015_z40_y208_x148.npy,0,40,208,148,0
sub-323,sub-323_negative_00016_z16_y240_x4.npy,sub-323_negative_00016_z16_y240_x4.npy,0,16,240,4,0
sub-323,sub-323_negative_00017_z96_y216_x104.npy,sub-323_negative_00017_z96_y216_x104.npy,0,96,216,104,0
sub-323,sub-323_negative_00018_z24_y64_x152.npy,sub-323_negative_00018_z24_y64_x152.npy,0,24,64,152,0
sub-323,sub-323_negative_00019_z64_y232_x84.npy,sub-323_negative_00019_z64_y232_x84.npy,0,64,232,84,0
sub-323,sub-323_negative_00020_z56_y184_x228.npy,sub-323_negative_00020_z56_y184_x228.npy,0,56,184,228,0
sub-323,sub-323_negative_00021_z112_y192_x44.npy,sub-323_negative_00021_z112_y192_x44.npy,0,112,192,44,0
sub-323,sub-323_negative_00022_z48_y160_x120.npy,sub-323_negative_00022_z48_y160_x120.npy,0,48,160,120,0
sub-323,sub-323_negative_00023_z96_y128_x36.npy,sub-323_negative_00023_z96_y128_x36.npy,0,96,128,36,0
sub-323,sub-323_negative_00024_z112_y240_x72.npy,sub-323_negative_00024_z112_y240_x72.npy,0,112,240,72,0
sub-323,sub-323_negative_00025_z24_y152_x24.npy,sub-323_negative_00025_z24_y152_x24.npy,0,24,152,24,0
sub-323,sub-323_negative_00026_z120_y232_x136.npy,sub-323_negative_00026_z120_y232_x136.npy,0,120,232,136,0
sub-323,sub-323_negative_00027_z136_y96_x80.npy,sub-323_negative_00027_z136_y96_x80.npy,0,136,96,80,0
sub-323,sub-323_negative_00028_z32_y16_x132.npy,sub-323_negative_00028_z32_y16_x132.npy,0,32,16,132,0
sub-323,sub-323_negative_00029_z128_y144_x52.npy,sub-323_negative_00029_z128_y144_x52.npy,0,128,144,52,0
sub-323,sub-323_negative_00030_z128_y8_x160.npy,sub-323_negative_00030_z128_y8_x160.npy,0,128,8,160,0
sub-323,sub-323_negative_00031_z16_y72_x76.npy,sub-323_negative_00031_z16_y72_x76.npy,0,16,72,76,0
sub-323,sub-323_negative_00032_z16_y216_x148.npy,sub-323_negative_00032_z16_y216_x148.npy,0,16,216,148,0
sub-323,sub-323_negative_00033_z120_y16_x128.npy,sub-323_negative_00033_z120_y16_x128.npy,0,120,16,128,0
sub-323,sub-323_negative_00034_z112_y72_x160.npy,sub-323_negative_00034_z112_y72_x160.npy,0,112,72,160,0
sub-323,sub-323_negative_00035_z24_y96_x152.npy,sub-323_negative_00035_z24_y96_x152.npy,0,24,96,152,0
sub-323,sub-323_negative_00036_z104_y160_x116.npy,sub-323_negative_00036_z104_y160_x116.npy,0,104,160,116,0
sub-323,sub-323_negative_00037_z16_y120_x240.npy,sub-323_negative_00037_z16_y120_x240.npy,0,16,120,240,0
sub-323,sub-323_negative_00038_z32_y72_x156.npy,sub-323_negative_00038_z32_y72_x156.npy,0,32,72,156,0
sub-323,sub-323_negative_00039_z72_y232_x216.npy,sub-323_negative_00039_z72_y232_x216.npy,0,72,232,216,0
sub-323,sub-323_negative_00040_z96_y144_x156.npy,sub-323_negative_00040_z96_y144_x156.npy,0,96,144,156,0
sub-323,sub-323_negative_00041_z72_y112_x4.npy,sub-323_negative_00041_z72_y112_x4.npy,0,72,112,4,0
sub-323,sub-323_negative_00042_z72_y192_x180.npy,sub-323_negative_00042_z72_y192_x180.npy,0,72,192,180,0
sub-323,sub-323_negative_00043_z40_y40_x208.npy,sub-323_negative_00043_z40_y40_x208.npy,0,40,40,208,0
sub-323,sub-323_negative_00044_z128_y64_x208.npy,sub-323_negative_00044_z128_y64_x208.npy,0,128,64,208,0
sub-323,sub-323_negative_00045_z112_y24_x148.npy,sub-323_negative_00045_z112_y24_x148.npy,0,112,24,148,0
sub-323,sub-323_negative_00046_z88_y136_x140.npy,sub-323_negative_00046_z88_y136_x140.npy,0,88,136,140,0
sub-323,sub-323_negative_00047_z104_y200_x88.npy,sub-323_negative_00047_z104_y200_x88.npy,0,104,200,88,0
sub-323,sub-323_negative_00048_z8_y160_x76.npy,sub-323_negative_00048_z8_y160_x76.npy,0,8,160,76,0
sub-323,sub-323_negative_00049_z120_y32_x148.npy,sub-323_negative_00049_z120_y32_x148.npy,0,120,32,148,0
sub-323,sub-323_negative_00050_z72_y200_x152.npy,sub-323_negative_00050_z72_y200_x152.npy,0,72,200,152,0
sub-323,sub-323_negative_00051_z48_y240_x28.npy,sub-323_negative_00051_z48_y240_x28.npy,0,48,240,28,0
sub-323,sub-323_negative_00052_z56_y232_x220.npy,sub-323_negative_00052_z56_y232_x220.npy,0,56,232,220,0
sub-323,sub-323_negative_00053_z64_y136_x48.npy,sub-323_negative_00053_z64_y136_x48.npy,0,64,136,48,0
sub-323,sub-323_negative_00054_z88_y80_x76.npy,sub-323_negative_00054_z88_y80_x76.npy,0,88,80,76,0
sub-323,sub-323_negative_00055_z8_y48_x208.npy,sub-323_negative_00055_z8_y48_x208.npy,0,8,48,208,0
sub-323,sub-323_negative_00056_z104_y160_x176.npy,sub-323_negative_00056_z104_y160_x176.npy,0,104,160,176,0
sub-323,sub-323_negative_00057_z32_y16_x124.npy,sub-323_negative_00057_z32_y16_x124.npy,0,32,16,124,0
sub-323,sub-323_negative_00058_z88_y184_x72.npy,sub-323_negative_00058_z88_y184_x72.npy,0,88,184,72,0
sub-323,sub-323_negative_00059_z128_y40_x16.npy,sub-323_negative_00059_z128_y40_x16.npy,0,128,40,16,0
sub-323,sub-323_negative_00060_z96_y64_x188.npy,sub-323_negative_00060_z96_y64_x188.npy,0,96,64,188,0
sub-323,sub-323_negative_00061_z48_y144_x80.npy,sub-323_negative_00061_z48_y144_x80.npy,0,48,144,80,0
sub-323,sub-323_negative_00062_z64_y0_x64.npy,sub-323_negative_00062_z64_y0_x64.npy,0,64,0,64,0
sub-323,sub-323_negative_00063_z64_y80_x16.npy,sub-323_negative_00063_z64_y80_x16.npy,0,64,80,16,0
sub-323,sub-323_negative_00064_z128_y160_x4.npy,sub-323_negative_00064_z128_y160_x4.npy,0,128,160,4,0
sub-323,sub-323_negative_00065_z72_y48_x176.npy,sub-323_negative_00065_z72_y48_x176.npy,0,72,48,176,0
sub-323,sub-323_negative_00066_z104_y48_x140.npy,sub-323_negative_00066_z104_y48_x140.npy,0,104,48,140,0
sub-323,sub-323_negative_00067_z104_y88_x88.npy,sub-323_negative_00067_z104_y88_x88.npy,0,104,88,88,0
sub-323,sub-323_negative_00068_z56_y56_x4.npy,sub-323_negative_00068_z56_y56_x4.npy,0,56,56,4,0
sub-323,sub-323_negative_00069_z48_y160_x100.npy,sub-323_negative_00069_z48_y160_x100.npy,0,48,160,100,0
sub-323,sub-323_negative_00070_z104_y216_x172.npy,sub-323_negative_00070_z104_y216_x172.npy,0,104,216,172,0
sub-323,sub-323_negative_00071_z8_y88_x136.npy,sub-323_negative_00071_z8_y88_x136.npy,0,8,88,136,0
sub-323,sub-323_negative_00072_z88_y112_x84.npy,sub-323_negative_00072_z88_y112_x84.npy,0,88,112,84,0
sub-323,sub-323_negative_00073_z96_y64_x212.npy,sub-323_negative_00073_z96_y64_x212.npy,0,96,64,212,0
sub-323,sub-323_negative_00074_z112_y216_x4.npy,sub-323_negative_00074_z112_y216_x4.npy,0,112,216,4,0
sub-323,sub-323_negative_00075_z8_y128_x204.npy,sub-323_negative_00075_z8_y128_x204.npy,0,8,128,204,0
sub-323,sub-323_negative_00076_z32_y240_x32.npy,sub-323_negative_00076_z32_y240_x32.npy,0,32,240,32,0
sub-323,sub-323_negative_00077_z8_y184_x52.npy,sub-323_negative_00077_z8_y184_x52.npy,0,8,184,52,0
sub-323,sub-323_negative_00078_z136_y104_x204.npy,sub-323_negative_00078_z136_y104_x204.npy,0,136,104,204,0
sub-323,sub-323_negative_00079_z104_y152_x84.npy,sub-323_negative_00079_z104_y152_x84.npy,0,104,152,84,0
sub-323,sub-323_negative_00080_z0_y192_x100.npy,sub-323_negative_00080_z0_y192_x100.npy,0,0,192,100,0
sub-323,sub-323_negative_00081_z120_y96_x208.npy,sub-323_negative_00081_z120_y96_x208.npy,0,120,96,208,0
sub-323,sub-323_negative_00082_z96_y144_x72.npy,sub-323_negative_00082_z96_y144_x72.npy,0,96,144,72,0
sub-323,sub-323_negative_00083_z56_y200_x184.npy,sub-323_negative_00083_z56_y200_x184.npy,0,56,200,184,0
sub-323,sub-323_negative_00084_z120_y104_x20.npy,sub-323_negative_00084_z120_y104_x20.npy,0,120,104,20,0
sub-323,sub-323_negative_00085_z24_y120_x108.npy,sub-323_negative_00085_z24_y120_x108.npy,0,24,120,108,0
sub-323,sub-323_negative_00086_z48_y128_x184.npy,sub-323_negative_00086_z48_y128_x184.npy,0,48,128,184,0
sub-323,sub-323_negative_00087_z8_y32_x132.npy,sub-323_negative_00087_z8_y32_x132.npy,0,8,32,132,0
sub-323,sub-323_negative_00088_z8_y168_x100.npy,sub-323_negative_00088_z8_y168_x100.npy,0,8,168,100,0
sub-323,sub-323_negative_00089_z64_y240_x124.npy,sub-323_negative_00089_z64_y240_x124.npy,0,64,240,124,0
sub-323,sub-323_negative_00090_z136_y128_x8.npy,sub-323_negative_00090_z136_y128_x8.npy,0,136,128,8,0
sub-323,sub-323_negative_00091_z56_y216_x40.npy,sub-323_negative_00091_z56_y216_x40.npy,0,56,216,40,0
sub-323,sub-323_negative_00092_z40_y152_x48.npy,sub-323_negative_00092_z40_y152_x48.npy,0,40,152,48,0
sub-323,sub-323_negative_00093_z112_y112_x244.npy,sub-323_negative_00093_z112_y112_x244.npy,0,112,112,244,0
sub-323,sub-323_negative_00094_z88_y80_x228.npy,sub-323_negative_00094_z88_y80_x228.npy,0,88,80,228,0
sub-323,sub-323_negative_00095_z96_y40_x192.npy,sub-323_negative_00095_z96_y40_x192.npy,0,96,40,192,0
sub-323,sub-323_negative_00096_z64_y104_x180.npy,sub-323_negative_00096_z64_y104_x180.npy,0,64,104,180,0
sub-323,sub-323_negative_00097_z112_y8_x52.npy,sub-323_negative_00097_z112_y8_x52.npy,0,112,8,52,0
sub-323,sub-323_negative_00098_z56_y88_x244.npy,sub-323_negative_00098_z56_y88_x244.npy,0,56,88,244,0
sub-323,sub-323_negative_00099_z48_y88_x116.npy,sub-323_negative_00099_z48_y88_x116.npy,0,48,88,116,0
sub-323,sub-323_negative_00100_z104_y96_x40.npy,sub-323_negative_00100_z104_y96_x40.npy,0,104,96,40,0
sub-323,sub-323_negative_00101_z16_y80_x104.npy,sub-323_negative_00101_z16_y80_x104.npy,0,16,80,104,0
sub-323,sub-323_negative_00102_z96_y80_x204.npy,sub-323_negative_00102_z96_y80_x204.npy,0,96,80,204,0
sub-323,sub-323_negative_00103_z40_y232_x20.npy,sub-323_negative_00103_z40_y232_x20.npy,0,40,232,20,0
sub-323,sub-323_negative_00104_z8_y144_x160.npy,sub-323_negative_00104_z8_y144_x160.npy,0,8,144,160,0
sub-323,sub-323_negative_00105_z80_y32_x200.npy,sub-323_negative_00105_z80_y32_x200.npy,0,80,32,200,0
sub-323,sub-323_negative_00106_z64_y16_x172.npy,sub-323_negative_00106_z64_y16_x172.npy,0,64,16,172,0
sub-323,sub-323_negative_00107_z112_y240_x108.npy,sub-323_negative_00107_z112_y240_x108.npy,0,112,240,108,0
sub-314,sub-314_positive_00000_z72_y120_x104.npy,sub-314_positive_00000_z72_y120_x104.npy,1,72,120,104,6
sub-314,sub-314_positive_00001_z72_y120_x108.npy,sub-314_positive_00001_z72_y120_x108.npy,1,72,120,108,6
sub-314,sub-314_positive_00002_z72_y128_x104.npy,sub-314_positive_00002_z72_y128_x104.npy,1,72,128,104,6
sub-314,sub-314_positive_00003_z72_y128_x108.npy,sub-314_positive_00003_z72_y128_x108.npy,1,72,128,108,6
sub-314,sub-314_positive_00004_z80_y120_x104.npy,sub-314_positive_00004_z80_y120_x104.npy,1,80,120,104,12
sub-314,sub-314_positive_00005_z80_y120_x108.npy,sub-314_positive_00005_z80_y120_x108.npy,1,80,120,108,12
sub-314,sub-314_positive_00006_z80_y128_x104.npy,sub-314_positive_00006_z80_y128_x104.npy,1,80,128,104,12
sub-314,sub-314_positive_00007_z80_y128_x108.npy,sub-314_positive_00007_z80_y128_x108.npy,1,80,128,108,12
sub-314,sub-314_positive_00008_z88_y120_x104.npy,sub-314_positive_00008_z88_y120_x104.npy,1,88,120,104,6
sub-314,sub-314_positive_00009_z88_y120_x108.npy,sub-314_positive_00009_z88_y120_x108.npy,1,88,120,108,6
sub-314,sub-314_positive_00010_z88_y128_x104.npy,sub-314_positive_00010_z88_y128_x104.npy,1,88,128,104,6
sub-314,sub-314_positive_00011_z88_y128_x108.npy,sub-314_positive_00011_z88_y128_x108.npy,1,88,128,108,6
sub-314,sub-314_negative_00012_z56_y208_x180.npy,sub-314_negative_00012_z56_y208_x180.npy,0,56,208,180,0
sub-314,sub-314_negative_00013_z128_y224_x104.npy,sub-314_negative_00013_z128_y224_x104.npy,0,128,224,104,0
sub-314,sub-314_negative_00014_z96_y8_x152.npy,sub-314_negative_00014_z96_y8_x152.npy,0,96,8,152,0
sub-314,sub-314_negative_00015_z64_y96_x0.npy,sub-314_negative_00015_z64_y96_x0.npy,0,64,96,0,0
sub-314,sub-314_negative_00016_z64_y16_x192.npy,sub-314_negative_00016_z64_y16_x192.npy,0,64,16,192,0
sub-314,sub-314_negative_00017_z104_y240_x192.npy,sub-314_negative_00017_z104_y240_x192.npy,0,104,240,192,0
sub-314,sub-314_negative_00018_z16_y184_x240.npy,sub-314_negative_00018_z16_y184_x240.npy,0,16,184,240,0
sub-314,sub-314_negative_00019_z40_y208_x144.npy,sub-314_negative_00019_z40_y208_x144.npy,0,40,208,144,0
sub-314,sub-314_negative_00020_z16_y240_x0.npy,sub-314_negative_00020_z16_y240_x0.npy,0,16,240,0,0
sub-314,sub-314_negative_00021_z96_y216_x108.npy,sub-314_negative_00021_z96_y216_x108.npy,0,96,216,108,0
sub-314,sub-314_negative_00022_z24_y64_x152.npy,sub-314_negative_00022_z24_y64_x152.npy,0,24,64,152,0
sub-314,sub-314_negative_00023_z64_y232_x76.npy,sub-314_negative_00023_z64_y232_x76.npy,0,64,232,76,0
sub-314,sub-314_negative_00024_z56_y184_x220.npy,sub-314_negative_00024_z56_y184_x220.npy,0,56,184,220,0
sub-314,sub-314_negative_00025_z112_y192_x48.npy,sub-314_negative_00025_z112_y192_x48.npy,0,112,192,48,0
sub-314,sub-314_negative_00026_z48_y160_x112.npy,sub-314_negative_00026_z48_y160_x112.npy,0,48,160,112,0
sub-314,sub-314_negative_00027_z96_y128_x40.npy,sub-314_negative_00027_z96_y128_x40.npy,0,96,128,40,0
sub-314,sub-314_negative_00028_z112_y240_x72.npy,sub-314_negative_00028_z112_y240_x72.npy,0,112,240,72,0
sub-314,sub-314_negative_00029_z24_y152_x20.npy,sub-314_negative_00029_z24_y152_x20.npy,0,24,152,20,0
sub-314,sub-314_negative_00030_z120_y232_x136.npy,sub-314_negative_00030_z120_y232_x136.npy,0,120,232,136,0
sub-314,sub-314_negative_00031_z136_y96_x80.npy,sub-314_negative_00031_z136_y96_x80.npy,0,136,96,80,0
sub-314,sub-314_negative_00032_z32_y16_x128.npy,sub-314_negative_00032_z32_y16_x128.npy,0,32,16,128,0
sub-314,sub-314_negative_00033_z128_y144_x52.npy,sub-314_negative_00033_z128_y144_x52.npy,0,128,144,52,0
sub-314,sub-314_negative_00034_z128_y8_x160.npy,sub-314_negative_00034_z128_y8_x160.npy,0,128,8,160,0
sub-314,sub-314_negative_00035_z16_y72_x72.npy,sub-314_negative_00035_z16_y72_x72.npy,0,16,72,72,0
sub-314,sub-314_negative_00036_z16_y216_x148.npy,sub-314_negative_00036_z16_y216_x148.npy,0,16,216,148,0
sub-314,sub-314_negative_00037_z120_y16_x132.npy,sub-314_negative_00037_z120_y16_x132.npy,0,120,16,132,0
sub-314,sub-314_negative_00038_z112_y72_x164.npy,sub-314_negative_00038_z112_y72_x164.npy,0,112,72,164,0
sub-314,sub-314_negative_00039_z24_y96_x152.npy,sub-314_negative_00039_z24_y96_x152.npy,0,24,96,152,0
sub-314,sub-314_negative_00040_z104_y160_x120.npy,sub-314_negative_00040_z104_y160_x120.npy,0,104,160,120,0
sub-314,sub-314_negative_00041_z16_y120_x240.npy,sub-314_negative_00041_z16_y120_x240.npy,0,16,120,240,0
sub-314,sub-314_negative_00042_z32_y72_x152.npy,sub-314_negative_00042_z32_y72_x152.npy,0,32,72,152,0
sub-314,sub-314_negative_00043_z72_y232_x208.npy,sub-314_negative_00043_z72_y232_x208.npy,0,72,232,208,0
sub-314,sub-314_negative_00044_z96_y144_x160.npy,sub-314_negative_00044_z96_y144_x160.npy,0,96,144,160,0
sub-314,sub-314_negative_00045_z72_y104_x232.npy,sub-314_negative_00045_z72_y104_x232.npy,0,72,104,232,0
sub-314,sub-314_negative_00046_z72_y192_x172.npy,sub-314_negative_00046_z72_y192_x172.npy,0,72,192,172,0
sub-314,sub-314_negative_00047_z40_y40_x204.npy,sub-314_negative_00047_z40_y40_x204.npy,0,40,40,204,0
sub-314,sub-314_negative_00048_z128_y64_x208.npy,sub-314_negative_00048_z128_y64_x208.npy,0,128,64,208,0
sub-314,sub-314_negative_00049_z112_y24_x152.npy,sub-314_negative_00049_z112_y24_x152.npy,0,112,24,152,0
sub-314,sub-314_negative_00050_z88_y136_x148.npy,sub-314_negative_00050_z88_y136_x148.npy,0,88,136,148,0
sub-314,sub-314_negative_00051_z104_y200_x92.npy,sub-314_negative_00051_z104_y200_x92.npy,0,104,200,92,0
sub-314,sub-314_negative_00052_z8_y160_x72.npy,sub-314_negative_00052_z8_y160_x72.npy,0,8,160,72,0
sub-314,sub-314_negative_00053_z120_y32_x148.npy,sub-314_negative_00053_z120_y32_x148.npy,0,120,32,148,0
sub-314,sub-314_negative_00054_z72_y200_x144.npy,sub-314_negative_00054_z72_y200_x144.npy,0,72,200,144,0
sub-314,sub-314_negative_00055_z48_y240_x24.npy,sub-314_negative_00055_z48_y240_x24.npy,0,48,240,24,0
sub-314,sub-314_negative_00056_z56_y232_x212.npy,sub-314_negative_00056_z56_y232_x212.npy,0,56,232,212,0
sub-314,sub-314_negative_00057_z64_y136_x40.npy,sub-314_negative_00057_z64_y136_x40.npy,0,64,136,40,0
sub-314,sub-314_negative_00058_z88_y80_x64.npy,sub-314_negative_00058_z88_y80_x64.npy,0,88,80,64,0
sub-314,sub-314_negative_00059_z8_y48_x208.npy,sub-314_negative_00059_z8_y48_x208.npy,0,8,48,208,0
sub-314,sub-314_negative_00060_z104_y160_x180.npy,sub-314_negative_00060_z104_y160_x180.npy,0,104,160,180,0
sub-314,sub-314_negative_00061_z32_y16_x124.npy,sub-314_negative_00061_z32_y16_x124.npy,0,32,16,124,0
sub-314,sub-314_negative_00062_z88_y184_x76.npy,sub-314_negative_00062_z88_y184_x76.npy,0,88,184,76,0
sub-314,sub-314_negative_00063_z128_y40_x20.npy,sub-314_negative_00063_z128_y40_x20.npy,0,128,40,20,0
sub-314,sub-314_negative_00064_z96_y64_x192.npy,sub-314_negative_00064_z96_y64_x192.npy,0,96,64,192,0
sub-314,sub-314_negative_00065_z48_y144_x72.npy,sub-314_negative_00065_z48_y144_x72.npy,0,48,144,72,0
sub-314,sub-314_negative_00066_z64_y0_x56.npy,sub-314_negative_00066_z64_y0_x56.npy,0,64,0,56,0
sub-314,sub-314_negative_00067_z64_y80_x8.npy,sub-314_negative_00067_z64_y80_x8.npy,0,64,80,8,0
sub-314,sub-314_negative_00068_z128_y160_x4.npy,sub-314_negative_00068_z128_y160_x4.npy,0,128,160,4,0
sub-314,sub-314_negative_00069_z72_y48_x152.npy,sub-314_negative_00069_z72_y48_x152.npy,0,72,48,152,0
sub-314,sub-314_negative_00070_z104_y48_x144.npy,sub-314_negative_00070_z104_y48_x144.npy,0,104,48,144,0
sub-314,sub-314_negative_00071_z104_y88_x92.npy,sub-314_negative_00071_z104_y88_x92.npy,0,104,88,92,0
sub-314,sub-314_negative_00072_z56_y56_x0.npy,sub-314_negative_00072_z56_y56_x0.npy,0,56,56,0,0
sub-314,sub-314_negative_00073_z48_y160_x92.npy,sub-314_negative_00073_z48_y160_x92.npy,0,48,160,92,0
sub-314,sub-314_negative_00074_z104_y216_x176.npy,sub-314_negative_00074_z104_y216_x176.npy,0,104,216,176,0
sub-314,sub-314_negative_00075_z8_y88_x136.npy,sub-314_negative_00075_z8_y88_x136.npy,0,8,88,136,0
sub-314,sub-314_negative_00076_z88_y112_x76.npy,sub-314_negative_00076_z88_y112_x76.npy,0,88,112,76,0
sub-314,sub-314_negative_00077_z96_y64_x216.npy,sub-314_negative_00077_z96_y64_x216.npy,0,96,64,216,0
sub-314,sub-314_negative_00078_z112_y216_x8.npy,sub-314_negative_00078_z112_y216_x8.npy,0,112,216,8,0
sub-314,sub-314_negative_00079_z8_y128_x204.npy,sub-314_negative_00079_z8_y128_x204.npy,0,8,128,204,0
sub-314,sub-314_negative_00080_z32_y240_x28.npy,sub-314_negative_00080_z32_y240_x28.npy,0,32,240,28,0
sub-314,sub-314_negative_00081_z8_y184_x52.npy,sub-314_negative_00081_z8_y184_x52.npy,0,8,184,52,0
sub-314,sub-314_negative_00082_z136_y104_x204.npy,sub-314_negative_00082_z136_y104_x204.npy,0,136,104,204,0
sub-314,sub-314_negative_00083_z104_y152_x88.npy,sub-314_negative_00083_z104_y152_x88.npy,0,104,152,88,0
sub-314,sub-314_negative_00084_z0_y192_x100.npy,sub-314_negative_00084_z0_y192_x100.npy,0,0,192,100,0
sub-314,sub-314_negative_00085_z120_y96_x212.npy,sub-314_negative_00085_z120_y96_x212.npy,0,120,96,212,0
sub-314,sub-314_negative_00086_z96_y144_x76.npy,sub-314_negative_00086_z96_y144_x76.npy,0,96,144,76,0
sub-314,sub-314_negative_00087_z56_y200_x176.npy,sub-314_negative_00087_z56_y200_x176.npy,0,56,200,176,0
sub-314,sub-314_negative_00088_z120_y104_x24.npy,sub-314_negative_00088_z120_y104_x24.npy,0,120,104,24,0
sub-314,sub-314_negative_00089_z24_y120_x104.npy,sub-314_negative_00089_z24_y120_x104.npy,0,24,120,104,0
sub-314,sub-314_negative_00090_z48_y128_x180.npy,sub-314_negative_00090_z48_y128_x180.npy,0,48,128,180,0
sub-314,sub-314_negative_00091_z8_y32_x132.npy,sub-314_negative_00091_z8_y32_x132.npy,0,8,32,132,0
sub-314,sub-314_negative_00092_z8_y168_x100.npy,sub-314_negative_00092_z8_y168_x100.npy,0,8,168,100,0
sub-314,sub-314_negative_00093_z64_y240_x116.npy,sub-314_negative_00093_z64_y240_x116.npy,0,64,240,116,0
sub-314,sub-314_negative_00094_z136_y128_x8.npy,sub-314_negative_00094_z136_y128_x8.npy,0,136,128,8,0
sub-314,sub-314_negative_00095_z56_y216_x32.npy,sub-314_negative_00095_z56_y216_x32.npy,0,56,216,32,0
sub-314,sub-314_negative_00096_z40_y152_x44.npy,sub-314_negative_00096_z40_y152_x44.npy,0,40,152,44,0
sub-314,sub-314_negative_00097_z112_y112_x248.npy,sub-314_negative_00097_z112_y112_x248.npy,0,112,112,248,0
sub-314,sub-314_negative_00098_z88_y80_x220.npy,sub-314_negative_00098_z88_y80_x220.npy,0,88,80,220,0
sub-314,sub-314_negative_00099_z96_y40_x196.npy,sub-314_negative_00099_z96_y40_x196.npy,0,96,40,196,0
sub-314,sub-314_negative_00100_z64_y104_x176.npy,sub-314_negative_00100_z64_y104_x176.npy,0,64,104,176,0
sub-314,sub-314_negative_00101_z112_y8_x56.npy,sub-314_negative_00101_z112_y8_x56.npy,0,112,8,56,0
sub-314,sub-314_negative_00102_z56_y88_x236.npy,sub-314_negative_00102_z56_y88_x236.npy,0,56,88,236,0
sub-314,sub-314_negative_00103_z48_y88_x108.npy,sub-314_negative_00103_z48_y88_x108.npy,0,48,88,108,0
sub-314,sub-314_negative_00104_z104_y96_x44.npy,sub-314_negative_00104_z104_y96_x44.npy,0,104,96,44,0
sub-314,sub-314_negative_00105_z16_y80_x104.npy,sub-314_negative_00105_z16_y80_x104.npy,0,16,80,104,0
sub-314,sub-314_negative_00106_z96_y80_x212.npy,sub-314_negative_00106_z96_y80_x212.npy,0,96,80,212,0
sub-314,sub-314_negative_00107_z40_y232_x16.npy,sub-314_negative_00107_z40_y232_x16.npy,0,40,232,16,0
sub-314,sub-314_negative_00108_z8_y144_x160.npy,sub-314_negative_00108_z8_y144_x160.npy,0,8,144,160,0
sub-314,sub-314_negative_00109_z80_y32_x188.npy,sub-314_negative_00109_z80_y32_x188.npy,0,80,32,188,0
sub-314,sub-314_negative_00110_z64_y16_x164.npy,sub-314_negative_00110_z64_y16_x164.npy,0,64,16,164,0
sub-314,sub-314_negative_00111_z112_y240_x112.npy,sub-314_negative_00111_z112_y240_x112.npy,0,112,240,112,0
sub-216,sub-216_positive_00000_z72_y88_x84.npy,sub-216_positive_00000_z72_y88_x84.npy,1,72,88,84,2
sub-216,sub-216_positive_00001_z96_y64_x156.npy,sub-216_positive_00001_z96_y64_x156.npy,1,96,64,156,6
sub-216,sub-216_positive_00002_z88_y160_x100.npy,sub-216_positive_00002_z88_y160_x100.npy,1,88,160,100,6
sub-216,sub-216_positive_00003_z80_y128_x104.npy,sub-216_positive_00003_z80_y128_x104.npy,1,80,128,104,26
sub-216,sub-216_positive_00004_z64_y112_x116.npy,sub-216_positive_00004_z64_y112_x116.npy,1,64,112,116,8
sub-216,sub-216_positive_00005_z72_y128_x132.npy,sub-216_positive_00005_z72_y128_x132.npy,1,72,128,132,7
sub-216,sub-216_positive_00006_z40_y72_x96.npy,sub-216_positive_00006_z40_y72_x96.npy,1,40,72,96,1
sub-216,sub-216_positive_00007_z64_y104_x132.npy,sub-216_positive_00007_z64_y104_x132.npy,1,64,104,132,1
sub-216,sub-216_positive_00008_z40_y72_x92.npy,sub-216_positive_00008_z40_y72_x92.npy,1,40,72,92,4
sub-216,sub-216_positive_00009_z72_y96_x148.npy,sub-216_positive_00009_z72_y96_x148.npy,1,72,96,148,4
sub-216,sub-216_positive_00010_z80_y80_x88.npy,sub-216_positive_00010_z80_y80_x88.npy,1,80,80,88,16
sub-216,sub-216_positive_00011_z72_y80_x148.npy,sub-216_positive_00011_z72_y80_x148.npy,1,72,80,148,4
sub-216,sub-216_positive_00012_z64_y96_x132.npy,sub-216_positive_00012_z64_y96_x132.npy,1,64,96,132,1
sub-216,sub-216_positive_00013_z72_y120_x136.npy,sub-216_positive_00013_z72_y120_x136.npy,1,72,120,136,27
sub-216,sub-216_positive_00014_z88_y88_x84.npy,sub-216_positive_00014_z88_y88_x84.npy,1,88,88,84,6
sub-216,sub-216_positive_00015_z72_y88_x92.npy,sub-216_positive_00015_z72_y88_x92.npy,1,72,88,92,2
sub-216,sub-216_positive_00016_z80_y128_x108.npy,sub-216_positive_00016_z80_y128_x108.npy,1,80,128,108,6
sub-216,sub-216_positive_00017_z40_y72_x88.npy,sub-216_positive_00017_z40_y72_x88.npy,1,40,72,88,3
sub-216,sub-216_positive_00018_z80_y64_x140.npy,sub-216_positive_00018_z80_y64_x140.npy,1,80,64,140,13
sub-216,sub-216_positive_00019_z80_y128_x132.npy,sub-216_positive_00019_z80_y128_x132.npy,1,80,128,132,7
sub-216,sub-216_positive_00020_z48_y64_x96.npy,sub-216_positive_00020_z48_y64_x96.npy,1,48,64,96,4
sub-216,sub-216_positive_00021_z80_y120_x112.npy,sub-216_positive_00021_z80_y120_x112.npy,1,80,120,112,27
sub-216,sub-216_positive_00022_z80_y88_x144.npy,sub-216_positive_00022_z80_y88_x144.npy,1,80,88,144,8
sub-216,sub-216_positive_00023_z32_y80_x136.npy,sub-216_positive_00023_z32_y80_x136.npy,1,32,80,136,11
sub-216,sub-216_positive_00024_z48_y64_x88.npy,sub-216_positive_00024_z48_y64_x88.npy,1,48,64,88,9
sub-216,sub-216_positive_00025_z72_y120_x108.npy,sub-216_positive_00025_z72_y120_x108.npy,1,72,120,108,12
sub-216,sub-216_positive_00026_z80_y96_x144.npy,sub-216_positive_00026_z80_y96_x144.npy,1,80,96,144,4
sub-216,sub-216_positive_00027_z48_y72_x92.npy,sub-216_positive_00027_z48_y72_x92.npy,1,48,72,92,13
sub-216,sub-216_positive_00028_z80_y120_x136.npy,sub-216_positive_00028_z80_y120_x136.npy,1,80,120,136,27
sub-216,sub-216_positive_00029_z40_y80_x132.npy,sub-216_positive_00029_z40_y80_x132.npy,1,40,80,132,14
sub-216,sub-216_positive_00030_z56_y112_x108.npy,sub-216_positive_00030_z56_y112_x108.npy,1,56,112,108,1
sub-216,sub-216_positive_00031_z72_y80_x92.npy,sub-216_positive_00031_z72_y80_x92.npy,1,72,80,92,2
sub-216,sub-216_positive_00032_z80_y80_x92.npy,sub-216_positive_00032_z80_y80_x92.npy,1,80,80,92,8
sub-216,sub-216_positive_00033_z64_y112_x144.npy,sub-216_positive_00033_z64_y112_x144.npy,1,64,112,144,6
sub-216,sub-216_positive_00034_z80_y88_x92.npy,sub-216_positive_00034_z80_y88_x92.npy,1,80,88,92,8
sub-216,sub-216_positive_00035_z64_y104_x140.npy,sub-216_positive_00035_z64_y104_x140.npy,1,64,104,140,7
sub-216,sub-216_positive_00036_z80_y120_x120.npy,sub-216_positive_00036_z80_y120_x120.npy,1,80,120,120,40
sub-216,sub-216_positive_00037_z72_y112_x112.npy,sub-216_positive_00037_z72_y112_x112.npy,1,72,112,112,47
sub-216,sub-216_positive_00038_z72_y96_x136.npy,sub-216_positive_00038_z72_y96_x136.npy,1,72,96,136,2
sub-216,sub-216_positive_00039_z80_y112_x116.npy,sub-216_positive_00039_z80_y112_x116.npy,1,80,112,116,47
sub-216,sub-216_positive_00040_z32_y72_x132.npy,sub-216_positive_00040_z32_y72_x132.npy,1,32,72,132,11
sub-216,sub-216_positive_00041_z80_y128_x136.npy,sub-216_positive_00041_z80_y128_x136.npy,1,80,128,136,27
sub-216,sub-216_positive_00042_z72_y96_x144.npy,sub-216_positive_00042_z72_y96_x144.npy,1,72,96,144,4
sub-216,sub-216_positive_00043_z72_y72_x144.npy,sub-216_positive_00043_z72_y72_x144.npy,1,72,72,144,13
sub-216,sub-216_positive_00044_z64_y112_x112.npy,sub-216_positive_00044_z64_y112_x112.npy,1,64,112,112,11
sub-216,sub-216_positive_00045_z72_y96_x132.npy,sub-216_positive_00045_z72_y96_x132.npy,1,72,96,132,1
sub-216,sub-216_positive_00046_z72_y128_x104.npy,sub-216_positive_00046_z72_y128_x104.npy,1,72,128,104,26
sub-216,sub-216_positive_00047_z80_y120_x104.npy,sub-216_positive_00047_z80_y120_x104.npy,1,80,120,104,26
sub-216,sub-216_positive_00048_z72_y104_x140.npy,sub-216_positive_00048_z72_y104_x140.npy,1,72,104,140,13
sub-216,sub-216_positive_00049_z88_y152_x100.npy,sub-216_positive_00049_z88_y152_x100.npy,1,88,152,100,6
sub-216,sub-216_positive_00050_z72_y72_x140.npy,sub-216_positive_00050_z72_y72_x140.npy,1,72,72,140,13
sub-216,sub-216_positive_00051_z104_y112_x88.npy,sub-216_positive_00051_z104_y112_x88.npy,1,104,112,88,7
sub-216,sub-216_positive_00052_z80_y128_x140.npy,sub-216_positive_00052_z80_y128_x140.npy,1,80,128,140,20
sub-216,sub-216_positive_00053_z80_y160_x96.npy,sub-216_positive_00053_z80_y160_x96.npy,1,80,160,96,6
sub-216,sub-216_positive_00054_z64_y120_x156.npy,sub-216_positive_00054_z64_y120_x156.npy,1,64,120,156,4
sub-216,sub-216_positive_00055_z88_y112_x96.npy,sub-216_positive_00055_z88_y112_x96.npy,1,88,112,96,1
sub-216,sub-216_positive_00056_z72_y128_x140.npy,sub-216_positive_00056_z72_y128_x140.npy,1,72,128,140,20
sub-216,sub-216_positive_00057_z64_y112_x152.npy,sub-216_positive_00057_z64_y112_x152.npy,1,64,112,152,2
sub-216,sub-216_positive_00058_z72_y104_x108.npy,sub-216_positive_00058_z72_y104_x108.npy,1,72,104,108,2
sub-216,sub-216_positive_00059_z72_y128_x136.npy,sub-216_positive_00059_z72_y128_x136.npy,1,72,128,136,27
sub-216,sub-216_positive_00060_z64_y104_x116.npy,sub-216_positive_00060_z64_y104_x116.npy,1,64,104,116,8
sub-216,sub-216_positive_00061_z56_y112_x116.npy,sub-216_positive_00061_z56_y112_x116.npy,1,56,112,116,2
sub-216,sub-216_positive_00062_z72_y96_x140.npy,sub-216_positive_00062_z72_y96_x140.npy,1,72,96,140,1
sub-216,sub-216_positive_00063_z88_y88_x88.npy,sub-216_positive_00063_z88_y88_x88.npy,1,88,88,88,12
sub-216,sub-216_positive_00064_z104_y120_x92.npy,sub-216_positive_00064_z104_y120_x92.npy,1,104,120,92,8
sub-216,sub-216_positive_00065_z80_y88_x88.npy,sub-216_positive_00065_z80_y88_x88.npy,1,80,88,88,16
sub-216,sub-216_positive_00066_z72_y128_x120.npy,sub-216_positive_00066_z72_y128_x120.npy,1,72,128,120,26
sub-216,sub-216_positive_00067_z72_y128_x100.npy,sub-216_positive_00067_z72_y128_x100.npy,1,72,128,100,20
sub-216,sub-216_positive_00068_z56_y64_x96.npy,sub-216_positive_00068_z56_y64_x96.npy,1,56,64,96,3
sub-216,sub-216_positive_00069_z40_y48_x144.npy,sub-216_positive_00069_z40_y48_x144.npy,1,40,48,144,26
sub-216,sub-216_positive_00070_z80_y120_x108.npy,sub-216_positive_00070_z80_y120_x108.npy,1,80,120,108,12
sub-216,sub-216_positive_00071_z80_y112_x140.npy,sub-216_positive_00071_z80_y112_x140.npy,1,80,112,140,6
sub-216,sub-216_positive_00072_z24_y72_x140.npy,sub-216_positive_00072_z24_y72_x140.npy,1,24,72,140,5
sub-216,sub-216_positive_00073_z72_y112_x116.npy,sub-216_positive_00073_z72_y112_x116.npy,1,72,112,116,53
sub-216,sub-216_positive_00074_z80_y112_x144.npy,sub-216_positive_00074_z80_y112_x144.npy,1,80,112,144,6
sub-216,sub-216_positive_00075_z72_y88_x144.npy,sub-216_positive_00075_z72_y88_x144.npy,1,72,88,144,8
sub-216,sub-216_positive_00076_z72_y128_x152.npy,sub-216_positive_00076_z72_y128_x152.npy,1,72,128,152,1
sub-216,sub-216_positive_00077_z48_y64_x92.npy,sub-216_positive_00077_z48_y64_x92.npy,1,48,64,92,13
sub-216,sub-216_positive_00078_z80_y128_x100.npy,sub-216_positive_00078_z80_y128_x100.npy,1,80,128,100,20
sub-216,sub-216_positive_00079_z32_y56_x140.npy,sub-216_positive_00079_z32_y56_x140.npy,1,32,56,140,38
sub-216,sub-216_positive_00080_z32_y64_x136.npy,sub-216_positive_00080_z32_y64_x136.npy,1,32,64,136,5
sub-216,sub-216_positive_00081_z80_y72_x144.npy,sub-216_positive_00081_z80_y72_x144.npy,1,80,72,144,13
sub-216,sub-216_positive_00082_z72_y128_x108.npy,sub-216_positive_00082_z72_y128_x108.npy,1,72,128,108,6
sub-216,sub-216_positive_00083_z64_y96_x136.npy,sub-216_positive_00083_z64_y96_x136.npy,1,64,96,136,2
sub-216,sub-216_positive_00084_z96_y120_x88.npy,sub-216_positive_00084_z96_y120_x88.npy,1,96,120,88,11
sub-216,sub-216_positive_00085_z104_y64_x160.npy,sub-216_positive_00085_z104_y64_x160.npy,1,104,64,160,6
sub-216,sub-216_positive_00086_z72_y104_x132.npy,sub-216_positive_00086_z72_y104_x132.npy,1,72,104,132,1
sub-216,sub-216_positive_00087_z72_y112_x160.npy,sub-216_positive_00087_z72_y112_x160.npy,1,72,112,160,1
sub-216,sub-216_positive_00088_z72_y88_x88.npy,sub-216_positive_00088_z72_y88_x88.npy,1,72,88,88,4
sub-216,sub-216_positive_00089_z72_y112_x156.npy,sub-216_positive_00089_z72_y112_x156.npy,1,72,112,156,3
sub-216,sub-216_positive_00090_z64_y120_x160.npy,sub-216_positive_00090_z64_y120_x160.npy,1,64,120,160,2
sub-216,sub-216_positive_00091_z64_y104_x112.npy,sub-216_positive_00091_z64_y104_x112.npy,1,64,104,112,11
sub-216,sub-216_positive_00092_z80_y152_x100.npy,sub-216_positive_00092_z80_y152_x100.npy,1,80,152,100,6
sub-216,sub-216_positive_00093_z40_y64_x96.npy,sub-216_positive_00093_z40_y64_x96.npy,1,40,64,96,1
sub-216,sub-216_positive_00094_z88_y120_x92.npy,sub-216_positive_00094_z88_y120_x92.npy,1,88,120,92,5
sub-216,sub-216_positive_00095_z64_y104_x156.npy,sub-216_positive_00095_z64_y104_x156.npy,1,64,104,156,1
sub-216,sub-216_positive_00096_z32_y56_x144.npy,sub-216_positive_00096_z32_y56_x144.npy,1,32,56,144,38
sub-216,sub-216_positive_00097_z72_y112_x144.npy,sub-216_positive_00097_z72_y112_x144.npy,1,72,112,144,12
sub-216,sub-216_positive_00098_z64_y104_x144.npy,sub-216_positive_00098_z64_y104_x144.npy,1,64,104,144,6
sub-216,sub-216_positive_00099_z80_y120_x132.npy,sub-216_positive_00099_z80_y120_x132.npy,1,80,120,132,7
sub-216,sub-216_negative_00100_z56_y200_x52.npy,sub-216_negative_00100_z56_y200_x52.npy,0,56,200,52,0
sub-216,sub-216_negative_00101_z128_y216_x168.npy,sub-216_negative_00101_z128_y216_x168.npy,0,128,216,168,0
sub-216,sub-216_negative_00102_z96_y16_x88.npy,sub-216_negative_00102_z96_y16_x88.npy,0,96,16,88,0
sub-216,sub-216_negative_00103_z64_y80_x208.npy,sub-216_negative_00103_z64_y80_x208.npy,0,64,80,208,0
sub-216,sub-216_negative_00104_z64_y8_x240.npy,sub-216_negative_00104_z64_y8_x240.npy,0,64,8,240,0
sub-216,sub-216_negative_00105_z112_y0_x120.npy,sub-216_negative_00105_z112_y0_x120.npy,0,112,0,120,0
sub-216,sub-216_negative_00106_z16_y176_x156.npy,sub-216_negative_00106_z16_y176_x156.npy,0,16,176,156,0
sub-216,sub-216_negative_00107_z40_y200_x24.npy,sub-216_negative_00107_z40_y200_x24.npy,0,40,200,24,0
sub-216,sub-216_negative_00108_z16_y224_x108.npy,sub-216_negative_00108_z16_y224_x108.npy,0,16,224,108,0
sub-216,sub-216_negative_00109_z96_y216_x76.npy,sub-216_negative_00109_z96_y216_x76.npy,0,96,216,76,0
sub-216,sub-216_negative_00110_z24_y56_x180.npy,sub-216_negative_00110_z24_y56_x180.npy,0,24,56,180,0
sub-216,sub-216_negative_00111_z64_y216_x228.npy,sub-216_negative_00111_z64_y216_x228.npy,0,64,216,228,0
sub-216,sub-216_negative_00112_z56_y176_x112.npy,sub-216_negative_00112_z56_y176_x112.npy,0,56,176,112,0
sub-216,sub-216_negative_00113_z112_y184_x236.npy,sub-216_negative_00113_z112_y184_x236.npy,0,112,184,236,0
sub-216,sub-216_negative_00114_z48_y152_x48.npy,sub-216_negative_00114_z48_y152_x48.npy,0,48,152,48,0
sub-216,sub-216_negative_00115_z96_y128_x112.npy,sub-216_negative_00115_z96_y128_x112.npy,0,96,128,112,0
sub-216,sub-216_negative_00116_z112_y232_x216.npy,sub-216_negative_00116_z112_y232_x216.npy,0,112,232,216,0
sub-216,sub-216_negative_00117_z24_y136_x212.npy,sub-216_negative_00117_z24_y136_x212.npy,0,24,136,212,0
sub-216,sub-216_negative_00118_z120_y224_x224.npy,sub-216_negative_00118_z120_y224_x224.npy,0,120,224,224,0
sub-216,sub-216_negative_00119_z136_y96_x0.npy,sub-216_negative_00119_z136_y96_x0.npy,0,136,96,0,0
sub-216,sub-216_negative_00120_z32_y8_x180.npy,sub-216_negative_00120_z32_y8_x180.npy,0,32,8,180,0
sub-216,sub-216_negative_00121_z128_y136_x208.npy,sub-216_negative_00121_z128_y136_x208.npy,0,128,136,208,0
sub-216,sub-216_negative_00122_z128_y8_x220.npy,sub-216_negative_00122_z128_y8_x220.npy,0,128,8,220,0
sub-216,sub-216_negative_00123_z16_y64_x128.npy,sub-216_negative_00123_z16_y64_x128.npy,0,16,64,128,0
sub-216,sub-216_negative_00124_z16_y208_x32.npy,sub-216_negative_00124_z16_y208_x32.npy,0,16,208,32,0
sub-216,sub-216_negative_00125_z120_y16_x228.npy,sub-216_negative_00125_z120_y16_x228.npy,0,120,16,228,0
sub-216,sub-216_negative_00126_z112_y80_x8.npy,sub-216_negative_00126_z112_y80_x8.npy,0,112,80,8,0
sub-216,sub-216_negative_00127_z24_y88_x160.npy,sub-216_negative_00127_z24_y88_x160.npy,0,24,88,160,0
sub-216,sub-216_negative_00128_z104_y160_x148.npy,sub-216_negative_00128_z104_y160_x148.npy,0,104,160,148,0
sub-216,sub-216_negative_00129_z16_y112_x232.npy,sub-216_negative_00129_z16_y112_x232.npy,0,16,112,232,0
sub-216,sub-216_negative_00130_z32_y64_x168.npy,sub-216_negative_00130_z32_y64_x168.npy,0,32,64,168,0
sub-216,sub-216_negative_00131_z72_y232_x36.npy,sub-216_negative_00131_z72_y232_x36.npy,0,72,232,36,0
sub-216,sub-216_negative_00132_z96_y144_x224.npy,sub-216_negative_00132_z96_y144_x224.npy,0,96,144,224,0
sub-216,sub-216_negative_00133_z72_y104_x56.npy,sub-216_negative_00133_z72_y104_x56.npy,0,72,104,56,0
sub-216,sub-216_negative_00134_z72_y192_x48.npy,sub-216_negative_00134_z72_y192_x48.npy,0,72,192,48,0
sub-216,sub-216_negative_00135_z40_y32_x224.npy,sub-216_negative_00135_z40_y32_x224.npy,0,40,32,224,0
sub-216,sub-216_negative_00136_z128_y64_x204.npy,sub-216_negative_00136_z128_y64_x204.npy,0,128,64,204,0
sub-216,sub-216_negative_00137_z112_y32_x40.npy,sub-216_negative_00137_z112_y32_x40.npy,0,112,32,40,0
sub-216,sub-216_negative_00138_z88_y136_x200.npy,sub-216_negative_00138_z88_y136_x200.npy,0,88,136,200,0
sub-216,sub-216_negative_00139_z104_y200_x84.npy,sub-216_negative_00139_z104_y200_x84.npy,0,104,200,84,0
sub-216,sub-216_negative_00140_z8_y152_x76.npy,sub-216_negative_00140_z8_y152_x76.npy,0,8,152,76,0
sub-216,sub-216_negative_00141_z120_y32_x240.npy,sub-216_negative_00141_z120_y32_x240.npy,0,120,32,240,0
sub-216,sub-216_negative_00142_z72_y200_x16.npy,sub-216_negative_00142_z72_y200_x16.npy,0,72,200,16,0
sub-216,sub-216_negative_00143_z48_y224_x116.npy,sub-216_negative_00143_z48_y224_x116.npy,0,48,224,116,0
sub-216,sub-216_negative_00144_z56_y224_x48.npy,sub-216_negative_00144_z56_y224_x48.npy,0,56,224,48,0
sub-216,sub-216_negative_00145_z64_y128_x52.npy,sub-216_negative_00145_z64_y128_x52.npy,0,64,128,52,0
sub-216,sub-216_negative_00146_z88_y80_x176.npy,sub-216_negative_00146_z88_y80_x176.npy,0,88,80,176,0
sub-216,sub-216_negative_00147_z8_y48_x88.npy,sub-216_negative_00147_z8_y48_x88.npy,0,8,48,88,0
sub-216,sub-216_negative_00148_z104_y160_x196.npy,sub-216_negative_00148_z104_y160_x196.npy,0,104,160,196,0
sub-216,sub-216_negative_00149_z136_y232_x152.npy,sub-216_negative_00149_z136_y232_x152.npy,0,136,232,152,0
sub-216,sub-216_negative_00150_z88_y184_x88.npy,sub-216_negative_00150_z88_y184_x88.npy,0,88,184,88,0
sub-216,sub-216_negative_00151_z128_y40_x64.npy,sub-216_negative_00151_z128_y40_x64.npy,0,128,40,64,0
sub-216,sub-216_negative_00152_z96_y72_x64.npy,sub-216_negative_00152_z96_y72_x64.npy,0,96,72,64,0
sub-216,sub-216_negative_00153_z48_y136_x28.npy,sub-216_negative_00153_z48_y136_x28.npy,0,48,136,28,0
sub-216,sub-216_negative_00154_z56_y232_x132.npy,sub-216_negative_00154_z56_y232_x132.npy,0,56,232,132,0
sub-216,sub-216_negative_00155_z64_y64_x240.npy,sub-216_negative_00155_z64_y64_x240.npy,0,64,64,240,0
sub-216,sub-216_negative_00156_z128_y152_x136.npy,sub-216_negative_00156_z128_y152_x136.npy,0,128,152,136,0
sub-216,sub-216_negative_00157_z72_y40_x216.npy,sub-216_negative_00157_z72_y40_x216.npy,0,72,40,216,0
sub-216,sub-216_negative_00158_z104_y56_x12.npy,sub-216_negative_00158_z104_y56_x12.npy,0,104,56,12,0
sub-216,sub-216_negative_00159_z104_y88_x184.npy,sub-216_negative_00159_z104_y88_x184.npy,0,104,88,184,0
sub-216,sub-216_negative_00160_z56_y48_x12.npy,sub-216_negative_00160_z56_y48_x12.npy,0,56,48,12,0
sub-216,sub-216_negative_00161_z48_y152_x24.npy,sub-216_negative_00161_z48_y152_x24.npy,0,48,152,24,0
sub-216,sub-216_negative_00162_z104_y216_x124.npy,sub-216_negative_00162_z104_y216_x124.npy,0,104,216,124,0
sub-216,sub-216_negative_00163_z8_y80_x220.npy,sub-216_negative_00163_z8_y80_x220.npy,0,8,80,220,0
sub-216,sub-216_negative_00164_z88_y112_x176.npy,sub-216_negative_00164_z88_y112_x176.npy,0,88,112,176,0
sub-216,sub-216_negative_00165_z96_y72_x96.npy,sub-216_negative_00165_z96_y72_x96.npy,0,96,72,96,0
sub-216,sub-216_negative_00166_z112_y208_x172.npy,sub-216_negative_00166_z112_y208_x172.npy,0,112,208,172,0
sub-216,sub-216_negative_00167_z8_y120_x232.npy,sub-216_negative_00167_z8_y120_x232.npy,0,8,120,232,0
sub-216,sub-216_negative_00168_z32_y224_x112.npy,sub-216_negative_00168_z32_y224_x112.npy,0,32,224,112,0
sub-216,sub-216_negative_00169_z8_y176_x28.npy,sub-216_negative_00169_z8_y176_x28.npy,0,8,176,28,0
sub-216,sub-216_negative_00170_z136_y104_x100.npy,sub-216_negative_00170_z136_y104_x100.npy,0,136,104,100,0
sub-216,sub-216_negative_00171_z104_y152_x128.npy,sub-216_negative_00171_z104_y152_x128.npy,0,104,152,128,0
sub-216,sub-216_negative_00172_z0_y184_x112.npy,sub-216_negative_00172_z0_y184_x112.npy,0,0,184,112,0
sub-216,sub-216_negative_00173_z120_y96_x204.npy,sub-216_negative_00173_z120_y96_x204.npy,0,120,96,204,0
sub-216,sub-216_negative_00174_z96_y144_x136.npy,sub-216_negative_00174_z96_y144_x136.npy,0,96,144,136,0
sub-216,sub-216_negative_00175_z56_y192_x60.npy,sub-216_negative_00175_z56_y192_x60.npy,0,56,192,60,0
sub-216,sub-216_negative_00176_z120_y104_x24.npy,sub-216_negative_00176_z120_y104_x24.npy,0,120,104,24,0
sub-216,sub-216_negative_00177_z24_y112_x88.npy,sub-216_negative_00177_z24_y112_x88.npy,0,24,112,88,0
sub-216,sub-216_negative_00178_z48_y120_x144.npy,sub-216_negative_00178_z48_y120_x144.npy,0,48,120,144,0
sub-216,sub-216_negative_00179_z8_y32_x36.npy,sub-216_negative_00179_z8_y32_x36.npy,0,8,32,36,0
sub-216,sub-216_negative_00180_z8_y160_x88.npy,sub-216_negative_00180_z8_y160_x88.npy,0,8,160,88,0
sub-216,sub-216_negative_00181_z64_y232_x4.npy,sub-216_negative_00181_z64_y232_x4.npy,0,64,232,4,0
sub-216,sub-216_negative_00182_z136_y120_x124.npy,sub-216_negative_00182_z136_y120_x124.npy,0,136,120,124,0
sub-216,sub-216_negative_00183_z56_y200_x144.npy,sub-216_negative_00183_z56_y200_x144.npy,0,56,200,144,0
sub-216,sub-216_negative_00184_z40_y144_x0.npy,sub-216_negative_00184_z40_y144_x0.npy,0,40,144,0,0
sub-216,sub-216_negative_00185_z112_y120_x44.npy,sub-216_negative_00185_z112_y120_x44.npy,0,112,120,44,0
sub-216,sub-216_negative_00186_z88_y88_x68.npy,sub-216_negative_00186_z88_y88_x68.npy,0,88,88,68,0
sub-216,sub-216_negative_00187_z96_y48_x88.npy,sub-216_negative_00187_z96_y48_x88.npy,0,96,48,88,0
sub-216,sub-216_negative_00188_z64_y96_x120.npy,sub-216_negative_00188_z64_y96_x120.npy,0,64,96,120,0
sub-216,sub-216_negative_00189_z112_y8_x216.npy,sub-216_negative_00189_z112_y8_x216.npy,0,112,8,216,0
sub-216,sub-216_negative_00190_z56_y80_x224.npy,sub-216_negative_00190_z56_y80_x224.npy,0,56,80,224,0
sub-216,sub-216_negative_00191_z48_y80_x116.npy,sub-216_negative_00191_z48_y80_x116.npy,0,48,80,116,0
sub-216,sub-216_negative_00192_z104_y96_x132.npy,sub-216_negative_00192_z104_y96_x132.npy,0,104,96,132,0
sub-216,sub-216_negative_00193_z16_y72_x152.npy,sub-216_negative_00193_z16_y72_x152.npy,0,16,72,152,0
sub-216,sub-216_negative_00194_z96_y88_x72.npy,sub-216_negative_00194_z96_y88_x72.npy,0,96,88,72,0
sub-216,sub-216_negative_00195_z40_y216_x124.npy,sub-216_negative_00195_z40_y216_x124.npy,0,40,216,124,0
sub-216,sub-216_negative_00196_z8_y136_x176.npy,sub-216_negative_00196_z8_y136_x176.npy,0,8,136,176,0
sub-216,sub-216_negative_00197_z80_y32_x212.npy,sub-216_negative_00197_z80_y32_x212.npy,0,80,32,212,0
sub-216,sub-216_negative_00198_z64_y8_x208.npy,sub-216_negative_00198_z64_y8_x208.npy,0,64,8,208,0
sub-216,sub-216_negative_00199_z120_y0_x8.npy,sub-216_negative_00199_z120_y0_x8.npy,0,120,0,8,0
sub-224,sub-224_negative_00000_z56_y200_x224.npy,sub-224_negative_00000_z56_y200_x224.npy,0,56,200,224,0
sub-224,sub-224_negative_00001_z128_y216_x112.npy,sub-224_negative_00001_z128_y216_x112.npy,0,128,216,112,0
sub-224,sub-224_negative_00002_z96_y8_x116.npy,sub-224_negative_00002_z96_y8_x116.npy,0,96,8,116,0
sub-224,sub-224_negative_00003_z64_y88_x164.npy,sub-224_negative_00003_z64_y88_x164.npy,0,64,88,164,0
sub-224,sub-224_negative_00004_z64_y16_x180.npy,sub-224_negative_00004_z64_y16_x180.npy,0,64,16,180,0
sub-224,sub-224_negative_00005_z104_y232_x168.npy,sub-224_negative_00005_z104_y232_x168.npy,0,104,232,168,0
sub-224,sub-224_negative_00006_z16_y184_x48.npy,sub-224_negative_00006_z16_y184_x48.npy,0,16,184,48,0
sub-224,sub-224_negative_00007_z40_y200_x184.npy,sub-224_negative_00007_z40_y200_x184.npy,0,40,200,184,0
sub-224,sub-224_negative_00008_z16_y232_x12.npy,sub-224_negative_00008_z16_y232_x12.npy,0,16,232,12,0
sub-224,sub-224_negative_00009_z96_y208_x104.npy,sub-224_negative_00009_z96_y208_x104.npy,0,96,208,104,0
sub-224,sub-224_negative_00010_z24_y64_x84.npy,sub-224_negative_00010_z24_y64_x84.npy,0,24,64,84,0
sub-224,sub-224_negative_00011_z64_y224_x104.npy,sub-224_negative_00011_z64_y224_x104.npy,0,64,224,104,0
sub-224,sub-224_negative_00012_z56_y184_x36.npy,sub-224_negative_00012_z56_y184_x36.npy,0,56,184,36,0
sub-224,sub-224_negative_00013_z112_y184_x76.npy,sub-224_negative_00013_z112_y184_x76.npy,0,112,184,76,0
sub-224,sub-224_negative_00014_z48_y152_x208.npy,sub-224_negative_00014_z48_y152_x208.npy,0,48,152,208,0
sub-224,sub-224_negative_00015_z96_y120_x128.npy,sub-224_negative_00015_z96_y120_x128.npy,0,96,120,128,0
sub-224,sub-224_negative_00016_z112_y232_x68.npy,sub-224_negative_00016_z112_y232_x68.npy,0,112,232,68,0
sub-224,sub-224_negative_00017_z24_y144_x120.npy,sub-224_negative_00017_z24_y144_x120.npy,0,24,144,120,0
sub-224,sub-224_negative_00018_z120_y224_x124.npy,sub-224_negative_00018_z120_y224_x124.npy,0,120,224,124,0
sub-224,sub-224_negative_00019_z136_y88_x212.npy,sub-224_negative_00019_z136_y88_x212.npy,0,136,88,212,0
sub-224,sub-224_negative_00020_z32_y16_x108.npy,sub-224_negative_00020_z32_y16_x108.npy,0,32,16,108,0
sub-224,sub-224_negative_00021_z128_y136_x140.npy,sub-224_negative_00021_z128_y136_x140.npy,0,128,136,140,0
sub-224,sub-224_negative_00022_z128_y8_x124.npy,sub-224_negative_00022_z128_y8_x124.npy,0,128,8,124,0
sub-224,sub-224_negative_00023_z16_y72_x0.npy,sub-224_negative_00023_z16_y72_x0.npy,0,16,72,0,0
sub-224,sub-224_negative_00024_z16_y208_x176.npy,sub-224_negative_00024_z16_y208_x176.npy,0,16,208,176,0
sub-224,sub-224_negative_00025_z120_y16_x84.npy,sub-224_negative_00025_z120_y16_x84.npy,0,120,16,84,0
sub-224,sub-224_negative_00026_z112_y72_x68.npy,sub-224_negative_00026_z112_y72_x68.npy,0,112,72,68,0
sub-224,sub-224_negative_00027_z24_y96_x52.npy,sub-224_negative_00027_z24_y96_x52.npy,0,24,96,52,0
sub-224,sub-224_negative_00028_z104_y152_x176.npy,sub-224_negative_00028_z104_y152_x176.npy,0,104,152,176,0
sub-224,sub-224_negative_00029_z16_y120_x112.npy,sub-224_negative_00029_z16_y120_x112.npy,0,16,120,112,0
sub-224,sub-224_negative_00030_z32_y72_x84.npy,sub-224_negative_00030_z32_y72_x84.npy,0,32,72,84,0
sub-224,sub-224_negative_00031_z72_y224_x212.npy,sub-224_negative_00031_z72_y224_x212.npy,0,72,224,212,0
sub-224,sub-224_negative_00032_z96_y136_x236.npy,sub-224_negative_00032_z96_y136_x236.npy,0,96,136,236,0
sub-224,sub-224_negative_00033_z72_y104_x128.npy,sub-224_negative_00033_z72_y104_x128.npy,0,72,104,128,0
sub-224,sub-224_negative_00034_z72_y184_x216.npy,sub-224_negative_00034_z72_y184_x216.npy,0,72,184,216,0
sub-224,sub-224_negative_00035_z40_y40_x164.npy,sub-224_negative_00035_z40_y40_x164.npy,0,40,40,164,0
sub-224,sub-224_negative_00036_z128_y64_x120.npy,sub-224_negative_00036_z128_y64_x120.npy,0,128,64,120,0
sub-224,sub-224_negative_00037_z112_y24_x92.npy,sub-224_negative_00037_z112_y24_x92.npy,0,112,24,92,0
sub-224,sub-224_negative_00038_z88_y128_x220.npy,sub-224_negative_00038_z88_y128_x220.npy,0,88,128,220,0
sub-224,sub-224_negative_00039_z104_y192_x120.npy,sub-224_negative_00039_z104_y192_x120.npy,0,104,192,120,0
sub-224,sub-224_negative_00040_z8_y152_x156.npy,sub-224_negative_00040_z8_y152_x156.npy,0,8,152,156,0
sub-224,sub-224_negative_00041_z120_y32_x100.npy,sub-224_negative_00041_z120_y32_x100.npy,0,120,32,100,0
sub-224,sub-224_negative_00042_z72_y192_x184.npy,sub-224_negative_00042_z72_y192_x184.npy,0,72,192,184,0
sub-224,sub-224_negative_00043_z48_y232_x48.npy,sub-224_negative_00043_z48_y232_x48.npy,0,48,232,48,0
sub-224,sub-224_negative_00044_z56_y224_x228.npy,sub-224_negative_00044_z56_y224_x228.npy,0,56,224,228,0
sub-224,sub-224_negative_00045_z64_y128_x168.npy,sub-224_negative_00045_z64_y128_x168.npy,0,64,128,168,0
sub-224,sub-224_negative_00046_z88_y72_x220.npy,sub-224_negative_00046_z88_y72_x220.npy,0,88,72,220,0
sub-224,sub-224_negative_00047_z8_y48_x148.npy,sub-224_negative_00047_z8_y48_x148.npy,0,8,48,148,0
sub-224,sub-224_negative_00048_z104_y152_x228.npy,sub-224_negative_00048_z104_y152_x228.npy,0,104,152,228,0
sub-224,sub-224_negative_00049_z136_y232_x152.npy,sub-224_negative_00049_z136_y232_x152.npy,0,136,232,152,0
sub-224,sub-224_negative_00050_z88_y176_x104.npy,sub-224_negative_00050_z88_y176_x104.npy,0,88,176,104,0
sub-224,sub-224_negative_00051_z128_y32_x216.npy,sub-224_negative_00051_z128_y32_x216.npy,0,128,32,216,0
sub-224,sub-224_negative_00052_z96_y64_x96.npy,sub-224_negative_00052_z96_y64_x96.npy,0,96,64,96,0
sub-224,sub-224_negative_00053_z48_y136_x184.npy,sub-224_negative_00053_z48_y136_x184.npy,0,48,136,184,0
sub-224,sub-224_negative_00054_z64_y0_x68.npy,sub-224_negative_00054_z64_y0_x68.npy,0,64,0,68,0
sub-224,sub-224_negative_00055_z64_y72_x188.npy,sub-224_negative_00055_z64_y72_x188.npy,0,64,72,188,0
sub-224,sub-224_negative_00056_z128_y152_x72.npy,sub-224_negative_00056_z128_y152_x72.npy,0,128,152,72,0
sub-224,sub-224_negative_00057_z72_y48_x108.npy,sub-224_negative_00057_z72_y48_x108.npy,0,72,48,108,0
sub-224,sub-224_negative_00058_z104_y48_x60.npy,sub-224_negative_00058_z104_y48_x60.npy,0,104,48,60,0
sub-224,sub-224_negative_00059_z104_y80_x224.npy,sub-224_negative_00059_z104_y80_x224.npy,0,104,80,224,0
sub-224,sub-224_negative_00060_z56_y48_x200.npy,sub-224_negative_00060_z56_y48_x200.npy,0,56,48,200,0
sub-224,sub-224_negative_00061_z48_y152_x184.npy,sub-224_negative_00061_z48_y152_x184.npy,0,48,152,184,0
sub-224,sub-224_negative_00062_z104_y208_x168.npy,sub-224_negative_00062_z104_y208_x168.npy,0,104,208,168,0
sub-224,sub-224_negative_00063_z8_y88_x44.npy,sub-224_negative_00063_z8_y88_x44.npy,0,8,88,44,0
sub-224,sub-224_negative_00064_z88_y104_x204.npy,sub-224_negative_00064_z88_y104_x204.npy,0,88,104,204,0
sub-224,sub-224_negative_00065_z96_y64_x128.npy,sub-224_negative_00065_z96_y64_x128.npy,0,96,64,128,0
sub-224,sub-224_negative_00066_z112_y208_x16.npy,sub-224_negative_00066_z112_y208_x16.npy,0,112,208,16,0
sub-224,sub-224_negative_00067_z8_y128_x68.npy,sub-224_negative_00067_z8_y128_x68.npy,0,8,128,68,0
sub-224,sub-224_negative_00068_z32_y232_x40.npy,sub-224_negative_00068_z32_y232_x40.npy,0,32,232,40,0
sub-224,sub-224_negative_00069_z8_y176_x116.npy,sub-224_negative_00069_z8_y176_x116.npy,0,8,176,116,0
sub-224,sub-224_negative_00070_z136_y104_x76.npy,sub-224_negative_00070_z136_y104_x76.npy,0,136,104,76,0
sub-224,sub-224_negative_00071_z104_y144_x156.npy,sub-224_negative_00071_z104_y144_x156.npy,0,104,144,156,0
sub-224,sub-224_negative_00072_z0_y184_x148.npy,sub-224_negative_00072_z0_y184_x148.npy,0,0,184,148,0
sub-224,sub-224_negative_00073_z120_y96_x76.npy,sub-224_negative_00073_z120_y96_x76.npy,0,120,96,76,0
sub-224,sub-224_negative_00074_z96_y136_x152.npy,sub-224_negative_00074_z96_y136_x152.npy,0,96,136,152,0
sub-224,sub-224_negative_00075_z56_y192_x232.npy,sub-224_negative_00075_z56_y192_x232.npy,0,56,192,232,0
sub-224,sub-224_negative_00076_z120_y96_x144.npy,sub-224_negative_00076_z120_y96_x144.npy,0,120,96,144,0
sub-224,sub-224_negative_00077_z24_y112_x232.npy,sub-224_negative_00077_z24_y112_x232.npy,0,24,112,232,0
sub-224,sub-224_negative_00078_z48_y128_x52.npy,sub-224_negative_00078_z48_y128_x52.npy,0,48,128,52,0
sub-224,sub-224_negative_00079_z8_y32_x96.npy,sub-224_negative_00079_z8_y32_x96.npy,0,8,32,96,0
sub-224,sub-224_negative_00080_z8_y160_x172.npy,sub-224_negative_00080_z8_y160_x172.npy,0,8,160,172,0
sub-224,sub-224_negative_00081_z64_y232_x132.npy,sub-224_negative_00081_z64_y232_x132.npy,0,64,232,132,0
sub-224,sub-224_negative_00082_z136_y120_x104.npy,sub-224_negative_00082_z136_y120_x104.npy,0,136,120,104,0
sub-224,sub-224_negative_00083_z56_y208_x72.npy,sub-224_negative_00083_z56_y208_x72.npy,0,56,208,72,0
sub-224,sub-224_negative_00084_z40_y144_x148.npy,sub-224_negative_00084_z40_y144_x148.npy,0,40,144,148,0
sub-224,sub-224_negative_00085_z112_y112_x112.npy,sub-224_negative_00085_z112_y112_x112.npy,0,112,112,112,0
sub-224,sub-224_negative_00086_z88_y80_x116.npy,sub-224_negative_00086_z88_y80_x116.npy,0,88,80,116,0
sub-224,sub-224_negative_00087_z96_y40_x124.npy,sub-224_negative_00087_z96_y40_x124.npy,0,96,40,124,0
sub-224,sub-224_negative_00088_z64_y104_x80.npy,sub-224_negative_00088_z64_y104_x80.npy,0,64,104,80,0
sub-224,sub-224_negative_00089_z112_y8_x20.npy,sub-224_negative_00089_z112_y8_x20.npy,0,112,8,20,0
sub-224,sub-224_negative_00090_z56_y88_x152.npy,sub-224_negative_00090_z56_y88_x152.npy,0,56,88,152,0
sub-224,sub-224_negative_00091_z48_y88_x28.npy,sub-224_negative_00091_z48_y88_x28.npy,0,48,88,28,0
sub-224,sub-224_negative_00092_z104_y88_x172.npy,sub-224_negative_00092_z104_y88_x172.npy,0,104,88,172,0
sub-224,sub-224_negative_00093_z16_y80_x24.npy,sub-224_negative_00093_z16_y80_x24.npy,0,16,80,24,0
sub-224,sub-224_negative_00094_z96_y80_x100.npy,sub-224_negative_00094_z96_y80_x100.npy,0,96,80,100,0
sub-224,sub-224_negative_00095_z40_y224_x44.npy,sub-224_negative_00095_z40_y224_x44.npy,0,40,224,44,0
sub-224,sub-224_negative_00096_z8_y144_x12.npy,sub-224_negative_00096_z8_y144_x12.npy,0,8,144,12,0
sub-224,sub-224_negative_00097_z80_y32_x152.npy,sub-224_negative_00097_z80_y32_x152.npy,0,80,32,152,0
sub-224,sub-224_negative_00098_z64_y16_x148.npy,sub-224_negative_00098_z64_y16_x148.npy,0,64,16,148,0
sub-224,sub-224_negative_00099_z112_y232_x104.npy,sub-224_negative_00099_z112_y232_x104.npy,0,112,232,104,0
